contrast,A,variable,level,kind,n,sum,sum_sq,denominator,mean,sd,pct,display
primary,0,age,"",continuous,500016,13616850,385983344,500016,27.2328285494864,5.50591460876224,,27.2 (5.5)
primary,0,year_factor,2016,categorical,89113,0,0,500016,,,17.8220296950498,"89,113 (17.8%)"
primary,0,year_factor,2017,categorical,81473,0,0,500016,,,16.2940785894851,"81,473 (16.3%)"
primary,0,year_factor,2018,categorical,73928,0,0,500016,,,14.78512687594,"73,928 (14.8%)"
primary,0,year_factor,2019,categorical,66105,0,0,500016,,,13.2205769415379,"66,105 (13.2%)"
primary,0,year_factor,2020,categorical,56456,0,0,500016,,,11.2908386931618,"56,456 (11.3%)"
primary,0,year_factor,2021,categorical,47296,0,0,500016,,,9.45889731528591,"47,296 (9.5%)"
primary,0,year_factor,2022,categorical,35374,0,0,500016,,,7.07457361364436,"35,374 (7.1%)"
primary,0,year_factor,2023,categorical,28010,0,0,500016,,,5.60182074173626,"28,010 (5.6%)"
primary,0,year_factor,2024,categorical,22261,0,0,500016,,,4.45205753415891,"22,261 (4.5%)"
primary,0,race_ethnicity,Non-Hispanic White,categorical,345409,0,0,500016,,,69.0795894531375,"345,409 (69.1%)"
primary,0,race_ethnicity,Non-Hispanic Black,categorical,59108,0,0,500016,,,11.8212217209049,"59,108 (11.8%)"
primary,0,race_ethnicity,Non-Hispanic AIAN,categorical,8627,0,0,500016,,,1.72534478896675,"8,627 (1.7%)"
primary,0,race_ethnicity,Non-Hispanic Asian,categorical,6165,0,0,500016,,,1.23296054526255,"6,165 (1.2%)"
primary,0,race_ethnicity,Non-Hispanic NHOPI,categorical,1030,0,0,500016,,,0.205993408210937,"1,030 (0.2%)"
primary,0,race_ethnicity,Non-Hispanic multiple race,categorical,20442,0,0,500016,,,4.08826917538639,"20,442 (4.1%)"
primary,0,race_ethnicity,Hispanic,categorical,59235,0,0,500016,,,11.8466209081309,"59,235 (11.8%)"
primary,0,prepreg_diabetes,No,categorical,495139,0,0,500016,,,99.0246312118012,"495,139 (99.0%)"
primary,0,prepreg_diabetes,Yes,categorical,4877,0,0,500016,,,0.975368788198778,"4,877 (1.0%)"
primary,0,prior_living4,0,categorical,230688,0,0,500016,,,46.1361236440434,"230,688 (46.1%)"
primary,0,prior_living4,1,categorical,143934,0,0,500016,,,28.7858788518767,"143,934 (28.8%)"
primary,0,prior_living4,2,categorical,76080,0,0,500016,,,15.2155131035807,"76,080 (15.2%)"
primary,0,prior_living4,3 or more,categorical,49314,0,0,500016,,,9.86248440049918,"49,314 (9.9%)"
primary,0,bmi,"",continuous,500016,14029318.6000007,420090852.539996,500016,28.057739352342,7.27448887515652,,28.1 (7.3)
primary,0,education4,Less than high school,categorical,67010,0,0,500016,,,13.4015711497232,"67,010 (13.4%)"
primary,0,education4,High school or GED,categorical,190897,0,0,500016,,,38.1781782982945,"190,897 (38.2%)"
primary,0,education4,Some college or associate,categorical,188039,0,0,500016,,,37.6065965889092,"188,039 (37.6%)"
primary,0,education4,Bachelor or higher,categorical,54070,0,0,500016,,,10.8136539630732,"54,070 (10.8%)"
primary,0,prior_preterm,No,categorical,479544,0,0,500016,,,95.9057310166075,"479,544 (95.9%)"
primary,0,prior_preterm,Yes,categorical,20472,0,0,500016,,,4.09426898339253,"20,472 (4.1%)"
primary,0,prior_cesarean,No,categorical,429899,0,0,500016,,,85.9770487344405,"429,899 (86.0%)"
primary,0,prior_cesarean,Yes,categorical,70117,0,0,500016,,,14.0229512655595,"70,117 (14.0%)"
primary,0,nativity,Born in 50 US states,categorical,472959,0,0,500016,,,94.5887731592589,"472,959 (94.6%)"
primary,0,nativity,Born elsewhere including territories,categorical,27057,0,0,500016,,,5.4112268407411,"27,057 (5.4%)"
primary,0,prepreg_dose5,1-5,categorical,215898,0,0,500016,,,43.1782182970145,"215,898 (43.2%)"
primary,0,prepreg_dose5,6-10,categorical,156064,0,0,500016,,,31.2118012223609,"156,064 (31.2%)"
primary,0,prepreg_dose5,11-20,categorical,110411,0,0,500016,,,22.0814933922115,"110,411 (22.1%)"
primary,0,prepreg_dose5,21-40,categorical,11930,0,0,500016,,,2.38592365044319,"11,930 (2.4%)"
primary,0,prepreg_dose5,41 or more,categorical,5713,0,0,500016,,,1.14256343796999,"5,713 (1.1%)"
primary,1,age,"",continuous,1480543,41001249,1180079567,1480543,27.6933861427868,5.48953629532076,,27.7 (5.5)
primary,1,year_factor,2016,categorical,248236,0,0,1480543,,,16.7665511910157,"248,236 (16.8%)"
primary,1,year_factor,2017,categorical,231675,0,0,1480543,,,15.6479751010271,"231,675 (15.6%)"
primary,1,year_factor,2018,categorical,214684,0,0,1480543,,,14.5003556127718,"214,684 (14.5%)"
primary,1,year_factor,2019,categorical,193555,0,0,1480543,,,13.0732440732893,"193,555 (13.1%)"
primary,1,year_factor,2020,categorical,172720,0,0,1480543,,,11.6659901130869,"172,720 (11.7%)"
primary,1,year_factor,2021,categorical,144402,0,0,1480543,,,9.75331348025691,"144,402 (9.8%)"
primary,1,year_factor,2022,categorical,113552,0,0,1480543,,,7.66961851158663,"113,552 (7.7%)"
primary,1,year_factor,2023,categorical,90221,0,0,1480543,,,6.0937777558639,"90,221 (6.1%)"
primary,1,year_factor,2024,categorical,71498,0,0,1480543,,,4.8291741611017,"71,498 (4.8%)"
primary,1,race_ethnicity,Non-Hispanic White,categorical,1136646,0,0,1480543,,,76.7722382936531,"1,136,646 (76.8%)"
primary,1,race_ethnicity,Non-Hispanic Black,categorical,161637,0,0,1480543,,,10.9174134084589,"161,637 (10.9%)"
primary,1,race_ethnicity,Non-Hispanic AIAN,categorical,27370,0,0,1480543,,,1.84864607106987,"27,370 (1.8%)"
primary,1,race_ethnicity,Non-Hispanic Asian,categorical,6477,0,0,1480543,,,0.437474629240758,"6,477 (0.4%)"
primary,1,race_ethnicity,Non-Hispanic NHOPI,categorical,2108,0,0,1480543,,,0.14238019429358,"2,108 (0.1%)"
primary,1,race_ethnicity,Non-Hispanic multiple race,categorical,56640,0,0,1480543,,,3.82562343680663,"56,640 (3.8%)"
primary,1,race_ethnicity,Hispanic,categorical,89665,0,0,1480543,,,6.05622396647716,"89,665 (6.1%)"
primary,1,prepreg_diabetes,No,categorical,1465367,0,0,1480543,,,98.9749706695449,"1,465,367 (99.0%)"
primary,1,prepreg_diabetes,Yes,categorical,15176,0,0,1480543,,,1.02502933045511,"15,176 (1.0%)"
primary,1,prior_living4,0,categorical,419610,0,0,1480543,,,28.3416287132491,"419,610 (28.3%)"
primary,1,prior_living4,1,categorical,429852,0,0,1480543,,,29.0334019342903,"429,852 (29.0%)"
primary,1,prior_living4,2,categorical,319209,0,0,1480543,,,21.5602653891174,"319,209 (21.6%)"
primary,1,prior_living4,3 or more,categorical,311872,0,0,1480543,,,21.0647039633432,"311,872 (21.1%)"
primary,1,bmi,"",continuous,1480543,40622924.2999937,1193953423.16992,1480543,27.4378550977538,7.32076207410604,,27.4 (7.3)
primary,1,education4,Less than high school,categorical,357364,0,0,1480543,,,24.1373604143885,"357,364 (24.1%)"
primary,1,education4,High school or GED,categorical,649977,0,0,1480543,,,43.9012578493161,"649,977 (43.9%)"
primary,1,education4,Some college or associate,categorical,424531,0,0,1480543,,,28.6740067664364,"424,531 (28.7%)"
primary,1,education4,Bachelor or higher,categorical,48671,0,0,1480543,,,3.28737496985903,"48,671 (3.3%)"
primary,1,prior_preterm,No,categorical,1378376,0,0,1480543,,,93.0993561146147,"1,378,376 (93.1%)"
primary,1,prior_preterm,Yes,categorical,102167,0,0,1480543,,,6.90064388538529,"102,167 (6.9%)"
primary,1,prior_cesarean,No,categorical,1208297,0,0,1480543,,,81.6117465011148,"1,208,297 (81.6%)"
primary,1,prior_cesarean,Yes,categorical,272246,0,0,1480543,,,18.3882534988852,"272,246 (18.4%)"
primary,1,nativity,Born in 50 US states,categorical,1449851,0,0,1480543,,,97.9269767916231,"1,449,851 (97.9%)"
primary,1,nativity,Born elsewhere including territories,categorical,30692,0,0,1480543,,,2.07302320837693,"30,692 (2.1%)"
primary,1,prepreg_dose5,1-5,categorical,317148,0,0,1480543,,,21.4210597057971,"317,148 (21.4%)"
primary,1,prepreg_dose5,6-10,categorical,507114,0,0,1480543,,,34.2518927177394,"507,114 (34.3%)"
primary,1,prepreg_dose5,11-20,categorical,552857,0,0,1480543,,,37.3415024082381,"552,857 (37.3%)"
primary,1,prepreg_dose5,21-40,categorical,88326,0,0,1480543,,,5.96578417513034,"88,326 (6.0%)"
primary,1,prepreg_dose5,41 or more,categorical,15098,0,0,1480543,,,1.0197609930951,"15,098 (1.0%)"
broad,0,age,"",continuous,28095965,820128173,24867675997,28095965,29.1902475319855,5.74693146357022,,29.2 (5.7)
broad,0,year_factor,2016,categorical,3209814,0,0,28095965,,,11.424466111059,"3,209,814 (11.4%)"
broad,0,year_factor,2017,categorical,3162920,0,0,28095965,,,11.2575595819542,"3,162,920 (11.3%)"
broad,0,year_factor,2018,categorical,3133905,0,0,28095965,,,11.1542885250605,"3,133,905 (11.2%)"
broad,0,year_factor,2019,categorical,3114238,0,0,28095965,,,11.0842891497053,"3,114,238 (11.1%)"
broad,0,year_factor,2020,categorical,3032188,0,0,28095965,,,10.7922543326061,"3,032,188 (10.8%)"
broad,0,year_factor,2021,categorical,3102358,0,0,28095965,,,11.0420054979425,"3,102,358 (11.0%)"
broad,0,year_factor,2022,categorical,3131589,0,0,28095965,,,11.1460453485047,"3,131,589 (11.1%)"
broad,0,year_factor,2023,categorical,3085454,0,0,28095965,,,10.9818402749292,"3,085,454 (11.0%)"
broad,0,year_factor,2024,categorical,3123499,0,0,28095965,,,11.1172511782386,"3,123,499 (11.1%)"
broad,0,race_ethnicity,Non-Hispanic White,categorical,14107373,0,0,28095965,,,50.2113844461296,"14,107,373 (50.2%)"
broad,0,race_ethnicity,Non-Hispanic Black,categorical,3893877,0,0,28095965,,,13.8592036258587,"3,893,877 (13.9%)"
broad,0,race_ethnicity,Non-Hispanic AIAN,categorical,183931,0,0,28095965,,,0.654652723264711,"183,931 (0.7%)"
broad,0,race_ethnicity,Non-Hispanic Asian,categorical,1888411,0,0,28095965,,,6.72128898224354,"1,888,411 (6.7%)"
broad,0,race_ethnicity,Non-Hispanic NHOPI,categorical,71451,0,0,28095965,,,0.254310538897667,"71,451 (0.3%)"
broad,0,race_ethnicity,Non-Hispanic multiple race,categorical,617909,0,0,28095965,,,2.19928021692795,"617,909 (2.2%)"
broad,0,race_ethnicity,Hispanic,categorical,7333013,0,0,28095965,,,26.0998794666779,"7,333,013 (26.1%)"
broad,0,prepreg_diabetes,No,categorical,27849307,0,0,28095965,,,99.1220874598897,"27,849,307 (99.1%)"
broad,0,prepreg_diabetes,Yes,categorical,246658,0,0,28095965,,,0.877912540110297,"246,658 (0.9%)"
broad,0,prior_living4,0,categorical,11243228,0,0,28095965,,,40.0172337914003,"11,243,228 (40.0%)"
broad,0,prior_living4,1,categorical,9016628,0,0,28095965,,,32.0922523928258,"9,016,628 (32.1%)"
broad,0,prior_living4,2,categorical,4599393,0,0,28095965,,,16.3702973006978,"4,599,393 (16.4%)"
broad,0,prior_living4,3 or more,categorical,3236716,0,0,28095965,,,11.5202165150761,"3,236,716 (11.5%)"
broad,0,bmi,"",continuous,28095965,765015140.297542,22061706309.6925,28095965,27.2286479676901,6.62024086155653,,27.2 (6.6)
broad,0,education4,Less than high school,categorical,3179972,0,0,28095965,,,11.3182515709996,"3,179,972 (11.3%)"
broad,0,education4,High school or GED,categorical,7036676,0,0,28095965,,,25.0451479420621,"7,036,676 (25.0%)"
broad,0,education4,Some college or associate,categorical,7619966,0,0,28095965,,,27.1212111774769,"7,619,966 (27.1%)"
broad,0,education4,Bachelor or higher,categorical,10259351,0,0,28095965,,,36.5153893094613,"10,259,351 (36.5%)"
broad,0,prior_preterm,No,categorical,27189916,0,0,28095965,,,96.7751632663267,"27,189,916 (96.8%)"
broad,0,prior_preterm,Yes,categorical,906049,0,0,28095965,,,3.22483673367332,"906,049 (3.2%)"
broad,0,prior_cesarean,No,categorical,23880261,0,0,28095965,,,84.9953400781927,"23,880,261 (85.0%)"
broad,0,prior_cesarean,Yes,categorical,4215704,0,0,28095965,,,15.0046599218073,"4,215,704 (15.0%)"
broad,0,nativity,Born in 50 US states,categorical,21335969,0,0,28095965,,,75.9396197994979,"21,335,969 (75.9%)"
broad,0,nativity,Born elsewhere including territories,categorical,6759996,0,0,28095965,,,24.0603802005021,"6,759,996 (24.1%)"
broad,1,age,"",continuous,1480543,41001249,1180079567,1480543,27.6933861427868,5.48953629532076,,27.7 (5.5)
broad,1,year_factor,2016,categorical,248236,0,0,1480543,,,16.7665511910157,"248,236 (16.8%)"
broad,1,year_factor,2017,categorical,231675,0,0,1480543,,,15.6479751010271,"231,675 (15.6%)"
broad,1,year_factor,2018,categorical,214684,0,0,1480543,,,14.5003556127718,"214,684 (14.5%)"
broad,1,year_factor,2019,categorical,193555,0,0,1480543,,,13.0732440732893,"193,555 (13.1%)"
broad,1,year_factor,2020,categorical,172720,0,0,1480543,,,11.6659901130869,"172,720 (11.7%)"
broad,1,year_factor,2021,categorical,144402,0,0,1480543,,,9.75331348025691,"144,402 (9.8%)"
broad,1,year_factor,2022,categorical,113552,0,0,1480543,,,7.66961851158663,"113,552 (7.7%)"
broad,1,year_factor,2023,categorical,90221,0,0,1480543,,,6.0937777558639,"90,221 (6.1%)"
broad,1,year_factor,2024,categorical,71498,0,0,1480543,,,4.8291741611017,"71,498 (4.8%)"
broad,1,race_ethnicity,Non-Hispanic White,categorical,1136646,0,0,1480543,,,76.7722382936531,"1,136,646 (76.8%)"
broad,1,race_ethnicity,Non-Hispanic Black,categorical,161637,0,0,1480543,,,10.9174134084589,"161,637 (10.9%)"
broad,1,race_ethnicity,Non-Hispanic AIAN,categorical,27370,0,0,1480543,,,1.84864607106987,"27,370 (1.8%)"
broad,1,race_ethnicity,Non-Hispanic Asian,categorical,6477,0,0,1480543,,,0.437474629240758,"6,477 (0.4%)"
broad,1,race_ethnicity,Non-Hispanic NHOPI,categorical,2108,0,0,1480543,,,0.14238019429358,"2,108 (0.1%)"
broad,1,race_ethnicity,Non-Hispanic multiple race,categorical,56640,0,0,1480543,,,3.82562343680663,"56,640 (3.8%)"
broad,1,race_ethnicity,Hispanic,categorical,89665,0,0,1480543,,,6.05622396647716,"89,665 (6.1%)"
broad,1,prepreg_diabetes,No,categorical,1465367,0,0,1480543,,,98.9749706695449,"1,465,367 (99.0%)"
broad,1,prepreg_diabetes,Yes,categorical,15176,0,0,1480543,,,1.02502933045511,"15,176 (1.0%)"
broad,1,prior_living4,0,categorical,419610,0,0,1480543,,,28.3416287132491,"419,610 (28.3%)"
broad,1,prior_living4,1,categorical,429852,0,0,1480543,,,29.0334019342903,"429,852 (29.0%)"
broad,1,prior_living4,2,categorical,319209,0,0,1480543,,,21.5602653891174,"319,209 (21.6%)"
broad,1,prior_living4,3 or more,categorical,311872,0,0,1480543,,,21.0647039633432,"311,872 (21.1%)"
broad,1,bmi,"",continuous,1480543,40622924.2999937,1193953423.16992,1480543,27.4378550977538,7.32076207410604,,27.4 (7.3)
broad,1,education4,Less than high school,categorical,357364,0,0,1480543,,,24.1373604143885,"357,364 (24.1%)"
broad,1,education4,High school or GED,categorical,649977,0,0,1480543,,,43.9012578493161,"649,977 (43.9%)"
broad,1,education4,Some college or associate,categorical,424531,0,0,1480543,,,28.6740067664364,"424,531 (28.7%)"
broad,1,education4,Bachelor or higher,categorical,48671,0,0,1480543,,,3.28737496985903,"48,671 (3.3%)"
broad,1,prior_preterm,No,categorical,1378376,0,0,1480543,,,93.0993561146147,"1,378,376 (93.1%)"
broad,1,prior_preterm,Yes,categorical,102167,0,0,1480543,,,6.90064388538529,"102,167 (6.9%)"
broad,1,prior_cesarean,No,categorical,1208297,0,0,1480543,,,81.6117465011148,"1,208,297 (81.6%)"
broad,1,prior_cesarean,Yes,categorical,272246,0,0,1480543,,,18.3882534988852,"272,246 (18.4%)"
broad,1,nativity,Born in 50 US states,categorical,1449851,0,0,1480543,,,97.9269767916231,"1,449,851 (97.9%)"
broad,1,nativity,Born elsewhere including territories,categorical,30692,0,0,1480543,,,2.07302320837693,"30,692 (2.1%)"
prepregnancy,0,age,"",continuous,28113111,820597827,24881105143,28113111,29.189150464351,5.74709794635448,,29.2 (5.7)
prepregnancy,0,year_factor,2016,categorical,3212919,0,0,28113111,,,11.4285430737281,"3,212,919 (11.4%)"
prepregnancy,0,year_factor,2017,categorical,3165461,0,0,28113111,,,11.2597321584225,"3,165,461 (11.3%)"
prepregnancy,0,year_factor,2018,categorical,3136158,0,0,28113111,,,11.1554996528132,"3,136,158 (11.2%)"
prepregnancy,0,year_factor,2019,categorical,3116117,0,0,28113111,,,11.0842126294738,"3,116,117 (11.1%)"
prepregnancy,0,year_factor,2020,categorical,3034025,0,0,28113111,,,10.7922065259871,"3,034,025 (10.8%)"
prepregnancy,0,year_factor,2021,categorical,3103959,0,0,28113111,,,11.0409659037735,"3,103,959 (11.0%)"
prepregnancy,0,year_factor,2022,categorical,3133126,0,0,28113111,,,11.1447146493321,"3,133,126 (11.1%)"
prepregnancy,0,year_factor,2023,categorical,3086689,0,0,28113111,,,10.9795354914652,"3,086,689 (11.0%)"
prepregnancy,0,year_factor,2024,categorical,3124657,0,0,28113111,,,11.1145899150044,"3,124,657 (11.1%)"
prepregnancy,0,race_ethnicity,Non-Hispanic White,categorical,14117533,0,0,28113111,,,50.2169005771009,"14,117,533 (50.2%)"
prepregnancy,0,race_ethnicity,Non-Hispanic Black,categorical,3897169,0,0,28113111,,,13.8624608283302,"3,897,169 (13.9%)"
prepregnancy,0,race_ethnicity,Non-Hispanic AIAN,categorical,184384,0,0,28113111,,,0.655864802724964,"184,384 (0.7%)"
prepregnancy,0,race_ethnicity,Non-Hispanic Asian,categorical,1888653,0,0,28113111,,,6.7180505209829,"1,888,653 (6.7%)"
prepregnancy,0,race_ethnicity,Non-Hispanic NHOPI,categorical,71492,0,0,28113111,,,0.254301276013174,"71,492 (0.3%)"
prepregnancy,0,race_ethnicity,Non-Hispanic multiple race,categorical,618733,0,0,28113111,,,2.20086990728276,"618,733 (2.2%)"
prepregnancy,0,race_ethnicity,Hispanic,categorical,7335147,0,0,28113111,,,26.0915520875651,"7,335,147 (26.1%)"
prepregnancy,0,prepreg_diabetes,No,categorical,27866277,0,0,28113111,,,99.1219968505087,"27,866,277 (99.1%)"
prepregnancy,0,prepreg_diabetes,Yes,categorical,246834,0,0,28113111,,,0.878003149491353,"246,834 (0.9%)"
prepregnancy,0,prior_living4,0,categorical,11248972,0,0,28113111,,,40.0132592938576,"11,248,972 (40.0%)"
prepregnancy,0,prior_living4,1,categorical,9021542,0,0,28113111,,,32.0901589297606,"9,021,542 (32.1%)"
prepregnancy,0,prior_living4,2,categorical,4602747,0,0,28113111,,,16.3722435414565,"4,602,747 (16.4%)"
prepregnancy,0,prior_living4,3 or more,categorical,3239850,0,0,28113111,,,11.5243382349253,"3,239,850 (11.5%)"
prepregnancy,0,bmi,"",continuous,28113111,765489789.997539,22075747664.6823,28113111,27.2289249666299,6.62065397290734,,27.2 (6.6)
prepregnancy,0,education4,Less than high school,categorical,3184011,0,0,28113111,,,11.3257156065012,"3,184,011 (11.3%)"
prepregnancy,0,education4,High school or GED,categorical,7043839,0,0,28113111,,,25.0553522874078,"7,043,839 (25.1%)"
prepregnancy,0,education4,Some college or associate,categorical,7624923,0,0,28113111,,,27.1223024730347,"7,624,923 (27.1%)"
prepregnancy,0,education4,Bachelor or higher,categorical,10260338,0,0,28113111,,,36.4966296330563,"10,260,338 (36.5%)"
prepregnancy,0,prior_preterm,No,categorical,27206005,0,0,28113111,,,96.7733702612991,"27,206,005 (96.8%)"
prepregnancy,0,prior_preterm,Yes,categorical,907106,0,0,28113111,,,3.22662973870092,"907,106 (3.2%)"
prepregnancy,0,prior_cesarean,No,categorical,23894547,0,0,28113111,,,84.9943181314939,"23,894,547 (85.0%)"
prepregnancy,0,prior_cesarean,Yes,categorical,4218564,0,0,28113111,,,15.0056818685061,"4,218,564 (15.0%)"
prepregnancy,0,nativity,Born in 50 US states,categorical,21352092,0,0,28113111,,,75.9506551942971,"21,352,092 (76.0%)"
prepregnancy,0,nativity,Born elsewhere including territories,categorical,6761019,0,0,28113111,,,24.0493448057029,"6,761,019 (24.0%)"
prepregnancy,1,age,"",continuous,1984054,54714545,1568833985,1984054,27.5771450777045,5.49749933446482,,27.6 (5.5)
prepregnancy,1,year_factor,2016,categorical,338011,0,0,1984054,,,17.0363810662411,"338,011 (17.0%)"
prepregnancy,1,year_factor,2017,categorical,313689,0,0,1984054,,,15.8105071736959,"313,689 (15.8%)"
prepregnancy,1,year_factor,2018,categorical,289079,0,0,1984054,,,14.5701175472039,"289,079 (14.6%)"
prepregnancy,1,year_factor,2019,categorical,260125,0,0,1984054,,,13.1107822670149,"260,125 (13.1%)"
prepregnancy,1,year_factor,2020,categorical,229543,0,0,1984054,,,11.5693927685436,"229,543 (11.6%)"
prepregnancy,1,year_factor,2021,categorical,192003,0,0,1984054,,,9.67730717006694,"192,003 (9.7%)"
prepregnancy,1,year_factor,2022,categorical,149204,0,0,1984054,,,7.52015822150002,"149,204 (7.5%)"
prepregnancy,1,year_factor,2023,categorical,118439,0,0,1984054,,,5.96954518375004,"118,439 (6.0%)"
prepregnancy,1,year_factor,2024,categorical,93961,0,0,1984054,,,4.73580860198362,"93,961 (4.7%)"
prepregnancy,1,race_ethnicity,Non-Hispanic White,categorical,1484156,0,0,1984054,,,74.8042139982077,"1,484,156 (74.8%)"
prepregnancy,1,race_ethnicity,Non-Hispanic Black,categorical,221159,0,0,1984054,,,11.1468236247602,"221,159 (11.1%)"
prepregnancy,1,race_ethnicity,Non-Hispanic AIAN,categorical,36188,0,0,1984054,,,1.82394229189327,"36,188 (1.8%)"
prepregnancy,1,race_ethnicity,Non-Hispanic Asian,categorical,12688,0,0,1984054,,,0.639498723321039,"12,688 (0.6%)"
prepregnancy,1,race_ethnicity,Non-Hispanic NHOPI,categorical,3167,0,0,1984054,,,0.159622671560351,"3,167 (0.2%)"
prepregnancy,1,race_ethnicity,Non-Hispanic multiple race,categorical,77297,0,0,1984054,,,3.89591210723095,"77,297 (3.9%)"
prepregnancy,1,race_ethnicity,Hispanic,categorical,149399,0,0,1984054,,,7.52998658302647,"149,399 (7.5%)"
prepregnancy,1,prepreg_diabetes,No,categorical,1963954,0,0,1984054,,,98.9869227349659,"1,963,954 (99.0%)"
prepregnancy,1,prepreg_diabetes,Yes,categorical,20100,0,0,1984054,,,1.01307726503412,"20,100 (1.0%)"
prepregnancy,1,prior_living4,0,categorical,651631,0,0,1984054,,,32.8434105120123,"651,631 (32.8%)"
prepregnancy,1,prior_living4,1,categorical,574766,0,0,1984054,,,28.9692720057015,"574,766 (29.0%)"
prepregnancy,1,prior_living4,2,categorical,395897,0,0,1984054,,,19.9539427858314,"395,897 (20.0%)"
prepregnancy,1,prior_living4,3 or more,categorical,361760,0,0,1984054,,,18.2333746964548,"361,760 (18.2%)"
prepregnancy,1,bmi,"",continuous,1984054,54749127.1999883,1616910090.91974,1984054,27.5945751476463,7.31383021570927,,27.6 (7.3)
prepregnancy,1,education4,Less than high school,categorical,425136,0,0,1984054,,,21.4276425944052,"425,136 (21.4%)"
prepregnancy,1,education4,High school or GED,categorical,842314,0,0,1984054,,,42.4541872348232,"842,314 (42.5%)"
prepregnancy,1,education4,Some college or associate,categorical,613641,0,0,1984054,,,30.9286440792438,"613,641 (30.9%)"
prepregnancy,1,education4,Bachelor or higher,categorical,102963,0,0,1984054,,,5.18952609152775,"102,963 (5.2%)"
prepregnancy,1,prior_preterm,No,categorical,1861203,0,0,1984054,,,93.8080818364823,"1,861,203 (93.8%)"
prepregnancy,1,prior_preterm,Yes,categorical,122851,0,0,1984054,,,6.19191816351773,"122,851 (6.2%)"
prepregnancy,1,prior_cesarean,No,categorical,1641145,0,0,1984054,,,82.716750652956,"1,641,145 (82.7%)"
prepregnancy,1,prior_cesarean,Yes,categorical,342909,0,0,1984054,,,17.283249347044,"342,909 (17.3%)"
prepregnancy,1,nativity,Born in 50 US states,categorical,1926044,0,0,1984054,,,97.076188450516,"1,926,044 (97.1%)"
prepregnancy,1,nativity,Born elsewhere including territories,categorical,58010,0,0,1984054,,,2.92381154948404,"58,010 (2.9%)"
