reason,n,field,contrast,year
item_unknown,1480,race_ethnicity,primary,2016
observed_edited,346987,race_ethnicity,primary,2016
observed_edited,348467,prepreg_diabetes,primary,2016
item_unknown,529,prior_living4,primary,2016
observed_edited,347938,prior_living4,primary,2016
item_unknown,2017,education4,primary,2016
observed_edited,346450,education4,primary,2016
item_unknown,7408,bmi,primary,2016
observed_edited,341059,bmi,primary,2016
observed_edited,348467,prior_preterm,primary,2016
observed_edited,348467,prior_cesarean,primary,2016
item_unknown,694,nativity,primary,2016
observed_edited,347773,nativity,primary,2016
observed_edited,347815,prepreg_dose5,primary,2016
observed_topcoded_98_or_more,652,prepreg_dose5,primary,2016
item_unknown,1264,race_ethnicity,primary,2017
observed_edited,322009,race_ethnicity,primary,2017
observed_edited,323273,prepreg_diabetes,primary,2017
item_unknown,497,prior_living4,primary,2017
observed_edited,322776,prior_living4,primary,2017
item_unknown,1811,education4,primary,2017
observed_edited,321462,education4,primary,2017
item_unknown,6815,bmi,primary,2017
observed_edited,316458,bmi,primary,2017
observed_edited,323273,prior_preterm,primary,2017
observed_edited,323273,prior_cesarean,primary,2017
item_unknown,654,nativity,primary,2017
observed_edited,322619,nativity,primary,2017
observed_edited,322572,prepreg_dose5,primary,2017
observed_topcoded_98_or_more,701,prepreg_dose5,primary,2017
item_unknown,1242,race_ethnicity,primary,2018
observed_edited,296029,race_ethnicity,primary,2018
observed_edited,297271,prepreg_diabetes,primary,2018
item_unknown,465,prior_living4,primary,2018
observed_edited,296806,prior_living4,primary,2018
item_unknown,1727,education4,primary,2018
observed_edited,295544,education4,primary,2018
item_unknown,5627,bmi,primary,2018
observed_edited,291644,bmi,primary,2018
observed_edited,297271,prior_preterm,primary,2018
observed_edited,297271,prior_cesarean,primary,2018
item_unknown,515,nativity,primary,2018
observed_edited,296756,nativity,primary,2018
observed_edited,296571,prepreg_dose5,primary,2018
observed_topcoded_98_or_more,700,prepreg_dose5,primary,2018
item_unknown,1200,race_ethnicity,primary,2019
observed_edited,266476,race_ethnicity,primary,2019
observed_edited,267676,prepreg_diabetes,primary,2019
item_unknown,404,prior_living4,primary,2019
observed_edited,267272,prior_living4,primary,2019
item_unknown,1683,education4,primary,2019
observed_edited,265993,education4,primary,2019
item_unknown,5187,bmi,primary,2019
observed_edited,262489,bmi,primary,2019
observed_edited,267676,prior_preterm,primary,2019
observed_edited,267676,prior_cesarean,primary,2019
item_unknown,487,nativity,primary,2019
observed_edited,267189,nativity,primary,2019
observed_edited,266924,prepreg_dose5,primary,2019
observed_topcoded_98_or_more,752,prepreg_dose5,primary,2019
item_unknown,1055,race_ethnicity,primary,2020
observed_edited,234788,race_ethnicity,primary,2020
observed_edited,235843,prepreg_diabetes,primary,2020
item_unknown,333,prior_living4,primary,2020
observed_edited,235510,prior_living4,primary,2020
item_unknown,1414,education4,primary,2020
observed_edited,234429,education4,primary,2020
item_unknown,4198,bmi,primary,2020
observed_edited,231645,bmi,primary,2020
observed_edited,235843,prior_preterm,primary,2020
observed_edited,235843,prior_cesarean,primary,2020
item_unknown,465,nativity,primary,2020
observed_edited,235378,nativity,primary,2020
observed_edited,235028,prepreg_dose5,primary,2020
observed_topcoded_98_or_more,815,prepreg_dose5,primary,2020
item_unknown,944,race_ethnicity,primary,2021
observed_edited,196548,race_ethnicity,primary,2021
observed_edited,197492,prepreg_diabetes,primary,2021
item_unknown,289,prior_living4,primary,2021
observed_edited,197203,prior_living4,primary,2021
item_unknown,1316,education4,primary,2021
observed_edited,196176,education4,primary,2021
item_unknown,3558,bmi,primary,2021
observed_edited,193934,bmi,primary,2021
observed_edited,197492,prior_preterm,primary,2021
observed_edited,197492,prior_cesarean,primary,2021
item_unknown,481,nativity,primary,2021
observed_edited,197011,nativity,primary,2021
observed_edited,196711,prepreg_dose5,primary,2021
observed_topcoded_98_or_more,781,prepreg_dose5,primary,2021
item_unknown,844,race_ethnicity,primary,2022
observed_edited,153206,race_ethnicity,primary,2022
observed_edited,154050,prepreg_diabetes,primary,2022
item_unknown,276,prior_living4,primary,2022
observed_edited,153774,prior_living4,primary,2022
item_unknown,1074,education4,primary,2022
observed_edited,152976,education4,primary,2022
item_unknown,3112,bmi,primary,2022
observed_edited,150938,bmi,primary,2022
observed_edited,154050,prior_preterm,primary,2022
observed_edited,154050,prior_cesarean,primary,2022
item_unknown,445,nativity,primary,2022
observed_edited,153605,nativity,primary,2022
observed_edited,153501,prepreg_dose5,primary,2022
observed_topcoded_98_or_more,549,prepreg_dose5,primary,2022
item_unknown,683,race_ethnicity,primary,2023
observed_edited,122116,race_ethnicity,primary,2023
observed_edited,122799,prepreg_diabetes,primary,2023
item_unknown,170,prior_living4,primary,2023
observed_edited,122629,prior_living4,primary,2023
item_unknown,987,education4,primary,2023
observed_edited,121812,education4,primary,2023
item_unknown,2905,bmi,primary,2023
observed_edited,119894,bmi,primary,2023
observed_edited,122799,prior_preterm,primary,2023
observed_edited,122799,prior_cesarean,primary,2023
item_unknown,392,nativity,primary,2023
observed_edited,122407,nativity,primary,2023
observed_edited,122309,prepreg_dose5,primary,2023
observed_topcoded_98_or_more,490,prepreg_dose5,primary,2023
item_unknown,573,race_ethnicity,primary,2024
observed_edited,96920,race_ethnicity,primary,2024
observed_edited,97493,prepreg_diabetes,primary,2024
item_unknown,158,prior_living4,primary,2024
observed_edited,97335,prior_living4,primary,2024
item_unknown,865,education4,primary,2024
observed_edited,96628,education4,primary,2024
item_unknown,2325,bmi,primary,2024
observed_edited,95168,bmi,primary,2024
observed_edited,97493,prior_preterm,primary,2024
observed_edited,97493,prior_cesarean,primary,2024
item_unknown,294,nativity,primary,2024
observed_edited,97199,nativity,primary,2024
observed_edited,97051,prepreg_dose5,primary,2024
observed_topcoded_98_or_more,442,prepreg_dose5,primary,2024
item_unknown,31547,race_ethnicity,broad,2016
observed_edited,3587581,race_ethnicity,broad,2016
observed_edited,3619128,prepreg_diabetes,broad,2016
item_unknown,5811,prior_living4,broad,2016
observed_edited,3613317,prior_living4,broad,2016
item_unknown,45078,education4,broad,2016
observed_edited,3574050,education4,broad,2016
item_unknown,96065,bmi,broad,2016
observed_edited,3523063,bmi,broad,2016
observed_edited,3619128,prior_preterm,broad,2016
observed_edited,3619128,prior_cesarean,broad,2016
item_unknown,6721,nativity,broad,2016
observed_edited,3612407,nativity,broad,2016
item_unknown,27811,race_ethnicity,broad,2017
observed_edited,3509657,race_ethnicity,broad,2017
observed_edited,3537468,prepreg_diabetes,broad,2017
item_unknown,4204,prior_living4,broad,2017
observed_edited,3533264,prior_living4,broad,2017
item_unknown,42825,education4,broad,2017
observed_edited,3494643,education4,broad,2017
item_unknown,84720,bmi,broad,2017
observed_edited,3452748,bmi,broad,2017
observed_edited,3537468,prior_preterm,broad,2017
observed_edited,3537468,prior_cesarean,broad,2017
item_unknown,6098,nativity,broad,2017
observed_edited,3531370,nativity,broad,2017
item_unknown,28976,race_ethnicity,broad,2018
observed_edited,3454811,race_ethnicity,broad,2018
observed_edited,3483787,prepreg_diabetes,broad,2018
item_unknown,5586,prior_living4,broad,2018
observed_edited,3478201,prior_living4,broad,2018
item_unknown,42422,education4,broad,2018
observed_edited,3441365,education4,broad,2018
item_unknown,74888,bmi,broad,2018
observed_edited,3408899,bmi,broad,2018
observed_edited,3483787,prior_preterm,broad,2018
observed_edited,3483787,prior_cesarean,broad,2018
item_unknown,6030,nativity,broad,2018
observed_edited,3477757,nativity,broad,2018
item_unknown,30678,race_ethnicity,broad,2019
observed_edited,3414790,race_ethnicity,broad,2019
observed_edited,3445468,prepreg_diabetes,broad,2019
item_unknown,3881,prior_living4,broad,2019
observed_edited,3441587,prior_living4,broad,2019
item_unknown,46888,education4,broad,2019
observed_edited,3398580,education4,broad,2019
item_unknown,75069,bmi,broad,2019
observed_edited,3370399,bmi,broad,2019
observed_edited,3445468,prior_preterm,broad,2019
observed_edited,3445468,prior_cesarean,broad,2019
item_unknown,6247,nativity,broad,2019
observed_edited,3439221,nativity,broad,2019
item_unknown,29096,race_ethnicity,broad,2020
observed_edited,3296457,race_ethnicity,broad,2020
observed_edited,3325553,prepreg_diabetes,broad,2020
item_unknown,3138,prior_living4,broad,2020
observed_edited,3322415,prior_living4,broad,2020
item_unknown,44815,education4,broad,2020
observed_edited,3280738,education4,broad,2020
item_unknown,60811,bmi,broad,2020
observed_edited,3264742,bmi,broad,2020
observed_edited,3325553,prior_preterm,broad,2020
observed_edited,3325553,prior_cesarean,broad,2020
item_unknown,5933,nativity,broad,2020
observed_edited,3319620,nativity,broad,2020
item_unknown,30893,race_ethnicity,broad,2021
observed_edited,3342975,race_ethnicity,broad,2021
observed_edited,3373868,prepreg_diabetes,broad,2021
item_unknown,4053,prior_living4,broad,2021
observed_edited,3369815,prior_living4,broad,2021
item_unknown,48548,education4,broad,2021
observed_edited,3325320,education4,broad,2021
item_unknown,62765,bmi,broad,2021
observed_edited,3311103,bmi,broad,2021
observed_edited,3373868,prior_preterm,broad,2021
observed_edited,3373868,prior_cesarean,broad,2021
item_unknown,6508,nativity,broad,2021
observed_edited,3367360,nativity,broad,2021
item_unknown,29662,race_ethnicity,broad,2022
observed_edited,3351363,race_ethnicity,broad,2022
observed_edited,3381025,prepreg_diabetes,broad,2022
item_unknown,4547,prior_living4,broad,2022
observed_edited,3376478,prior_living4,broad,2022
item_unknown,53416,education4,broad,2022
observed_edited,3327609,education4,broad,2022
item_unknown,65588,bmi,broad,2022
observed_edited,3315437,bmi,broad,2022
observed_edited,3381025,prior_preterm,broad,2022
observed_edited,3381025,prior_cesarean,broad,2022
item_unknown,6737,nativity,broad,2022
observed_edited,3374288,nativity,broad,2022
item_unknown,27830,race_ethnicity,broad,2023
observed_edited,3290066,race_ethnicity,broad,2023
observed_edited,3317896,prepreg_diabetes,broad,2023
item_unknown,3419,prior_living4,broad,2023
observed_edited,3314477,prior_living4,broad,2023
item_unknown,56509,education4,broad,2023
observed_edited,3261387,education4,broad,2023
item_unknown,71622,bmi,broad,2023
observed_edited,3246274,bmi,broad,2023
observed_edited,3317896,prior_preterm,broad,2023
observed_edited,3317896,prior_cesarean,broad,2023
item_unknown,6634,nativity,broad,2023
observed_edited,3311262,nativity,broad,2023
item_unknown,29964,race_ethnicity,broad,2024
observed_edited,3315878,race_ethnicity,broad,2024
observed_edited,3345842,prepreg_diabetes,broad,2024
item_unknown,5419,prior_living4,broad,2024
observed_edited,3340423,prior_living4,broad,2024
item_unknown,58704,education4,broad,2024
observed_edited,3287138,education4,broad,2024
item_unknown,75464,bmi,broad,2024
observed_edited,3270378,bmi,broad,2024
observed_edited,3345842,prior_preterm,broad,2024
observed_edited,3345842,prior_cesarean,broad,2024
item_unknown,6141,nativity,broad,2024
observed_edited,3339701,nativity,broad,2024
item_unknown,31992,race_ethnicity,prepregnancy,2016
observed_edited,3682365,race_ethnicity,prepregnancy,2016
observed_edited,3714357,prepreg_diabetes,prepregnancy,2016
item_unknown,5935,prior_living4,prepregnancy,2016
observed_edited,3708422,prior_living4,prepregnancy,2016
item_unknown,45524,education4,prepregnancy,2016
observed_edited,3668833,education4,prepregnancy,2016
item_unknown,97386,bmi,prepregnancy,2016
observed_edited,3616971,bmi,prepregnancy,2016
observed_edited,3714357,prior_preterm,prepregnancy,2016
observed_edited,3714357,prior_cesarean,prepregnancy,2016
item_unknown,6904,nativity,prepregnancy,2016
observed_edited,3707453,nativity,prepregnancy,2016
item_unknown,28182,race_ethnicity,prepregnancy,2017
observed_edited,3595775,race_ethnicity,prepregnancy,2017
observed_edited,3623957,prepreg_diabetes,prepregnancy,2017
item_unknown,4317,prior_living4,prepregnancy,2017
observed_edited,3619640,prior_living4,prepregnancy,2017
item_unknown,43227,education4,prepregnancy,2017
observed_edited,3580730,education4,prepregnancy,2017
item_unknown,85819,bmi,prepregnancy,2017
observed_edited,3538138,bmi,prepregnancy,2017
observed_edited,3623957,prior_preterm,prepregnancy,2017
observed_edited,3623957,prior_cesarean,prepregnancy,2017
item_unknown,6240,nativity,prepregnancy,2017
observed_edited,3617717,nativity,prepregnancy,2017
item_unknown,29319,race_ethnicity,prepregnancy,2018
observed_edited,3532761,race_ethnicity,prepregnancy,2018
observed_edited,3562080,prepreg_diabetes,prepregnancy,2018
item_unknown,5711,prior_living4,prepregnancy,2018
observed_edited,3556369,prior_living4,prepregnancy,2018
item_unknown,42756,education4,prepregnancy,2018
observed_edited,3519324,education4,prepregnancy,2018
item_unknown,75768,bmi,prepregnancy,2018
observed_edited,3486312,bmi,prepregnancy,2018
observed_edited,3562080,prior_preterm,prepregnancy,2018
observed_edited,3562080,prior_cesarean,prepregnancy,2018
item_unknown,6139,nativity,prepregnancy,2018
observed_edited,3555941,nativity,prepregnancy,2018
item_unknown,31001,race_ethnicity,prepregnancy,2019
observed_edited,3484397,race_ethnicity,prepregnancy,2019
observed_edited,3515398,prepreg_diabetes,prepregnancy,2019
item_unknown,3966,prior_living4,prepregnancy,2019
observed_edited,3511432,prior_living4,prepregnancy,2019
item_unknown,47200,education4,prepregnancy,2019
observed_edited,3468198,education4,prepregnancy,2019
item_unknown,75843,bmi,prepregnancy,2019
observed_edited,3439555,bmi,prepregnancy,2019
observed_edited,3515398,prior_preterm,prepregnancy,2019
observed_edited,3515398,prior_cesarean,prepregnancy,2019
item_unknown,6352,nativity,prepregnancy,2019
observed_edited,3509046,nativity,prepregnancy,2019
item_unknown,29339,race_ethnicity,prepregnancy,2020
observed_edited,3356028,race_ethnicity,prepregnancy,2020
observed_edited,3385367,prepreg_diabetes,prepregnancy,2020
item_unknown,3209,prior_living4,prepregnancy,2020
observed_edited,3382158,prior_living4,prepregnancy,2020
item_unknown,45013,education4,prepregnancy,2020
observed_edited,3340354,education4,prepregnancy,2020
item_unknown,61442,bmi,prepregnancy,2020
observed_edited,3323925,bmi,prepregnancy,2020
observed_edited,3385367,prior_preterm,prepregnancy,2020
observed_edited,3385367,prior_cesarean,prepregnancy,2020
item_unknown,6025,nativity,prepregnancy,2020
observed_edited,3379342,nativity,prepregnancy,2020
item_unknown,31131,race_ethnicity,prepregnancy,2021
observed_edited,3392987,race_ethnicity,prepregnancy,2021
observed_edited,3424118,prepreg_diabetes,prepregnancy,2021
item_unknown,4116,prior_living4,prepregnancy,2021
observed_edited,3420002,prior_living4,prepregnancy,2021
item_unknown,48751,education4,prepregnancy,2021
observed_edited,3375367,education4,prepregnancy,2021
item_unknown,63291,bmi,prepregnancy,2021
observed_edited,3360827,bmi,prepregnancy,2021
observed_edited,3424118,prior_preterm,prepregnancy,2021
observed_edited,3424118,prior_cesarean,prepregnancy,2021
item_unknown,6604,nativity,prepregnancy,2021
observed_edited,3417514,nativity,prepregnancy,2021
item_unknown,29839,race_ethnicity,prepregnancy,2022
observed_edited,3389220,race_ethnicity,prepregnancy,2022
observed_edited,3419059,prepreg_diabetes,prepregnancy,2022
item_unknown,4611,prior_living4,prepregnancy,2022
observed_edited,3414448,prior_living4,prepregnancy,2022
item_unknown,53555,education4,prepregnancy,2022
observed_edited,3365504,education4,prepregnancy,2022
item_unknown,66037,bmi,prepregnancy,2022
observed_edited,3353022,bmi,prepregnancy,2022
observed_edited,3419059,prior_preterm,prepregnancy,2022
observed_edited,3419059,prior_cesarean,prepregnancy,2022
item_unknown,6811,nativity,prepregnancy,2022
observed_edited,3412248,nativity,prepregnancy,2022
item_unknown,28000,race_ethnicity,prepregnancy,2023
observed_edited,3320220,race_ethnicity,prepregnancy,2023
observed_edited,3348220,prepreg_diabetes,prepregnancy,2023
item_unknown,3452,prior_living4,prepregnancy,2023
observed_edited,3344768,prior_living4,prepregnancy,2023
item_unknown,56667,education4,prepregnancy,2023
observed_edited,3291553,education4,prepregnancy,2023
item_unknown,72113,bmi,prepregnancy,2023
observed_edited,3276107,bmi,prepregnancy,2023
observed_edited,3348220,prior_preterm,prepregnancy,2023
observed_edited,3348220,prior_cesarean,prepregnancy,2023
item_unknown,6718,nativity,prepregnancy,2023
observed_edited,3341502,nativity,prepregnancy,2023
item_unknown,30099,race_ethnicity,prepregnancy,2024
observed_edited,3340054,race_ethnicity,prepregnancy,2024
observed_edited,3370153,prepreg_diabetes,prepregnancy,2024
item_unknown,5454,prior_living4,prepregnancy,2024
observed_edited,3364699,prior_living4,prepregnancy,2024
item_unknown,58845,education4,prepregnancy,2024
observed_edited,3311308,education4,prepregnancy,2024
item_unknown,75847,bmi,prepregnancy,2024
observed_edited,3294306,bmi,prepregnancy,2024
observed_edited,3370153,prior_preterm,prepregnancy,2024
observed_edited,3370153,prior_cesarean,prepregnancy,2024
item_unknown,6198,nativity,prepregnancy,2024
observed_edited,3363955,nativity,prepregnancy,2024
