age,group,risk_per1000,lower_per1000,upper_per1000
15,NN,80.3352812815655,79.3486904332296,81.3330553248325
16,NN,79.7124177618677,78.94207244688,80.4896234609683
17,NN,81.0779966901058,80.4945569572716,81.6652897187888
18,NN,83.3827888404522,82.9594920646029,83.8080480793906
19,NN,85.9340573258011,85.6197906074321,86.2493687517859
20,NN,85.6351452550305,85.3762646975174,85.8947370781168
21,NN,84.3775959883829,84.1302894798927,84.6255622988515
22,NN,83.344471390262,83.1063303948311,83.5832325718525
23,NN,82.5941324717408,82.3786866563509,82.8100908959206
24,NN,82.1281651812542,81.9417256011912,82.3149909270849
25,NN,81.9320105107051,81.7660089913672,82.0983189143724
26,NN,81.7353843812458,81.5713909745692,81.8996780845597
27,NN,81.4643825675766,81.2922511576863,81.6368460675969
28,NN,80.9877403413028,80.814463418487,81.1613559879302
29,NN,80.627327161109,80.4629331564719,80.7920275290991
30,NN,80.3239305796827,80.1728789612298,80.4752418916737
31,NN,79.8836882768968,79.7417967348814,80.0258103432182
32,NN,79.6679643292364,79.5232750337246,79.812894054439
33,NN,79.8314149396645,79.6723406643379,79.9907792185184
34,NN,80.4687721704151,80.2909703680452,80.6469331834843
35,NN,82.0640058864844,81.8699512349485,82.2584792919884
36,NN,84.284586743572,84.0810521263736,84.4885686076069
37,NN,87.1031231842425,86.8912505462227,87.3154630434658
38,NN,90.500198298713,90.2685863811321,90.7323452182617
39,NN,94.0918253350322,93.8156752480066,94.3687036306827
40,NN,98.6537036075691,98.2983647969352,99.0101858882025
41,NN,103.189031534636,102.722228569147,103.657710740634
42,NN,108.32036444902,107.710917417325,108.932838853744
43,NN,113.020571639657,112.245260089603,113.800552005639
44,NN,118.512522153338,117.545544527486,119.486377439884
45,NN,123.787859351795,122.610915532855,124.974491464804
15,SN,74.3930113737318,67.9724773167457,81.3670697611716
16,SN,74.9018082288515,69.8058581821337,80.3376420667614
17,SN,77.2918418989721,73.3843262204748,81.3891468337842
18,SN,80.590931813241,77.7490185450484,83.5273156426131
19,SN,84.123038640924,82.1136848313897,86.176945761701
20,SN,84.794291030435,83.2456393989679,86.3690385844608
21,SN,84.3868604900844,82.9222580766896,85.8749089289641
22,SN,84.0593051031664,82.6225311933218,85.5187348380314
23,SN,83.9143103992884,82.5918491101913,85.2559791026672
24,SN,84.0084354482915,82.836590552532,85.1953179257489
25,SN,84.3788970493186,83.2832920195062,85.4875708806582
26,SN,84.8008942393312,83.6530606847535,85.9630001280328
27,SN,85.2457373321634,83.9989218009688,86.5093118127747
28,SN,85.6087907750286,84.3339842339288,86.9010386719356
29,SN,86.201658887566,84.9726288015726,87.4467666095961
30,SN,86.926706102574,85.7595669852478,88.1081985216117
31,SN,87.5350128030644,86.3743426362992,88.709765291857
32,SN,88.3775547679727,87.1236765987192,89.6477065134934
33,SN,89.5935323206732,88.1727281631128,91.0349453809987
34,SN,91.2574168835655,89.6584055865457,92.8820360792409
35,SN,93.8825983009028,92.1406947001389,95.6539626683103
36,SN,97.0713539692482,95.2390592335191,98.9350453286058
37,SN,100.797036598707,98.8457313185203,102.782468914426
38,SN,105.050561451611,102.812048633808,107.331982403573
39,SN,109.409913912389,106.604854087509,112.279506316165
40,SN,114.750833328032,111.048391560963,118.560253835714
41,SN,119.956692955973,115.074006024665,125.017287689111
42,SN,125.741197434849,119.411431356225,132.356060709833
43,SN,130.961616584048,122.997314878773,139.359673880382
44,SN,137.003005825276,127.191621093699,147.443374851184
45,SN,142.777219322383,130.976204306643,155.45131174903
15,SS,66.4864385681547,62.450944967455,70.7630182945569
16,SS,66.0644300066985,62.900252701726,69.3759962520047
17,SS,67.3566583342083,64.9531087316843,69.8425063681433
18,SS,69.5069830851328,67.7682516349951,71.2869138671699
19,SS,71.9613108964046,70.7353684620656,73.2068267734399
20,SS,72.0993213884353,71.1635204380781,73.0464603659483
21,SS,71.5424715683517,70.6675985034213,72.4273315491678
22,SS,71.3208446705963,70.4628264941098,72.1884994426824
23,SS,71.5129328079964,70.7190733034859,72.315010333802
24,SS,72.1420605554155,71.4395459157985,72.8509415118658
25,SS,73.233110508807,72.588613161985,73.8828743227622
26,SS,74.5702299066249,73.9086939108817,75.2372060755027
27,SS,76.1161467633977,75.396544283083,76.8420465090554
28,SS,77.7556250840092,77.0081331668354,78.5097554863105
29,SS,79.7409223620263,79.0076724348564,80.4803827334358
30,SS,81.9469204715946,81.2443197759548,82.6550506264274
31,SS,84.0941669648054,83.3989341572232,84.7946592416181
32,SS,86.4694199203718,85.724959949252,87.2197282380924
33,SS,89.165545258185,88.321023891621,90.017344561151
34,SS,92.2121465283725,91.2523333242953,93.1810200957027
35,SS,96.0814326645706,95.0247894214791,97.1485641167333
36,SS,100.32901304736,99.2140481074953,101.455096692678
37,SS,104.926442205649,103.752192215679,106.112408678472
38,SS,109.875498531007,108.559474799804,111.20548571383
39,SS,114.749178172497,113.131469488157,116.38698334644
40,SS,120.464666537801,118.3431496387,122.618926081681
41,SS,125.876002128593,123.073521307196,128.732929635583
42,SS,131.741306559889,128.093544327276,135.476806680145
43,SS,136.898120118695,132.28939729466,141.641193470525
44,SS,142.805497141878,137.109534397011,148.697311267139
45,SS,148.377755335799,141.50888623164,155.519640795636
