target,rr_au,rr_uy,bounding_factor,directional_RR_algebraic_benchmark,null_reached_by_algebra,validated_marginal_causal_bound
overall,1,1,1,0.944302572898687,FALSE,FALSE
overall,1,1.25,1,0.944302572898687,FALSE,FALSE
overall,1,1.5,1,0.944302572898687,FALSE,FALSE
overall,1,2,1,0.944302572898687,FALSE,FALSE
overall,1,3,1,0.944302572898687,FALSE,FALSE
overall,1,5,1,0.944302572898687,FALSE,FALSE
overall,1.25,1,1,0.944302572898687,FALSE,FALSE
overall,1.25,1.25,1.04166666666667,0.983648513436132,FALSE,FALSE
overall,1.25,1.5,1.07142857142857,1.01175275667716,TRUE,FALSE
overall,1.25,2,1.11111111111111,1.04922508099854,TRUE,FALSE
overall,1.25,3,1.15384615384615,1.08957989180618,TRUE,FALSE
overall,1.25,5,1.19047619047619,1.12416972964129,TRUE,FALSE
overall,1.5,1,1,0.944302572898687,FALSE,FALSE
overall,1.5,1.25,1.07142857142857,1.01175275667716,TRUE,FALSE
overall,1.5,1.5,1.125,1.06234039451102,TRUE,FALSE
overall,1.5,2,1.2,1.13316308747842,TRUE,FALSE
overall,1.5,3,1.28571428571429,1.2141033080126,TRUE,FALSE
overall,1.5,5,1.36363636363636,1.28768532668003,TRUE,FALSE
overall,2,1,1,0.944302572898687,FALSE,FALSE
overall,2,1.25,1.11111111111111,1.04922508099854,TRUE,FALSE
overall,2,1.5,1.2,1.13316308747842,TRUE,FALSE
overall,2,2,1.33333333333333,1.25907009719825,TRUE,FALSE
overall,2,3,1.5,1.41645385934803,TRUE,FALSE
overall,2,5,1.66666666666667,1.57383762149781,TRUE,FALSE
overall,3,1,1,0.944302572898687,FALSE,FALSE
overall,3,1.25,1.15384615384615,1.08957989180618,TRUE,FALSE
overall,3,1.5,1.28571428571429,1.2141033080126,TRUE,FALSE
overall,3,2,1.5,1.41645385934803,TRUE,FALSE
overall,3,3,1.8,1.69974463121764,TRUE,FALSE
overall,3,5,2.14285714285714,2.02350551335433,TRUE,FALSE
overall,5,1,1,0.944302572898687,FALSE,FALSE
overall,5,1.25,1.19047619047619,1.12416972964129,TRUE,FALSE
overall,5,1.5,1.36363636363636,1.28768532668003,TRUE,FALSE
overall,5,2,1.66666666666667,1.57383762149781,TRUE,FALSE
overall,5,3,2.14285714285714,2.02350551335433,TRUE,FALSE
overall,5,5,2.77777777777778,2.62306270249635,TRUE,FALSE
age_15,1,1,1,0.900217954534767,FALSE,FALSE
age_15,1,1.25,1,0.900217954534767,FALSE,FALSE
age_15,1,1.5,1,0.900217954534767,FALSE,FALSE
age_15,1,2,1,0.900217954534767,FALSE,FALSE
age_15,1,3,1,0.900217954534767,FALSE,FALSE
age_15,1,5,1,0.900217954534767,FALSE,FALSE
age_15,1.25,1,1,0.900217954534767,FALSE,FALSE
age_15,1.25,1.25,1.04166666666667,0.937727035973716,FALSE,FALSE
age_15,1.25,1.5,1.07142857142857,0.964519237001536,FALSE,FALSE
age_15,1.25,2,1.11111111111111,1.0002421717053,TRUE,FALSE
age_15,1.25,3,1.15384615384615,1.03871302446319,TRUE,FALSE
age_15,1.25,5,1.19047619047619,1.07168804111282,TRUE,FALSE
age_15,1.5,1,1,0.900217954534767,FALSE,FALSE
age_15,1.5,1.25,1.07142857142857,0.964519237001536,FALSE,FALSE
age_15,1.5,1.5,1.125,1.01274519885161,TRUE,FALSE
age_15,1.5,2,1.2,1.08026154544172,TRUE,FALSE
age_15,1.5,3,1.28571428571429,1.15742308440184,TRUE,FALSE
age_15,1.5,5,1.36363636363636,1.22756993800195,TRUE,FALSE
age_15,2,1,1,0.900217954534767,FALSE,FALSE
age_15,2,1.25,1.11111111111111,1.0002421717053,TRUE,FALSE
age_15,2,1.5,1.2,1.08026154544172,TRUE,FALSE
age_15,2,2,1.33333333333333,1.20029060604636,TRUE,FALSE
age_15,2,3,1.5,1.35032693180215,TRUE,FALSE
age_15,2,5,1.66666666666667,1.50036325755795,TRUE,FALSE
age_15,3,1,1,0.900217954534767,FALSE,FALSE
age_15,3,1.25,1.15384615384615,1.03871302446319,TRUE,FALSE
age_15,3,1.5,1.28571428571429,1.15742308440184,TRUE,FALSE
age_15,3,2,1.5,1.35032693180215,TRUE,FALSE
age_15,3,3,1.8,1.62039231816258,TRUE,FALSE
age_15,3,5,2.14285714285714,1.92903847400307,TRUE,FALSE
age_15,5,1,1,0.900217954534767,FALSE,FALSE
age_15,5,1.25,1.19047619047619,1.07168804111282,TRUE,FALSE
age_15,5,1.5,1.36363636363636,1.22756993800195,TRUE,FALSE
age_15,5,2,1.66666666666667,1.50036325755795,TRUE,FALSE
age_15,5,3,2.14285714285714,1.92903847400307,TRUE,FALSE
age_15,5,5,2.77777777777778,2.50060542926324,TRUE,FALSE
age_16,1,1,1,0.889648551242022,FALSE,FALSE
age_16,1,1.25,1,0.889648551242022,FALSE,FALSE
age_16,1,1.5,1,0.889648551242022,FALSE,FALSE
age_16,1,2,1,0.889648551242022,FALSE,FALSE
age_16,1,3,1,0.889648551242022,FALSE,FALSE
age_16,1,5,1,0.889648551242022,FALSE,FALSE
age_16,1.25,1,1,0.889648551242022,FALSE,FALSE
age_16,1.25,1.25,1.04166666666667,0.926717240877106,FALSE,FALSE
age_16,1.25,1.5,1.07142857142857,0.953194876330738,FALSE,FALSE
age_16,1.25,2,1.11111111111111,0.988498390268913,FALSE,FALSE
age_16,1.25,3,1.15384615384615,1.02651755912541,TRUE,FALSE
age_16,1.25,5,1.19047619047619,1.05910541814526,TRUE,FALSE
age_16,1.5,1,1,0.889648551242022,FALSE,FALSE
age_16,1.5,1.25,1.07142857142857,0.953194876330738,FALSE,FALSE
age_16,1.5,1.5,1.125,1.00085462014727,TRUE,FALSE
age_16,1.5,2,1.2,1.06757826149043,TRUE,FALSE
age_16,1.5,3,1.28571428571429,1.14383385159689,TRUE,FALSE
age_16,1.5,5,1.36363636363636,1.21315711533003,TRUE,FALSE
age_16,2,1,1,0.889648551242022,FALSE,FALSE
age_16,2,1.25,1.11111111111111,0.988498390268913,FALSE,FALSE
age_16,2,1.5,1.2,1.06757826149043,TRUE,FALSE
age_16,2,2,1.33333333333333,1.1861980683227,TRUE,FALSE
age_16,2,3,1.5,1.33447282686303,TRUE,FALSE
age_16,2,5,1.66666666666667,1.48274758540337,TRUE,FALSE
age_16,3,1,1,0.889648551242022,FALSE,FALSE
age_16,3,1.25,1.15384615384615,1.02651755912541,TRUE,FALSE
age_16,3,1.5,1.28571428571429,1.14383385159689,TRUE,FALSE
age_16,3,2,1.5,1.33447282686303,TRUE,FALSE
age_16,3,3,1.8,1.60136739223564,TRUE,FALSE
age_16,3,5,2.14285714285714,1.90638975266148,TRUE,FALSE
age_16,5,1,1,0.889648551242022,FALSE,FALSE
age_16,5,1.25,1.19047619047619,1.05910541814526,TRUE,FALSE
age_16,5,1.5,1.36363636363636,1.21315711533003,TRUE,FALSE
age_16,5,2,1.66666666666667,1.48274758540337,TRUE,FALSE
age_16,5,3,2.14285714285714,1.90638975266148,TRUE,FALSE
age_16,5,5,2.77777777777778,2.47124597567228,TRUE,FALSE
age_17,1,1,1,0.880127199517118,FALSE,FALSE
age_17,1,1.25,1,0.880127199517118,FALSE,FALSE
age_17,1,1.5,1,0.880127199517118,FALSE,FALSE
age_17,1,2,1,0.880127199517118,FALSE,FALSE
age_17,1,3,1,0.880127199517118,FALSE,FALSE
age_17,1,5,1,0.880127199517118,FALSE,FALSE
age_17,1.25,1,1,0.880127199517118,FALSE,FALSE
age_17,1.25,1.25,1.04166666666667,0.916799166163665,FALSE,FALSE
age_17,1.25,1.5,1.07142857142857,0.942993428054055,FALSE,FALSE
age_17,1.25,2,1.11111111111111,0.977919110574576,FALSE,FALSE
age_17,1.25,3,1.15384615384615,1.01553138405821,TRUE,FALSE
age_17,1.25,5,1.19047619047619,1.04777047561562,TRUE,FALSE
age_17,1.5,1,1,0.880127199517118,FALSE,FALSE
age_17,1.5,1.25,1.07142857142857,0.942993428054055,FALSE,FALSE
age_17,1.5,1.5,1.125,0.990143099456758,FALSE,FALSE
age_17,1.5,2,1.2,1.05615263942054,TRUE,FALSE
age_17,1.5,3,1.28571428571429,1.13159211366487,TRUE,FALSE
age_17,1.5,5,1.36363636363636,1.20017345388698,TRUE,FALSE
age_17,2,1,1,0.880127199517118,FALSE,FALSE
age_17,2,1.25,1.11111111111111,0.977919110574576,FALSE,FALSE
age_17,2,1.5,1.2,1.05615263942054,TRUE,FALSE
age_17,2,2,1.33333333333333,1.17350293268949,TRUE,FALSE
age_17,2,3,1.5,1.32019079927568,TRUE,FALSE
age_17,2,5,1.66666666666667,1.46687866586186,TRUE,FALSE
age_17,3,1,1,0.880127199517118,FALSE,FALSE
age_17,3,1.25,1.15384615384615,1.01553138405821,TRUE,FALSE
age_17,3,1.5,1.28571428571429,1.13159211366487,TRUE,FALSE
age_17,3,2,1.5,1.32019079927568,TRUE,FALSE
age_17,3,3,1.8,1.58422895913081,TRUE,FALSE
age_17,3,5,2.14285714285714,1.88598685610811,TRUE,FALSE
age_17,5,1,1,0.880127199517118,FALSE,FALSE
age_17,5,1.25,1.19047619047619,1.04777047561562,TRUE,FALSE
age_17,5,1.5,1.36363636363636,1.20017345388698,TRUE,FALSE
age_17,5,2,1.66666666666667,1.46687866586186,TRUE,FALSE
age_17,5,3,2.14285714285714,1.88598685610811,TRUE,FALSE
age_17,5,5,2.77777777777778,2.44479777643644,TRUE,FALSE
age_18,1,1,1,0.872074203562312,FALSE,FALSE
age_18,1,1.25,1,0.872074203562312,FALSE,FALSE
age_18,1,1.5,1,0.872074203562312,FALSE,FALSE
age_18,1,2,1,0.872074203562312,FALSE,FALSE
age_18,1,3,1,0.872074203562312,FALSE,FALSE
age_18,1,5,1,0.872074203562312,FALSE,FALSE
age_18,1.25,1,1,0.872074203562312,FALSE,FALSE
age_18,1.25,1.25,1.04166666666667,0.908410628710742,FALSE,FALSE
age_18,1.25,1.5,1.07142857142857,0.934365218102477,FALSE,FALSE
age_18,1.25,2,1.11111111111111,0.968971337291458,FALSE,FALSE
age_18,1.25,3,1.15384615384615,1.00623946564882,TRUE,FALSE
age_18,1.25,5,1.19047619047619,1.03818357566942,TRUE,FALSE
age_18,1.5,1,1,0.872074203562312,FALSE,FALSE
age_18,1.5,1.25,1.07142857142857,0.934365218102477,FALSE,FALSE
age_18,1.5,1.5,1.125,0.981083479007601,FALSE,FALSE
age_18,1.5,2,1.2,1.04648904427477,TRUE,FALSE
age_18,1.5,3,1.28571428571429,1.12123826172297,TRUE,FALSE
age_18,1.5,5,1.36363636363636,1.18919209576679,TRUE,FALSE
age_18,2,1,1,0.872074203562312,FALSE,FALSE
age_18,2,1.25,1.11111111111111,0.968971337291458,FALSE,FALSE
age_18,2,1.5,1.2,1.04648904427477,TRUE,FALSE
age_18,2,2,1.33333333333333,1.16276560474975,TRUE,FALSE
age_18,2,3,1.5,1.30811130534347,TRUE,FALSE
age_18,2,5,1.66666666666667,1.45345700593719,TRUE,FALSE
age_18,3,1,1,0.872074203562312,FALSE,FALSE
age_18,3,1.25,1.15384615384615,1.00623946564882,TRUE,FALSE
age_18,3,1.5,1.28571428571429,1.12123826172297,TRUE,FALSE
age_18,3,2,1.5,1.30811130534347,TRUE,FALSE
age_18,3,3,1.8,1.56973356641216,TRUE,FALSE
age_18,3,5,2.14285714285714,1.86873043620495,TRUE,FALSE
age_18,5,1,1,0.872074203562312,FALSE,FALSE
age_18,5,1.25,1.19047619047619,1.03818357566942,TRUE,FALSE
age_18,5,1.5,1.36363636363636,1.18919209576679,TRUE,FALSE
age_18,5,2,1.66666666666667,1.45345700593719,TRUE,FALSE
age_18,5,3,2.14285714285714,1.86873043620495,TRUE,FALSE
age_18,5,5,2.77777777777778,2.42242834322864,TRUE,FALSE
age_19,1,1,1,0.865783842323519,FALSE,FALSE
age_19,1,1.25,1,0.865783842323519,FALSE,FALSE
age_19,1,1.5,1,0.865783842323519,FALSE,FALSE
age_19,1,2,1,0.865783842323519,FALSE,FALSE
age_19,1,3,1,0.865783842323519,FALSE,FALSE
age_19,1,5,1,0.865783842323519,FALSE,FALSE
age_19,1.25,1,1,0.865783842323519,FALSE,FALSE
age_19,1.25,1.25,1.04166666666667,0.901858169086999,FALSE,FALSE
age_19,1.25,1.5,1.07142857142857,0.927625545346627,FALSE,FALSE
age_19,1.25,2,1.11111111111111,0.961982047026132,FALSE,FALSE
age_19,1.25,3,1.15384615384615,0.998981356527137,FALSE,FALSE
age_19,1.25,5,1.19047619047619,1.03069505038514,TRUE,FALSE
age_19,1.5,1,1,0.865783842323519,FALSE,FALSE
age_19,1.5,1.25,1.07142857142857,0.927625545346627,FALSE,FALSE
age_19,1.5,1.5,1.125,0.974006822613959,FALSE,FALSE
age_19,1.5,2,1.2,1.03894061078822,TRUE,FALSE
age_19,1.5,3,1.28571428571429,1.11315065441595,TRUE,FALSE
age_19,1.5,5,1.36363636363636,1.18061433044116,TRUE,FALSE
age_19,2,1,1,0.865783842323519,FALSE,FALSE
age_19,2,1.25,1.11111111111111,0.961982047026132,FALSE,FALSE
age_19,2,1.5,1.2,1.03894061078822,TRUE,FALSE
age_19,2,2,1.33333333333333,1.15437845643136,TRUE,FALSE
age_19,2,3,1.5,1.29867576348528,TRUE,FALSE
age_19,2,5,1.66666666666667,1.4429730705392,TRUE,FALSE
age_19,3,1,1,0.865783842323519,FALSE,FALSE
age_19,3,1.25,1.15384615384615,0.998981356527137,FALSE,FALSE
age_19,3,1.5,1.28571428571429,1.11315065441595,TRUE,FALSE
age_19,3,2,1.5,1.29867576348528,TRUE,FALSE
age_19,3,3,1.8,1.55841091618233,TRUE,FALSE
age_19,3,5,2.14285714285714,1.85525109069325,TRUE,FALSE
age_19,5,1,1,0.865783842323519,FALSE,FALSE
age_19,5,1.25,1.19047619047619,1.03069505038514,TRUE,FALSE
age_19,5,1.5,1.36363636363636,1.18061433044116,TRUE,FALSE
age_19,5,2,1.66666666666667,1.4429730705392,TRUE,FALSE
age_19,5,3,2.14285714285714,1.85525109069325,TRUE,FALSE
age_19,5,5,2.77777777777778,2.40495511756533,TRUE,FALSE
age_20,1,1,1,0.8613566316595,FALSE,FALSE
age_20,1,1.25,1,0.8613566316595,FALSE,FALSE
age_20,1,1.5,1,0.8613566316595,FALSE,FALSE
age_20,1,2,1,0.8613566316595,FALSE,FALSE
age_20,1,3,1,0.8613566316595,FALSE,FALSE
age_20,1,5,1,0.8613566316595,FALSE,FALSE
age_20,1.25,1,1,0.8613566316595,FALSE,FALSE
age_20,1.25,1.25,1.04166666666667,0.897246491311979,FALSE,FALSE
age_20,1.25,1.5,1.07142857142857,0.922882105349464,FALSE,FALSE
age_20,1.25,2,1.11111111111111,0.957062924066111,FALSE,FALSE
age_20,1.25,3,1.15384615384615,0.993873036530192,FALSE,FALSE
age_20,1.25,5,1.19047619047619,1.0254245614994,TRUE,FALSE
age_20,1.5,1,1,0.8613566316595,FALSE,FALSE
age_20,1.5,1.25,1.07142857142857,0.922882105349464,FALSE,FALSE
age_20,1.5,1.5,1.125,0.969026210616938,FALSE,FALSE
age_20,1.5,2,1.2,1.0336279579914,TRUE,FALSE
age_20,1.5,3,1.28571428571429,1.10745852641936,TRUE,FALSE
age_20,1.5,5,1.36363636363636,1.17457722499023,TRUE,FALSE
age_20,2,1,1,0.8613566316595,FALSE,FALSE
age_20,2,1.25,1.11111111111111,0.957062924066111,FALSE,FALSE
age_20,2,1.5,1.2,1.0336279579914,TRUE,FALSE
age_20,2,2,1.33333333333333,1.14847550887933,TRUE,FALSE
age_20,2,3,1.5,1.29203494748925,TRUE,FALSE
age_20,2,5,1.66666666666667,1.43559438609917,TRUE,FALSE
age_20,3,1,1,0.8613566316595,FALSE,FALSE
age_20,3,1.25,1.15384615384615,0.993873036530192,FALSE,FALSE
age_20,3,1.5,1.28571428571429,1.10745852641936,TRUE,FALSE
age_20,3,2,1.5,1.29203494748925,TRUE,FALSE
age_20,3,3,1.8,1.5504419369871,TRUE,FALSE
age_20,3,5,2.14285714285714,1.84576421069893,TRUE,FALSE
age_20,5,1,1,0.8613566316595,FALSE,FALSE
age_20,5,1.25,1.19047619047619,1.0254245614994,TRUE,FALSE
age_20,5,1.5,1.36363636363636,1.17457722499023,TRUE,FALSE
age_20,5,2,1.66666666666667,1.43559438609917,TRUE,FALSE
age_20,5,3,2.14285714285714,1.84576421069893,TRUE,FALSE
age_20,5,5,2.77777777777778,2.39265731016528,TRUE,FALSE
age_21,1,1,1,0.859676954587837,FALSE,FALSE
age_21,1,1.25,1,0.859676954587837,FALSE,FALSE
age_21,1,1.5,1,0.859676954587837,FALSE,FALSE
age_21,1,2,1,0.859676954587837,FALSE,FALSE
age_21,1,3,1,0.859676954587837,FALSE,FALSE
age_21,1,5,1,0.859676954587837,FALSE,FALSE
age_21,1.25,1,1,0.859676954587837,FALSE,FALSE
age_21,1.25,1.25,1.04166666666667,0.895496827695663,FALSE,FALSE
age_21,1.25,1.5,1.07142857142857,0.921082451344111,FALSE,FALSE
age_21,1.25,2,1.11111111111111,0.955196616208708,FALSE,FALSE
age_21,1.25,3,1.15384615384615,0.99193494760135,FALSE,FALSE
age_21,1.25,5,1.19047619047619,1.0234249459379,TRUE,FALSE
age_21,1.5,1,1,0.859676954587837,FALSE,FALSE
age_21,1.5,1.25,1.07142857142857,0.921082451344111,FALSE,FALSE
age_21,1.5,1.5,1.125,0.967136573911317,FALSE,FALSE
age_21,1.5,2,1.2,1.0316123455054,TRUE,FALSE
age_21,1.5,3,1.28571428571429,1.10529894161293,TRUE,FALSE
age_21,1.5,5,1.36363636363636,1.17228675625614,TRUE,FALSE
age_21,2,1,1,0.859676954587837,FALSE,FALSE
age_21,2,1.25,1.11111111111111,0.955196616208708,FALSE,FALSE
age_21,2,1.5,1.2,1.0316123455054,TRUE,FALSE
age_21,2,2,1.33333333333333,1.14623593945045,TRUE,FALSE
age_21,2,3,1.5,1.28951543188176,TRUE,FALSE
age_21,2,5,1.66666666666667,1.43279492431306,TRUE,FALSE
age_21,3,1,1,0.859676954587837,FALSE,FALSE
age_21,3,1.25,1.15384615384615,0.99193494760135,FALSE,FALSE
age_21,3,1.5,1.28571428571429,1.10529894161293,TRUE,FALSE
age_21,3,2,1.5,1.28951543188176,TRUE,FALSE
age_21,3,3,1.8,1.54741851825811,TRUE,FALSE
age_21,3,5,2.14285714285714,1.84216490268822,TRUE,FALSE
age_21,5,1,1,0.859676954587837,FALSE,FALSE
age_21,5,1.25,1.19047619047619,1.0234249459379,TRUE,FALSE
age_21,5,1.5,1.36363636363636,1.17228675625614,TRUE,FALSE
age_21,5,2,1.66666666666667,1.43279492431306,TRUE,FALSE
age_21,5,3,2.14285714285714,1.84216490268822,TRUE,FALSE
age_21,5,5,2.77777777777778,2.38799154052177,TRUE,FALSE
age_22,1,1,1,0.860801572260859,FALSE,FALSE
age_22,1,1.25,1,0.860801572260859,FALSE,FALSE
age_22,1,1.5,1,0.860801572260859,FALSE,FALSE
age_22,1,2,1,0.860801572260859,FALSE,FALSE
age_22,1,3,1,0.860801572260859,FALSE,FALSE
age_22,1,5,1,0.860801572260859,FALSE,FALSE
age_22,1.25,1,1,0.860801572260859,FALSE,FALSE
age_22,1.25,1.25,1.04166666666667,0.896668304438395,FALSE,FALSE
age_22,1.25,1.5,1.07142857142857,0.92228739885092,FALSE,FALSE
age_22,1.25,2,1.11111111111111,0.956446191400954,FALSE,FALSE
age_22,1.25,3,1.15384615384615,0.993232583377914,FALSE,FALSE
age_22,1.25,5,1.19047619047619,1.02476377650102,TRUE,FALSE
age_22,1.5,1,1,0.860801572260859,FALSE,FALSE
age_22,1.5,1.25,1.07142857142857,0.92228739885092,FALSE,FALSE
age_22,1.5,1.5,1.125,0.968401768793466,FALSE,FALSE
age_22,1.5,2,1.2,1.03296188671303,TRUE,FALSE
age_22,1.5,3,1.28571428571429,1.1067448786211,TRUE,FALSE
age_22,1.5,5,1.36363636363636,1.17382032581026,TRUE,FALSE
age_22,2,1,1,0.860801572260859,FALSE,FALSE
age_22,2,1.25,1.11111111111111,0.956446191400954,FALSE,FALSE
age_22,2,1.5,1.2,1.03296188671303,TRUE,FALSE
age_22,2,2,1.33333333333333,1.14773542968115,TRUE,FALSE
age_22,2,3,1.5,1.29120235839129,TRUE,FALSE
age_22,2,5,1.66666666666667,1.43466928710143,TRUE,FALSE
age_22,3,1,1,0.860801572260859,FALSE,FALSE
age_22,3,1.25,1.15384615384615,0.993232583377914,FALSE,FALSE
age_22,3,1.5,1.28571428571429,1.1067448786211,TRUE,FALSE
age_22,3,2,1.5,1.29120235839129,TRUE,FALSE
age_22,3,3,1.8,1.54944283006955,TRUE,FALSE
age_22,3,5,2.14285714285714,1.84457479770184,TRUE,FALSE
age_22,5,1,1,0.860801572260859,FALSE,FALSE
age_22,5,1.25,1.19047619047619,1.02476377650102,TRUE,FALSE
age_22,5,1.5,1.36363636363636,1.17382032581026,TRUE,FALSE
age_22,5,2,1.66666666666667,1.43466928710143,TRUE,FALSE
age_22,5,3,2.14285714285714,1.84457479770184,TRUE,FALSE
age_22,5,5,2.77777777777778,2.39111547850239,TRUE,FALSE
age_23,1,1,1,0.865044123188789,FALSE,FALSE
age_23,1,1.25,1,0.865044123188789,FALSE,FALSE
age_23,1,1.5,1,0.865044123188789,FALSE,FALSE
age_23,1,2,1,0.865044123188789,FALSE,FALSE
age_23,1,3,1,0.865044123188789,FALSE,FALSE
age_23,1,5,1,0.865044123188789,FALSE,FALSE
age_23,1.25,1,1,0.865044123188789,FALSE,FALSE
age_23,1.25,1.25,1.04166666666667,0.901087628321655,FALSE,FALSE
age_23,1.25,1.5,1.07142857142857,0.926832989130845,FALSE,FALSE
age_23,1.25,2,1.11111111111111,0.961160136876432,FALSE,FALSE
age_23,1.25,3,1.15384615384615,0.998127834448603,FALSE,FALSE
age_23,1.25,5,1.19047619047619,1.02981443236761,TRUE,FALSE
age_23,1.5,1,1,0.865044123188789,FALSE,FALSE
age_23,1.5,1.25,1.07142857142857,0.926832989130845,FALSE,FALSE
age_23,1.5,1.5,1.125,0.973174638587388,FALSE,FALSE
age_23,1.5,2,1.2,1.03805294782655,TRUE,FALSE
age_23,1.5,3,1.28571428571429,1.11219958695701,TRUE,FALSE
age_23,1.5,5,1.36363636363636,1.17960562253017,TRUE,FALSE
age_23,2,1,1,0.865044123188789,FALSE,FALSE
age_23,2,1.25,1.11111111111111,0.961160136876432,FALSE,FALSE
age_23,2,1.5,1.2,1.03805294782655,TRUE,FALSE
age_23,2,2,1.33333333333333,1.15339216425172,TRUE,FALSE
age_23,2,3,1.5,1.29756618478318,TRUE,FALSE
age_23,2,5,1.66666666666667,1.44174020531465,TRUE,FALSE
age_23,3,1,1,0.865044123188789,FALSE,FALSE
age_23,3,1.25,1.15384615384615,0.998127834448603,FALSE,FALSE
age_23,3,1.5,1.28571428571429,1.11219958695701,TRUE,FALSE
age_23,3,2,1.5,1.29756618478318,TRUE,FALSE
age_23,3,3,1.8,1.55707942173982,TRUE,FALSE
age_23,3,5,2.14285714285714,1.85366597826169,TRUE,FALSE
age_23,5,1,1,0.865044123188789,FALSE,FALSE
age_23,5,1.25,1.19047619047619,1.02981443236761,TRUE,FALSE
age_23,5,1.5,1.36363636363636,1.17960562253017,TRUE,FALSE
age_23,5,2,1.66666666666667,1.44174020531465,TRUE,FALSE
age_23,5,3,2.14285714285714,1.85366597826169,TRUE,FALSE
age_23,5,5,2.77777777777778,2.40290034219108,TRUE,FALSE
age_24,1,1,1,0.872062634252975,FALSE,FALSE
age_24,1,1.25,1,0.872062634252975,FALSE,FALSE
age_24,1,1.5,1,0.872062634252975,FALSE,FALSE
age_24,1,2,1,0.872062634252975,FALSE,FALSE
age_24,1,3,1,0.872062634252975,FALSE,FALSE
age_24,1,5,1,0.872062634252975,FALSE,FALSE
age_24,1.25,1,1,0.872062634252975,FALSE,FALSE
age_24,1.25,1.25,1.04166666666667,0.908398577346849,FALSE,FALSE
age_24,1.25,1.5,1.07142857142857,0.934352822413902,FALSE,FALSE
age_24,1.25,2,1.11111111111111,0.968958482503306,FALSE,FALSE
age_24,1.25,3,1.15384615384615,1.00622611644574,TRUE,FALSE
age_24,1.25,5,1.19047619047619,1.03816980268211,TRUE,FALSE
age_24,1.5,1,1,0.872062634252975,FALSE,FALSE
age_24,1.5,1.25,1.07142857142857,0.934352822413902,FALSE,FALSE
age_24,1.5,1.5,1.125,0.981070463534597,FALSE,FALSE
age_24,1.5,2,1.2,1.04647516110357,TRUE,FALSE
age_24,1.5,3,1.28571428571429,1.12122338689668,TRUE,FALSE
age_24,1.5,5,1.36363636363636,1.18917631943587,TRUE,FALSE
age_24,2,1,1,0.872062634252975,FALSE,FALSE
age_24,2,1.25,1.11111111111111,0.968958482503306,FALSE,FALSE
age_24,2,1.5,1.2,1.04647516110357,TRUE,FALSE
age_24,2,2,1.33333333333333,1.16275017900397,TRUE,FALSE
age_24,2,3,1.5,1.30809395137946,TRUE,FALSE
age_24,2,5,1.66666666666667,1.45343772375496,TRUE,FALSE
age_24,3,1,1,0.872062634252975,FALSE,FALSE
age_24,3,1.25,1.15384615384615,1.00622611644574,TRUE,FALSE
age_24,3,1.5,1.28571428571429,1.12122338689668,TRUE,FALSE
age_24,3,2,1.5,1.30809395137946,TRUE,FALSE
age_24,3,3,1.8,1.56971274165535,TRUE,FALSE
age_24,3,5,2.14285714285714,1.8687056448278,TRUE,FALSE
age_24,5,1,1,0.872062634252975,FALSE,FALSE
age_24,5,1.25,1.19047619047619,1.03816980268211,TRUE,FALSE
age_24,5,1.5,1.36363636363636,1.18917631943587,TRUE,FALSE
age_24,5,2,1.66666666666667,1.45343772375496,TRUE,FALSE
age_24,5,3,2.14285714285714,1.8687056448278,TRUE,FALSE
age_24,5,5,2.77777777777778,2.42239620625826,TRUE,FALSE
age_25,1,1,1,0.881979537843989,FALSE,FALSE
age_25,1,1.25,1,0.881979537843989,FALSE,FALSE
age_25,1,1.5,1,0.881979537843989,FALSE,FALSE
age_25,1,2,1,0.881979537843989,FALSE,FALSE
age_25,1,3,1,0.881979537843989,FALSE,FALSE
age_25,1,5,1,0.881979537843989,FALSE,FALSE
age_25,1.25,1,1,0.881979537843989,FALSE,FALSE
age_25,1.25,1.25,1.04166666666667,0.918728685254155,FALSE,FALSE
age_25,1.25,1.5,1.07142857142857,0.944978076261416,FALSE,FALSE
age_25,1.25,2,1.11111111111111,0.979977264271099,FALSE,FALSE
age_25,1.25,3,1.15384615384615,1.01766869751229,TRUE,FALSE
age_25,1.25,5,1.19047619047619,1.04997564029046,TRUE,FALSE
age_25,1.5,1,1,0.881979537843989,FALSE,FALSE
age_25,1.5,1.25,1.07142857142857,0.944978076261416,FALSE,FALSE
age_25,1.5,1.5,1.125,0.992226980074488,FALSE,FALSE
age_25,1.5,2,1.2,1.05837544541279,TRUE,FALSE
age_25,1.5,3,1.28571428571429,1.1339736915137,TRUE,FALSE
age_25,1.5,5,1.36363636363636,1.20269936978726,TRUE,FALSE
age_25,2,1,1,0.881979537843989,FALSE,FALSE
age_25,2,1.25,1.11111111111111,0.979977264271099,FALSE,FALSE
age_25,2,1.5,1.2,1.05837544541279,TRUE,FALSE
age_25,2,2,1.33333333333333,1.17597271712532,TRUE,FALSE
age_25,2,3,1.5,1.32296930676598,TRUE,FALSE
age_25,2,5,1.66666666666667,1.46996589640665,TRUE,FALSE
age_25,3,1,1,0.881979537843989,FALSE,FALSE
age_25,3,1.25,1.15384615384615,1.01766869751229,TRUE,FALSE
age_25,3,1.5,1.28571428571429,1.1339736915137,TRUE,FALSE
age_25,3,2,1.5,1.32296930676598,TRUE,FALSE
age_25,3,3,1.8,1.58756316811918,TRUE,FALSE
age_25,3,5,2.14285714285714,1.88995615252283,TRUE,FALSE
age_25,5,1,1,0.881979537843989,FALSE,FALSE
age_25,5,1.25,1.19047619047619,1.04997564029046,TRUE,FALSE
age_25,5,1.5,1.36363636363636,1.20269936978726,TRUE,FALSE
age_25,5,2,1.66666666666667,1.46996589640665,TRUE,FALSE
age_25,5,3,2.14285714285714,1.88995615252283,TRUE,FALSE
age_25,5,5,2.77777777777778,2.44994316067775,TRUE,FALSE
age_26,1,1,1,0.894344887373548,FALSE,FALSE
age_26,1,1.25,1,0.894344887373548,FALSE,FALSE
age_26,1,1.5,1,0.894344887373548,FALSE,FALSE
age_26,1,2,1,0.894344887373548,FALSE,FALSE
age_26,1,3,1,0.894344887373548,FALSE,FALSE
age_26,1,5,1,0.894344887373548,FALSE,FALSE
age_26,1.25,1,1,0.894344887373548,FALSE,FALSE
age_26,1.25,1.25,1.04166666666667,0.931609257680779,FALSE,FALSE
age_26,1.25,1.5,1.07142857142857,0.958226665043087,FALSE,FALSE
age_26,1.25,2,1.11111111111111,0.993716541526165,FALSE,FALSE
age_26,1.25,3,1.15384615384615,1.03193640850794,TRUE,FALSE
age_26,1.25,5,1.19047619047619,1.06469629449232,TRUE,FALSE
age_26,1.5,1,1,0.894344887373548,FALSE,FALSE
age_26,1.5,1.25,1.07142857142857,0.958226665043087,FALSE,FALSE
age_26,1.5,1.5,1.125,1.00613799829524,TRUE,FALSE
age_26,1.5,2,1.2,1.07321386484826,TRUE,FALSE
age_26,1.5,3,1.28571428571429,1.1498719980517,TRUE,FALSE
age_26,1.5,5,1.36363636363636,1.21956121005484,TRUE,FALSE
age_26,2,1,1,0.894344887373548,FALSE,FALSE
age_26,2,1.25,1.11111111111111,0.993716541526165,FALSE,FALSE
age_26,2,1.5,1.2,1.07321386484826,TRUE,FALSE
age_26,2,2,1.33333333333333,1.1924598498314,TRUE,FALSE
age_26,2,3,1.5,1.34151733106032,TRUE,FALSE
age_26,2,5,1.66666666666667,1.49057481228925,TRUE,FALSE
age_26,3,1,1,0.894344887373548,FALSE,FALSE
age_26,3,1.25,1.15384615384615,1.03193640850794,TRUE,FALSE
age_26,3,1.5,1.28571428571429,1.1498719980517,TRUE,FALSE
age_26,3,2,1.5,1.34151733106032,TRUE,FALSE
age_26,3,3,1.8,1.60982079727239,TRUE,FALSE
age_26,3,5,2.14285714285714,1.91645333008617,TRUE,FALSE
age_26,5,1,1,0.894344887373548,FALSE,FALSE
age_26,5,1.25,1.19047619047619,1.06469629449232,TRUE,FALSE
age_26,5,1.5,1.36363636363636,1.21956121005484,TRUE,FALSE
age_26,5,2,1.66666666666667,1.49057481228925,TRUE,FALSE
age_26,5,3,2.14285714285714,1.91645333008617,TRUE,FALSE
age_26,5,5,2.77777777777778,2.48429135381541,TRUE,FALSE
age_27,1,1,1,0.909044489805808,FALSE,FALSE
age_27,1,1.25,1,0.909044489805808,FALSE,FALSE
age_27,1,1.5,1,0.909044489805808,FALSE,FALSE
age_27,1,2,1,0.909044489805808,FALSE,FALSE
age_27,1,3,1,0.909044489805808,FALSE,FALSE
age_27,1,5,1,0.909044489805808,FALSE,FALSE
age_27,1.25,1,1,0.909044489805808,FALSE,FALSE
age_27,1.25,1.25,1.04166666666667,0.946921343547717,FALSE,FALSE
age_27,1.25,1.5,1.07142857142857,0.973976239077651,FALSE,FALSE
age_27,1.25,2,1.11111111111111,1.01004943311756,TRUE,FALSE
age_27,1.25,3,1.15384615384615,1.04889748823747,TRUE,FALSE
age_27,1.25,5,1.19047619047619,1.08219582119739,TRUE,FALSE
age_27,1.5,1,1,0.909044489805808,FALSE,FALSE
age_27,1.5,1.25,1.07142857142857,0.973976239077651,FALSE,FALSE
age_27,1.5,1.5,1.125,1.02267505103153,TRUE,FALSE
age_27,1.5,2,1.2,1.09085338776697,TRUE,FALSE
age_27,1.5,3,1.28571428571429,1.16877148689318,TRUE,FALSE
age_27,1.5,5,1.36363636363636,1.23960612246247,TRUE,FALSE
age_27,2,1,1,0.909044489805808,FALSE,FALSE
age_27,2,1.25,1.11111111111111,1.01004943311756,TRUE,FALSE
age_27,2,1.5,1.2,1.09085338776697,TRUE,FALSE
age_27,2,2,1.33333333333333,1.21205931974108,TRUE,FALSE
age_27,2,3,1.5,1.36356673470871,TRUE,FALSE
age_27,2,5,1.66666666666667,1.51507414967635,TRUE,FALSE
age_27,3,1,1,0.909044489805808,FALSE,FALSE
age_27,3,1.25,1.15384615384615,1.04889748823747,TRUE,FALSE
age_27,3,1.5,1.28571428571429,1.16877148689318,TRUE,FALSE
age_27,3,2,1.5,1.36356673470871,TRUE,FALSE
age_27,3,3,1.8,1.63628008165045,TRUE,FALSE
age_27,3,5,2.14285714285714,1.9479524781553,TRUE,FALSE
age_27,5,1,1,0.909044489805808,FALSE,FALSE
age_27,5,1.25,1.19047619047619,1.08219582119739,TRUE,FALSE
age_27,5,1.5,1.36363636363636,1.23960612246247,TRUE,FALSE
age_27,5,2,1.66666666666667,1.51507414967635,TRUE,FALSE
age_27,5,3,2.14285714285714,1.9479524781553,TRUE,FALSE
age_27,5,5,2.77777777777778,2.52512358279391,TRUE,FALSE
age_28,1,1,1,0.925912880655673,FALSE,FALSE
age_28,1,1.25,1,0.925912880655673,FALSE,FALSE
age_28,1,1.5,1,0.925912880655673,FALSE,FALSE
age_28,1,2,1,0.925912880655673,FALSE,FALSE
age_28,1,3,1,0.925912880655673,FALSE,FALSE
age_28,1,5,1,0.925912880655673,FALSE,FALSE
age_28,1.25,1,1,0.925912880655673,FALSE,FALSE
age_28,1.25,1.25,1.04166666666667,0.964492584016326,FALSE,FALSE
age_28,1.25,1.5,1.07142857142857,0.992049514988221,FALSE,FALSE
age_28,1.25,2,1.11111111111111,1.02879208961741,TRUE,FALSE
age_28,1.25,3,1.15384615384615,1.06836101614116,TRUE,FALSE
age_28,1.25,5,1.19047619047619,1.1022772388758,TRUE,FALSE
age_28,1.5,1,1,0.925912880655673,FALSE,FALSE
age_28,1.5,1.25,1.07142857142857,0.992049514988221,FALSE,FALSE
age_28,1.5,1.5,1.125,1.04165199073763,TRUE,FALSE
age_28,1.5,2,1.2,1.11109545678681,TRUE,FALSE
age_28,1.5,3,1.28571428571429,1.19045941798587,TRUE,FALSE
age_28,1.5,5,1.36363636363636,1.26260847362137,TRUE,FALSE
age_28,2,1,1,0.925912880655673,FALSE,FALSE
age_28,2,1.25,1.11111111111111,1.02879208961741,TRUE,FALSE
age_28,2,1.5,1.2,1.11109545678681,TRUE,FALSE
age_28,2,2,1.33333333333333,1.2345505075409,TRUE,FALSE
age_28,2,3,1.5,1.38886932098351,TRUE,FALSE
age_28,2,5,1.66666666666667,1.54318813442612,TRUE,FALSE
age_28,3,1,1,0.925912880655673,FALSE,FALSE
age_28,3,1.25,1.15384615384615,1.06836101614116,TRUE,FALSE
age_28,3,1.5,1.28571428571429,1.19045941798587,TRUE,FALSE
age_28,3,2,1.5,1.38886932098351,TRUE,FALSE
age_28,3,3,1.8,1.66664318518021,TRUE,FALSE
age_28,3,5,2.14285714285714,1.98409902997644,TRUE,FALSE
age_28,5,1,1,0.925912880655673,FALSE,FALSE
age_28,5,1.25,1.19047619047619,1.1022772388758,TRUE,FALSE
age_28,5,1.5,1.36363636363636,1.26260847362137,TRUE,FALSE
age_28,5,2,1.66666666666667,1.54318813442612,TRUE,FALSE
age_28,5,3,2.14285714285714,1.98409902997644,TRUE,FALSE
age_28,5,5,2.77777777777778,2.57198022404354,TRUE,FALSE
age_29,1,1,1,0.944425992278877,FALSE,FALSE
age_29,1,1.25,1,0.944425992278877,FALSE,FALSE
age_29,1,1.5,1,0.944425992278877,FALSE,FALSE
age_29,1,2,1,0.944425992278877,FALSE,FALSE
age_29,1,3,1,0.944425992278877,FALSE,FALSE
age_29,1,5,1,0.944425992278877,FALSE,FALSE
age_29,1.25,1,1,0.944425992278877,FALSE,FALSE
age_29,1.25,1.25,1.04166666666667,0.983777075290497,FALSE,FALSE
age_29,1.25,1.5,1.07142857142857,1.01188499172737,TRUE,FALSE
age_29,1.25,2,1.11111111111111,1.0493622136432,TRUE,FALSE
age_29,1.25,3,1.15384615384615,1.08972229878332,TRUE,FALSE
age_29,1.25,5,1.19047619047619,1.12431665747485,TRUE,FALSE
age_29,1.5,1,1,0.944425992278877,FALSE,FALSE
age_29,1.5,1.25,1.07142857142857,1.01188499172737,TRUE,FALSE
age_29,1.5,1.5,1.125,1.06247924131374,TRUE,FALSE
age_29,1.5,2,1.2,1.13331119073465,TRUE,FALSE
age_29,1.5,3,1.28571428571429,1.21426199007284,TRUE,FALSE
age_29,1.5,5,1.36363636363636,1.28785362583483,TRUE,FALSE
age_29,2,1,1,0.944425992278877,FALSE,FALSE
age_29,2,1.25,1.11111111111111,1.0493622136432,TRUE,FALSE
age_29,2,1.5,1.2,1.13331119073465,TRUE,FALSE
age_29,2,2,1.33333333333333,1.25923465637184,TRUE,FALSE
age_29,2,3,1.5,1.41663898841832,TRUE,FALSE
age_29,2,5,1.66666666666667,1.5740433204648,TRUE,FALSE
age_29,3,1,1,0.944425992278877,FALSE,FALSE
age_29,3,1.25,1.15384615384615,1.08972229878332,TRUE,FALSE
age_29,3,1.5,1.28571428571429,1.21426199007284,TRUE,FALSE
age_29,3,2,1.5,1.41663898841832,TRUE,FALSE
age_29,3,3,1.8,1.69996678610198,TRUE,FALSE
age_29,3,5,2.14285714285714,2.02376998345474,TRUE,FALSE
age_29,5,1,1,0.944425992278877,FALSE,FALSE
age_29,5,1.25,1.19047619047619,1.12431665747485,TRUE,FALSE
age_29,5,1.5,1.36363636363636,1.28785362583483,TRUE,FALSE
age_29,5,2,1.66666666666667,1.5740433204648,TRUE,FALSE
age_29,5,3,2.14285714285714,2.02376998345474,TRUE,FALSE
age_29,5,5,2.77777777777778,2.62340553410799,TRUE,FALSE
age_30,1,1,1,0.963818703144871,FALSE,FALSE
age_30,1,1.25,1,0.963818703144871,FALSE,FALSE
age_30,1,1.5,1,0.963818703144871,FALSE,FALSE
age_30,1,2,1,0.963818703144871,FALSE,FALSE
age_30,1,3,1,0.963818703144871,FALSE,FALSE
age_30,1,5,1,0.963818703144871,FALSE,FALSE
age_30,1.25,1,1,0.963818703144871,FALSE,FALSE
age_30,1.25,1.25,1.04166666666667,1.00397781577591,TRUE,FALSE
age_30,1.25,1.5,1.07142857142857,1.03266289622665,TRUE,FALSE
age_30,1.25,2,1.11111111111111,1.07090967016097,TRUE,FALSE
age_30,1.25,3,1.15384615384615,1.1120985036287,TRUE,FALSE
age_30,1.25,5,1.19047619047619,1.14740321802961,TRUE,FALSE
age_30,1.5,1,1,0.963818703144871,FALSE,FALSE
age_30,1.5,1.25,1.07142857142857,1.03266289622665,TRUE,FALSE
age_30,1.5,1.5,1.125,1.08429604103798,TRUE,FALSE
age_30,1.5,2,1.2,1.15658244377385,TRUE,FALSE
age_30,1.5,3,1.28571428571429,1.23919547547198,TRUE,FALSE
age_30,1.5,5,1.36363636363636,1.31429823156119,TRUE,FALSE
age_30,2,1,1,0.963818703144871,FALSE,FALSE
age_30,2,1.25,1.11111111111111,1.07090967016097,TRUE,FALSE
age_30,2,1.5,1.2,1.15658244377385,TRUE,FALSE
age_30,2,2,1.33333333333333,1.28509160419316,TRUE,FALSE
age_30,2,3,1.5,1.44572805471731,TRUE,FALSE
age_30,2,5,1.66666666666667,1.60636450524145,TRUE,FALSE
age_30,3,1,1,0.963818703144871,FALSE,FALSE
age_30,3,1.25,1.15384615384615,1.1120985036287,TRUE,FALSE
age_30,3,1.5,1.28571428571429,1.23919547547198,TRUE,FALSE
age_30,3,2,1.5,1.44572805471731,TRUE,FALSE
age_30,3,3,1.8,1.73487366566077,TRUE,FALSE
age_30,3,5,2.14285714285714,2.06532579245329,TRUE,FALSE
age_30,5,1,1,0.963818703144871,FALSE,FALSE
age_30,5,1.25,1.19047619047619,1.14740321802961,TRUE,FALSE
age_30,5,1.5,1.36363636363636,1.31429823156119,TRUE,FALSE
age_30,5,2,1.66666666666667,1.60636450524145,TRUE,FALSE
age_30,5,3,2.14285714285714,2.06532579245329,TRUE,FALSE
age_30,5,5,2.77777777777778,2.67727417540242,TRUE,FALSE
age_31,1,1,1,0.983552029510279,FALSE,FALSE
age_31,1,1.25,1,0.983552029510279,FALSE,FALSE
age_31,1,1.5,1,0.983552029510279,FALSE,FALSE
age_31,1,2,1,0.983552029510279,FALSE,FALSE
age_31,1,3,1,0.983552029510279,FALSE,FALSE
age_31,1,5,1,0.983552029510279,FALSE,FALSE
age_31,1.25,1,1,0.983552029510279,FALSE,FALSE
age_31,1.25,1.25,1.04166666666667,1.02453336407321,TRUE,FALSE
age_31,1.25,1.5,1.07142857142857,1.05380574590387,TRUE,FALSE
age_31,1.25,2,1.11111111111111,1.09283558834475,TRUE,FALSE
age_31,1.25,3,1.15384615384615,1.13486772635801,TRUE,FALSE
age_31,1.25,5,1.19047619047619,1.17089527322652,TRUE,FALSE
age_31,1.5,1,1,0.983552029510279,FALSE,FALSE
age_31,1.5,1.25,1.07142857142857,1.05380574590387,TRUE,FALSE
age_31,1.5,1.5,1.125,1.10649603319906,TRUE,FALSE
age_31,1.5,2,1.2,1.18026243541233,TRUE,FALSE
age_31,1.5,3,1.28571428571429,1.26456689508464,TRUE,FALSE
age_31,1.5,5,1.36363636363636,1.34120731296856,TRUE,FALSE
age_31,2,1,1,0.983552029510279,FALSE,FALSE
age_31,2,1.25,1.11111111111111,1.09283558834475,TRUE,FALSE
age_31,2,1.5,1.2,1.18026243541233,TRUE,FALSE
age_31,2,2,1.33333333333333,1.31140270601371,TRUE,FALSE
age_31,2,3,1.5,1.47532804426542,TRUE,FALSE
age_31,2,5,1.66666666666667,1.63925338251713,TRUE,FALSE
age_31,3,1,1,0.983552029510279,FALSE,FALSE
age_31,3,1.25,1.15384615384615,1.13486772635801,TRUE,FALSE
age_31,3,1.5,1.28571428571429,1.26456689508464,TRUE,FALSE
age_31,3,2,1.5,1.47532804426542,TRUE,FALSE
age_31,3,3,1.8,1.7703936531185,TRUE,FALSE
age_31,3,5,2.14285714285714,2.10761149180774,TRUE,FALSE
age_31,5,1,1,0.983552029510279,FALSE,FALSE
age_31,5,1.25,1.19047619047619,1.17089527322652,TRUE,FALSE
age_31,5,1.5,1.36363636363636,1.34120731296856,TRUE,FALSE
age_31,5,2,1.66666666666667,1.63925338251713,TRUE,FALSE
age_31,5,3,2.14285714285714,2.10761149180774,TRUE,FALSE
age_31,5,5,2.77777777777778,2.73208897086189,TRUE,FALSE
age_32,1,1,1,1.00295821309549,FALSE,FALSE
age_32,1,1.25,1,1.00295821309549,FALSE,FALSE
age_32,1,1.5,1,1.00295821309549,FALSE,FALSE
age_32,1,2,1,1.00295821309549,FALSE,FALSE
age_32,1,3,1,1.00295821309549,FALSE,FALSE
age_32,1,5,1,1.00295821309549,FALSE,FALSE
age_32,1.25,1,1,1.00295821309549,FALSE,FALSE
age_32,1.25,1.25,1.04166666666667,0.96283988457167,TRUE,FALSE
age_32,1.25,1.5,1.07142857142857,0.936094332222458,TRUE,FALSE
age_32,1.25,2,1.11111111111111,0.902662391785941,TRUE,FALSE
age_32,1.25,3,1.15384615384615,0.869230451349425,TRUE,FALSE
age_32,1.25,5,1.19047619047619,0.842484899000212,TRUE,FALSE
age_32,1.5,1,1,1.00295821309549,FALSE,FALSE
age_32,1.5,1.25,1.07142857142857,0.936094332222458,TRUE,FALSE
age_32,1.5,1.5,1.125,0.891518411640436,TRUE,FALSE
age_32,1.5,2,1.2,0.835798510912908,TRUE,FALSE
age_32,1.5,3,1.28571428571429,0.780078610185381,TRUE,FALSE
age_32,1.5,5,1.36363636363636,0.735502689603359,TRUE,FALSE
age_32,2,1,1,1.00295821309549,FALSE,FALSE
age_32,2,1.25,1.11111111111111,0.902662391785941,TRUE,FALSE
age_32,2,1.5,1.2,0.835798510912908,TRUE,FALSE
age_32,2,2,1.33333333333333,0.752218659821618,TRUE,FALSE
age_32,2,3,1.5,0.668638808730327,TRUE,FALSE
age_32,2,5,1.66666666666667,0.601774927857294,TRUE,FALSE
age_32,3,1,1,1.00295821309549,FALSE,FALSE
age_32,3,1.25,1.15384615384615,0.869230451349425,TRUE,FALSE
age_32,3,1.5,1.28571428571429,0.780078610185381,TRUE,FALSE
age_32,3,2,1.5,0.668638808730327,TRUE,FALSE
age_32,3,3,1.8,0.557199007275272,TRUE,FALSE
age_32,3,5,2.14285714285714,0.468047166111229,TRUE,FALSE
age_32,5,1,1,1.00295821309549,FALSE,FALSE
age_32,5,1.25,1.19047619047619,0.842484899000212,TRUE,FALSE
age_32,5,1.5,1.36363636363636,0.735502689603359,TRUE,FALSE
age_32,5,2,1.66666666666667,0.601774927857294,TRUE,FALSE
age_32,5,3,2.14285714285714,0.468047166111229,TRUE,FALSE
age_32,5,5,2.77777777777778,0.361064956714376,TRUE,FALSE
age_33,1,1,1,1.02130141682097,FALSE,FALSE
age_33,1,1.25,1,1.02130141682097,FALSE,FALSE
age_33,1,1.5,1,1.02130141682097,FALSE,FALSE
age_33,1,2,1,1.02130141682097,FALSE,FALSE
age_33,1,3,1,1.02130141682097,FALSE,FALSE
age_33,1,5,1,1.02130141682097,FALSE,FALSE
age_33,1.25,1,1,1.02130141682097,FALSE,FALSE
age_33,1.25,1.25,1.04166666666667,0.980449360148131,TRUE,FALSE
age_33,1.25,1.5,1.07142857142857,0.953214655699572,TRUE,FALSE
age_33,1.25,2,1.11111111111111,0.919171275138873,TRUE,FALSE
age_33,1.25,3,1.15384615384615,0.885127894578174,TRUE,FALSE
age_33,1.25,5,1.19047619047619,0.857893190129615,TRUE,FALSE
age_33,1.5,1,1,1.02130141682097,FALSE,FALSE
age_33,1.5,1.25,1.07142857142857,0.953214655699572,TRUE,FALSE
age_33,1.5,1.5,1.125,0.90782348161864,TRUE,FALSE
age_33,1.5,2,1.2,0.851084514017475,TRUE,FALSE
age_33,1.5,3,1.28571428571429,0.79434554641631,TRUE,FALSE
age_33,1.5,5,1.36363636363636,0.748954372335378,TRUE,FALSE
age_33,2,1,1,1.02130141682097,FALSE,FALSE
age_33,2,1.25,1.11111111111111,0.919171275138873,TRUE,FALSE
age_33,2,1.5,1.2,0.851084514017475,TRUE,FALSE
age_33,2,2,1.33333333333333,0.765976062615727,TRUE,FALSE
age_33,2,3,1.5,0.68086761121398,TRUE,FALSE
age_33,2,5,1.66666666666667,0.612780850092582,TRUE,FALSE
age_33,3,1,1,1.02130141682097,FALSE,FALSE
age_33,3,1.25,1.15384615384615,0.885127894578174,TRUE,FALSE
age_33,3,1.5,1.28571428571429,0.79434554641631,TRUE,FALSE
age_33,3,2,1.5,0.68086761121398,TRUE,FALSE
age_33,3,3,1.8,0.56738967601165,TRUE,FALSE
age_33,3,5,2.14285714285714,0.476607327849786,TRUE,FALSE
age_33,5,1,1,1.02130141682097,FALSE,FALSE
age_33,5,1.25,1.19047619047619,0.857893190129615,TRUE,FALSE
age_33,5,1.5,1.36363636363636,0.748954372335378,TRUE,FALSE
age_33,5,2,1.66666666666667,0.612780850092582,TRUE,FALSE
age_33,5,3,2.14285714285714,0.476607327849786,TRUE,FALSE
age_33,5,5,2.77777777777778,0.367668510055549,TRUE,FALSE
age_34,1,1,1,1.03780519556718,FALSE,FALSE
age_34,1,1.25,1,1.03780519556718,FALSE,FALSE
age_34,1,1.5,1,1.03780519556718,FALSE,FALSE
age_34,1,2,1,1.03780519556718,FALSE,FALSE
age_34,1,3,1,1.03780519556718,FALSE,FALSE
age_34,1,5,1,1.03780519556718,FALSE,FALSE
age_34,1.25,1,1,1.03780519556718,FALSE,FALSE
age_34,1.25,1.25,1.04166666666667,0.996292987744493,TRUE,FALSE
age_34,1.25,1.5,1.07142857142857,0.968618182529368,TRUE,FALSE
age_34,1.25,2,1.11111111111111,0.934024676010462,TRUE,FALSE
age_34,1.25,3,1.15384615384615,0.899431169491556,TRUE,FALSE
age_34,1.25,5,1.19047619047619,0.871756364276431,TRUE,FALSE
age_34,1.5,1,1,1.03780519556718,FALSE,FALSE
age_34,1.5,1.25,1.07142857142857,0.968618182529368,TRUE,FALSE
age_34,1.5,1.5,1.125,0.922493507170827,TRUE,FALSE
age_34,1.5,2,1.2,0.86483766297265,TRUE,FALSE
age_34,1.5,3,1.28571428571429,0.807181818774473,TRUE,FALSE
age_34,1.5,5,1.36363636363636,0.761057143415932,TRUE,FALSE
age_34,2,1,1,1.03780519556718,FALSE,FALSE
age_34,2,1.25,1.11111111111111,0.934024676010462,TRUE,FALSE
age_34,2,1.5,1.2,0.86483766297265,TRUE,FALSE
age_34,2,2,1.33333333333333,0.778353896675385,TRUE,FALSE
age_34,2,3,1.5,0.69187013037812,TRUE,FALSE
age_34,2,5,1.66666666666667,0.622683117340308,TRUE,FALSE
age_34,3,1,1,1.03780519556718,FALSE,FALSE
age_34,3,1.25,1.15384615384615,0.899431169491556,TRUE,FALSE
age_34,3,1.5,1.28571428571429,0.807181818774473,TRUE,FALSE
age_34,3,2,1.5,0.69187013037812,TRUE,FALSE
age_34,3,3,1.8,0.576558441981767,TRUE,FALSE
age_34,3,5,2.14285714285714,0.484309091264684,TRUE,FALSE
age_34,5,1,1,1.03780519556718,FALSE,FALSE
age_34,5,1.25,1.19047619047619,0.871756364276431,TRUE,FALSE
age_34,5,1.5,1.36363636363636,0.761057143415932,TRUE,FALSE
age_34,5,2,1.66666666666667,0.622683117340308,TRUE,FALSE
age_34,5,3,2.14285714285714,0.484309091264684,TRUE,FALSE
age_34,5,5,2.77777777777778,0.373609870404185,TRUE,FALSE
age_35,1,1,1,1.05178279376642,FALSE,FALSE
age_35,1,1.25,1,1.05178279376642,FALSE,FALSE
age_35,1,1.5,1,1.05178279376642,FALSE,FALSE
age_35,1,2,1,1.05178279376642,FALSE,FALSE
age_35,1,3,1,1.05178279376642,FALSE,FALSE
age_35,1,5,1,1.05178279376642,FALSE,FALSE
age_35,1.25,1,1,1.05178279376642,FALSE,FALSE
age_35,1.25,1.25,1.04166666666667,1.00971148201576,FALSE,FALSE
age_35,1.25,1.5,1.07142857142857,0.981663940848659,TRUE,FALSE
age_35,1.25,2,1.11111111111111,0.946604514389778,TRUE,FALSE
age_35,1.25,3,1.15384615384615,0.911545087930897,TRUE,FALSE
age_35,1.25,5,1.19047619047619,0.883497546763793,TRUE,FALSE
age_35,1.5,1,1,1.05178279376642,FALSE,FALSE
age_35,1.5,1.25,1.07142857142857,0.981663940848659,TRUE,FALSE
age_35,1.5,1.5,1.125,0.934918038903484,TRUE,FALSE
age_35,1.5,2,1.2,0.876485661472016,TRUE,FALSE
age_35,1.5,3,1.28571428571429,0.818053284040549,TRUE,FALSE
age_35,1.5,5,1.36363636363636,0.771307382095375,TRUE,FALSE
age_35,2,1,1,1.05178279376642,FALSE,FALSE
age_35,2,1.25,1.11111111111111,0.946604514389778,TRUE,FALSE
age_35,2,1.5,1.2,0.876485661472016,TRUE,FALSE
age_35,2,2,1.33333333333333,0.788837095324815,TRUE,FALSE
age_35,2,3,1.5,0.701188529177613,TRUE,FALSE
age_35,2,5,1.66666666666667,0.631069676259852,TRUE,FALSE
age_35,3,1,1,1.05178279376642,FALSE,FALSE
age_35,3,1.25,1.15384615384615,0.911545087930897,TRUE,FALSE
age_35,3,1.5,1.28571428571429,0.818053284040549,TRUE,FALSE
age_35,3,2,1.5,0.701188529177613,TRUE,FALSE
age_35,3,3,1.8,0.584323774314678,TRUE,FALSE
age_35,3,5,2.14285714285714,0.490831970424329,TRUE,FALSE
age_35,5,1,1,1.05178279376642,FALSE,FALSE
age_35,5,1.25,1.19047619047619,0.883497546763793,TRUE,FALSE
age_35,5,1.5,1.36363636363636,0.771307382095375,TRUE,FALSE
age_35,5,2,1.66666666666667,0.631069676259852,TRUE,FALSE
age_35,5,3,2.14285714285714,0.490831970424329,TRUE,FALSE
age_35,5,5,2.77777777777778,0.378641805755911,TRUE,FALSE
age_36,1,1,1,1.06251707531662,FALSE,FALSE
age_36,1,1.25,1,1.06251707531662,FALSE,FALSE
age_36,1,1.5,1,1.06251707531662,FALSE,FALSE
age_36,1,2,1,1.06251707531662,FALSE,FALSE
age_36,1,3,1,1.06251707531662,FALSE,FALSE
age_36,1,5,1,1.06251707531662,FALSE,FALSE
age_36,1.25,1,1,1.06251707531662,FALSE,FALSE
age_36,1.25,1.25,1.04166666666667,1.02001639230396,FALSE,FALSE
age_36,1.25,1.5,1.07142857142857,0.991682603628846,TRUE,FALSE
age_36,1.25,2,1.11111111111111,0.956265367784958,TRUE,FALSE
age_36,1.25,3,1.15384615384615,0.920848131941071,TRUE,FALSE
age_36,1.25,5,1.19047619047619,0.892514343265961,TRUE,FALSE
age_36,1.5,1,1,1.06251707531662,FALSE,FALSE
age_36,1.5,1.25,1.07142857142857,0.991682603628846,TRUE,FALSE
age_36,1.5,1.5,1.125,0.944459622503662,TRUE,FALSE
age_36,1.5,2,1.2,0.885430896097183,TRUE,FALSE
age_36,1.5,3,1.28571428571429,0.826402169690705,TRUE,FALSE
age_36,1.5,5,1.36363636363636,0.779179188565521,TRUE,FALSE
age_36,2,1,1,1.06251707531662,FALSE,FALSE
age_36,2,1.25,1.11111111111111,0.956265367784958,TRUE,FALSE
age_36,2,1.5,1.2,0.885430896097183,TRUE,FALSE
age_36,2,2,1.33333333333333,0.796887806487465,TRUE,FALSE
age_36,2,3,1.5,0.708344716877747,TRUE,FALSE
age_36,2,5,1.66666666666667,0.637510245189972,TRUE,FALSE
age_36,3,1,1,1.06251707531662,FALSE,FALSE
age_36,3,1.25,1.15384615384615,0.920848131941071,TRUE,FALSE
age_36,3,1.5,1.28571428571429,0.826402169690705,TRUE,FALSE
age_36,3,2,1.5,0.708344716877747,TRUE,FALSE
age_36,3,3,1.8,0.590287264064789,TRUE,FALSE
age_36,3,5,2.14285714285714,0.495841301814423,TRUE,FALSE
age_36,5,1,1,1.06251707531662,FALSE,FALSE
age_36,5,1.25,1.19047619047619,0.892514343265961,TRUE,FALSE
age_36,5,1.5,1.36363636363636,0.779179188565521,TRUE,FALSE
age_36,5,2,1.66666666666667,0.637510245189972,TRUE,FALSE
age_36,5,3,2.14285714285714,0.495841301814423,TRUE,FALSE
age_36,5,5,2.77777777777778,0.382506147113983,TRUE,FALSE
age_37,1,1,1,1.07024415922107,FALSE,FALSE
age_37,1,1.25,1,1.07024415922107,FALSE,FALSE
age_37,1,1.5,1,1.07024415922107,FALSE,FALSE
age_37,1,2,1,1.07024415922107,FALSE,FALSE
age_37,1,3,1,1.07024415922107,FALSE,FALSE
age_37,1,5,1,1.07024415922107,FALSE,FALSE
age_37,1.25,1,1,1.07024415922107,FALSE,FALSE
age_37,1.25,1.25,1.04166666666667,1.02743439285223,FALSE,FALSE
age_37,1.25,1.5,1.07142857142857,0.998894548606332,TRUE,FALSE
age_37,1.25,2,1.11111111111111,0.963219743298963,TRUE,FALSE
age_37,1.25,3,1.15384615384615,0.927544937991594,TRUE,FALSE
age_37,1.25,5,1.19047619047619,0.899005093745699,TRUE,FALSE
age_37,1.5,1,1,1.07024415922107,FALSE,FALSE
age_37,1.5,1.25,1.07142857142857,0.998894548606332,TRUE,FALSE
age_37,1.5,1.5,1.125,0.95132814152984,TRUE,FALSE
age_37,1.5,2,1.2,0.891870132684225,TRUE,FALSE
age_37,1.5,3,1.28571428571429,0.83241212383861,TRUE,FALSE
age_37,1.5,5,1.36363636363636,0.784845716762118,TRUE,FALSE
age_37,2,1,1,1.07024415922107,FALSE,FALSE
age_37,2,1.25,1.11111111111111,0.963219743298963,TRUE,FALSE
age_37,2,1.5,1.2,0.891870132684225,TRUE,FALSE
age_37,2,2,1.33333333333333,0.802683119415803,TRUE,FALSE
age_37,2,3,1.5,0.71349610614738,TRUE,FALSE
age_37,2,5,1.66666666666667,0.642146495532642,TRUE,FALSE
age_37,3,1,1,1.07024415922107,FALSE,FALSE
age_37,3,1.25,1.15384615384615,0.927544937991594,TRUE,FALSE
age_37,3,1.5,1.28571428571429,0.83241212383861,TRUE,FALSE
age_37,3,2,1.5,0.71349610614738,TRUE,FALSE
age_37,3,3,1.8,0.59458008845615,TRUE,FALSE
age_37,3,5,2.14285714285714,0.499447274303166,TRUE,FALSE
age_37,5,1,1,1.07024415922107,FALSE,FALSE
age_37,5,1.25,1.19047619047619,0.899005093745699,TRUE,FALSE
age_37,5,1.5,1.36363636363636,0.784845716762118,TRUE,FALSE
age_37,5,2,1.66666666666667,0.642146495532642,TRUE,FALSE
age_37,5,3,2.14285714285714,0.499447274303166,TRUE,FALSE
age_37,5,5,2.77777777777778,0.385287897319585,TRUE,FALSE
age_38,1,1,1,1.07517219846254,FALSE,FALSE
age_38,1,1.25,1,1.07517219846254,FALSE,FALSE
age_38,1,1.5,1,1.07517219846254,FALSE,FALSE
age_38,1,2,1,1.07517219846254,FALSE,FALSE
age_38,1,3,1,1.07517219846254,FALSE,FALSE
age_38,1,5,1,1.07517219846254,FALSE,FALSE
age_38,1.25,1,1,1.07517219846254,FALSE,FALSE
age_38,1.25,1.25,1.04166666666667,1.03216531052404,FALSE,FALSE
age_38,1.25,1.5,1.07142857142857,1.00349405189837,FALSE,FALSE
age_38,1.25,2,1.11111111111111,0.967654978616286,TRUE,FALSE
age_38,1.25,3,1.15384615384615,0.931815905334201,TRUE,FALSE
age_38,1.25,5,1.19047619047619,0.903144646708534,TRUE,FALSE
age_38,1.5,1,1,1.07517219846254,FALSE,FALSE
age_38,1.5,1.25,1.07142857142857,1.00349405189837,FALSE,FALSE
age_38,1.5,1.5,1.125,0.955708620855591,TRUE,FALSE
age_38,1.5,2,1.2,0.895976832052117,TRUE,FALSE
age_38,1.5,3,1.28571428571429,0.836245043248642,TRUE,FALSE
age_38,1.5,5,1.36363636363636,0.788459612205863,TRUE,FALSE
age_38,2,1,1,1.07517219846254,FALSE,FALSE
age_38,2,1.25,1.11111111111111,0.967654978616286,TRUE,FALSE
age_38,2,1.5,1.2,0.895976832052117,TRUE,FALSE
age_38,2,2,1.33333333333333,0.806379148846905,TRUE,FALSE
age_38,2,3,1.5,0.716781465641693,TRUE,FALSE
age_38,2,5,1.66666666666667,0.645103319077524,TRUE,FALSE
age_38,3,1,1,1.07517219846254,FALSE,FALSE
age_38,3,1.25,1.15384615384615,0.931815905334201,TRUE,FALSE
age_38,3,1.5,1.28571428571429,0.836245043248642,TRUE,FALSE
age_38,3,2,1.5,0.716781465641693,TRUE,FALSE
age_38,3,3,1.8,0.597317888034745,TRUE,FALSE
age_38,3,5,2.14285714285714,0.501747025949185,TRUE,FALSE
age_38,5,1,1,1.07517219846254,FALSE,FALSE
age_38,5,1.25,1.19047619047619,0.903144646708534,TRUE,FALSE
age_38,5,1.5,1.36363636363636,0.788459612205863,TRUE,FALSE
age_38,5,2,1.66666666666667,0.645103319077524,TRUE,FALSE
age_38,5,3,2.14285714285714,0.501747025949185,TRUE,FALSE
age_38,5,5,2.77777777777778,0.387061991446514,TRUE,FALSE
age_39,1,1,1,1.07782328331063,FALSE,FALSE
age_39,1,1.25,1,1.07782328331063,FALSE,FALSE
age_39,1,1.5,1,1.07782328331063,FALSE,FALSE
age_39,1,2,1,1.07782328331063,FALSE,FALSE
age_39,1,3,1,1.07782328331063,FALSE,FALSE
age_39,1,5,1,1.07782328331063,FALSE,FALSE
age_39,1.25,1,1,1.07782328331063,FALSE,FALSE
age_39,1.25,1.25,1.04166666666667,1.0347103519782,FALSE,FALSE
age_39,1.25,1.5,1.07142857142857,1.00596839775659,FALSE,FALSE
age_39,1.25,2,1.11111111111111,0.970040954979567,TRUE,FALSE
age_39,1.25,3,1.15384615384615,0.934113512202546,TRUE,FALSE
age_39,1.25,5,1.19047619047619,0.905371557980929,TRUE,FALSE
age_39,1.5,1,1,1.07782328331063,FALSE,FALSE
age_39,1.5,1.25,1.07142857142857,1.00596839775659,FALSE,FALSE
age_39,1.5,1.5,1.125,0.95806514072056,TRUE,FALSE
age_39,1.5,2,1.2,0.898186069425525,TRUE,FALSE
age_39,1.5,3,1.28571428571429,0.83830699813049,TRUE,FALSE
age_39,1.5,5,1.36363636363636,0.790403741094462,TRUE,FALSE
age_39,2,1,1,1.07782328331063,FALSE,FALSE
age_39,2,1.25,1.11111111111111,0.970040954979567,TRUE,FALSE
age_39,2,1.5,1.2,0.898186069425525,TRUE,FALSE
age_39,2,2,1.33333333333333,0.808367462482973,TRUE,FALSE
age_39,2,3,1.5,0.71854885554042,TRUE,FALSE
age_39,2,5,1.66666666666667,0.646693969986378,TRUE,FALSE
age_39,3,1,1,1.07782328331063,FALSE,FALSE
age_39,3,1.25,1.15384615384615,0.934113512202546,TRUE,FALSE
age_39,3,1.5,1.28571428571429,0.83830699813049,TRUE,FALSE
age_39,3,2,1.5,0.71854885554042,TRUE,FALSE
age_39,3,3,1.8,0.59879071295035,TRUE,FALSE
age_39,3,5,2.14285714285714,0.502984198878294,TRUE,FALSE
age_39,5,1,1,1.07782328331063,FALSE,FALSE
age_39,5,1.25,1.19047619047619,0.905371557980929,TRUE,FALSE
age_39,5,1.5,1.36363636363636,0.790403741094462,TRUE,FALSE
age_39,5,2,1.66666666666667,0.646693969986378,TRUE,FALSE
age_39,5,3,2.14285714285714,0.502984198878294,TRUE,FALSE
age_39,5,5,2.77777777777778,0.388016381991827,TRUE,FALSE
age_40,1,1,1,1.07839855044194,FALSE,FALSE
age_40,1,1.25,1,1.07839855044194,FALSE,FALSE
age_40,1,1.5,1,1.07839855044194,FALSE,FALSE
age_40,1,2,1,1.07839855044194,FALSE,FALSE
age_40,1,3,1,1.07839855044194,FALSE,FALSE
age_40,1,5,1,1.07839855044194,FALSE,FALSE
age_40,1.25,1,1,1.07839855044194,FALSE,FALSE
age_40,1.25,1.25,1.04166666666667,1.03526260842426,FALSE,FALSE
age_40,1.25,1.5,1.07142857142857,1.00650531374581,FALSE,FALSE
age_40,1.25,2,1.11111111111111,0.970558695397746,TRUE,FALSE
age_40,1.25,3,1.15384615384615,0.934612077049681,TRUE,FALSE
age_40,1.25,5,1.19047619047619,0.90585478237123,TRUE,FALSE
age_40,1.5,1,1,1.07839855044194,FALSE,FALSE
age_40,1.5,1.25,1.07142857142857,1.00650531374581,FALSE,FALSE
age_40,1.5,1.5,1.125,0.958576489281724,TRUE,FALSE
age_40,1.5,2,1.2,0.898665458701617,TRUE,FALSE
age_40,1.5,3,1.28571428571429,0.838754428121509,TRUE,FALSE
age_40,1.5,5,1.36363636363636,0.790825603657423,TRUE,FALSE
age_40,2,1,1,1.07839855044194,FALSE,FALSE
age_40,2,1.25,1.11111111111111,0.970558695397746,TRUE,FALSE
age_40,2,1.5,1.2,0.898665458701617,TRUE,FALSE
age_40,2,2,1.33333333333333,0.808798912831455,TRUE,FALSE
age_40,2,3,1.5,0.718932366961293,TRUE,FALSE
age_40,2,5,1.66666666666667,0.647039130265164,TRUE,FALSE
age_40,3,1,1,1.07839855044194,FALSE,FALSE
age_40,3,1.25,1.15384615384615,0.934612077049681,TRUE,FALSE
age_40,3,1.5,1.28571428571429,0.838754428121509,TRUE,FALSE
age_40,3,2,1.5,0.718932366961293,TRUE,FALSE
age_40,3,3,1.8,0.599110305801078,TRUE,FALSE
age_40,3,5,2.14285714285714,0.503252656872905,TRUE,FALSE
age_40,5,1,1,1.07839855044194,FALSE,FALSE
age_40,5,1.25,1.19047619047619,0.90585478237123,TRUE,FALSE
age_40,5,1.5,1.36363636363636,0.790825603657423,TRUE,FALSE
age_40,5,2,1.66666666666667,0.647039130265164,TRUE,FALSE
age_40,5,3,2.14285714285714,0.503252656872905,TRUE,FALSE
age_40,5,5,2.77777777777778,0.388223478159098,TRUE,FALSE
age_41,1,1,1,1.07723613177548,FALSE,FALSE
age_41,1,1.25,1,1.07723613177548,FALSE,FALSE
age_41,1,1.5,1,1.07723613177548,FALSE,FALSE
age_41,1,2,1,1.07723613177548,FALSE,FALSE
age_41,1,3,1,1.07723613177548,FALSE,FALSE
age_41,1,5,1,1.07723613177548,FALSE,FALSE
age_41,1.25,1,1,1.07723613177548,FALSE,FALSE
age_41,1.25,1.25,1.04166666666667,1.03414668650446,FALSE,FALSE
age_41,1.25,1.5,1.07142857142857,1.00542038965711,FALSE,FALSE
age_41,1.25,2,1.11111111111111,0.969512518597932,TRUE,FALSE
age_41,1.25,3,1.15384615384615,0.933604647538749,TRUE,FALSE
age_41,1.25,5,1.19047619047619,0.904878350691403,TRUE,FALSE
age_41,1.5,1,1,1.07723613177548,FALSE,FALSE
age_41,1.5,1.25,1.07142857142857,1.00542038965711,FALSE,FALSE
age_41,1.5,1.5,1.125,0.957543228244871,TRUE,FALSE
age_41,1.5,2,1.2,0.897696776479566,TRUE,FALSE
age_41,1.5,3,1.28571428571429,0.837850324714262,TRUE,FALSE
age_41,1.5,5,1.36363636363636,0.789973163302019,TRUE,FALSE
age_41,2,1,1,1.07723613177548,FALSE,FALSE
age_41,2,1.25,1.11111111111111,0.969512518597932,TRUE,FALSE
age_41,2,1.5,1.2,0.897696776479566,TRUE,FALSE
age_41,2,2,1.33333333333333,0.80792709883161,TRUE,FALSE
age_41,2,3,1.5,0.718157421183653,TRUE,FALSE
age_41,2,5,1.66666666666667,0.646341679065288,TRUE,FALSE
age_41,3,1,1,1.07723613177548,FALSE,FALSE
age_41,3,1.25,1.15384615384615,0.933604647538749,TRUE,FALSE
age_41,3,1.5,1.28571428571429,0.837850324714262,TRUE,FALSE
age_41,3,2,1.5,0.718157421183653,TRUE,FALSE
age_41,3,3,1.8,0.598464517653044,TRUE,FALSE
age_41,3,5,2.14285714285714,0.502710194828557,TRUE,FALSE
age_41,5,1,1,1.07723613177548,FALSE,FALSE
age_41,5,1.25,1.19047619047619,0.904878350691403,TRUE,FALSE
age_41,5,1.5,1.36363636363636,0.789973163302019,TRUE,FALSE
age_41,5,2,1.66666666666667,0.646341679065288,TRUE,FALSE
age_41,5,3,2.14285714285714,0.502710194828557,TRUE,FALSE
age_41,5,5,2.77777777777778,0.387805007439173,TRUE,FALSE
age_42,1,1,1,1.07496849603987,FALSE,FALSE
age_42,1,1.25,1,1.07496849603987,FALSE,FALSE
age_42,1,1.5,1,1.07496849603987,FALSE,FALSE
age_42,1,2,1,1.07496849603987,FALSE,FALSE
age_42,1,3,1,1.07496849603987,FALSE,FALSE
age_42,1,5,1,1.07496849603987,FALSE,FALSE
age_42,1.25,1,1,1.07496849603987,FALSE,FALSE
age_42,1.25,1.25,1.04166666666667,1.03196975619828,FALSE,FALSE
age_42,1.25,1.5,1.07142857142857,1.00330392963721,FALSE,FALSE
age_42,1.25,2,1.11111111111111,0.967471646435883,TRUE,FALSE
age_42,1.25,3,1.15384615384615,0.931639363234554,TRUE,FALSE
age_42,1.25,5,1.19047619047619,0.902973536673491,TRUE,FALSE
age_42,1.5,1,1,1.07496849603987,FALSE,FALSE
age_42,1.5,1.25,1.07142857142857,1.00330392963721,FALSE,FALSE
age_42,1.5,1.5,1.125,0.95552755203544,TRUE,FALSE
age_42,1.5,2,1.2,0.895807080033225,TRUE,FALSE
age_42,1.5,3,1.28571428571429,0.83608660803101,TRUE,FALSE
age_42,1.5,5,1.36363636363636,0.788310230429238,TRUE,FALSE
age_42,2,1,1,1.07496849603987,FALSE,FALSE
age_42,2,1.25,1.11111111111111,0.967471646435883,TRUE,FALSE
age_42,2,1.5,1.2,0.895807080033225,TRUE,FALSE
age_42,2,2,1.33333333333333,0.806226372029903,TRUE,FALSE
age_42,2,3,1.5,0.71664566402658,TRUE,FALSE
age_42,2,5,1.66666666666667,0.644981097623922,TRUE,FALSE
age_42,3,1,1,1.07496849603987,FALSE,FALSE
age_42,3,1.25,1.15384615384615,0.931639363234554,TRUE,FALSE
age_42,3,1.5,1.28571428571429,0.83608660803101,TRUE,FALSE
age_42,3,2,1.5,0.71664566402658,TRUE,FALSE
age_42,3,3,1.8,0.59720472002215,TRUE,FALSE
age_42,3,5,2.14285714285714,0.501651964818606,TRUE,FALSE
age_42,5,1,1,1.07496849603987,FALSE,FALSE
age_42,5,1.25,1.19047619047619,0.902973536673491,TRUE,FALSE
age_42,5,1.5,1.36363636363636,0.788310230429238,TRUE,FALSE
age_42,5,2,1.66666666666667,0.644981097623922,TRUE,FALSE
age_42,5,3,2.14285714285714,0.501651964818606,TRUE,FALSE
age_42,5,5,2.77777777777778,0.386988658574353,TRUE,FALSE
age_43,1,1,1,1.0719841482194,FALSE,FALSE
age_43,1,1.25,1,1.0719841482194,FALSE,FALSE
age_43,1,1.5,1,1.0719841482194,FALSE,FALSE
age_43,1,2,1,1.0719841482194,FALSE,FALSE
age_43,1,3,1,1.0719841482194,FALSE,FALSE
age_43,1,5,1,1.0719841482194,FALSE,FALSE
age_43,1.25,1,1,1.0719841482194,FALSE,FALSE
age_43,1.25,1.25,1.04166666666667,1.02910478229062,FALSE,FALSE
age_43,1.25,1.5,1.07142857142857,1.00051853833811,FALSE,FALSE
age_43,1.25,2,1.11111111111111,0.96478573339746,TRUE,FALSE
age_43,1.25,3,1.15384615384615,0.929052928456813,TRUE,FALSE
age_43,1.25,5,1.19047619047619,0.900466684504296,TRUE,FALSE
age_43,1.5,1,1,1.0719841482194,FALSE,FALSE
age_43,1.5,1.25,1.07142857142857,1.00051853833811,FALSE,FALSE
age_43,1.5,1.5,1.125,0.952874798417244,TRUE,FALSE
age_43,1.5,2,1.2,0.893320123516166,TRUE,FALSE
age_43,1.5,3,1.28571428571429,0.833765448615089,TRUE,FALSE
age_43,1.5,5,1.36363636363636,0.786121708694227,TRUE,FALSE
age_43,2,1,1,1.0719841482194,FALSE,FALSE
age_43,2,1.25,1.11111111111111,0.96478573339746,TRUE,FALSE
age_43,2,1.5,1.2,0.893320123516166,TRUE,FALSE
age_43,2,2,1.33333333333333,0.80398811116455,TRUE,FALSE
age_43,2,3,1.5,0.714656098812933,TRUE,FALSE
age_43,2,5,1.66666666666667,0.64319048893164,TRUE,FALSE
age_43,3,1,1,1.0719841482194,FALSE,FALSE
age_43,3,1.25,1.15384615384615,0.929052928456813,TRUE,FALSE
age_43,3,1.5,1.28571428571429,0.833765448615089,TRUE,FALSE
age_43,3,2,1.5,0.714656098812933,TRUE,FALSE
age_43,3,3,1.8,0.595546749010778,TRUE,FALSE
age_43,3,5,2.14285714285714,0.500259269169053,TRUE,FALSE
age_43,5,1,1,1.0719841482194,FALSE,FALSE
age_43,5,1.25,1.19047619047619,0.900466684504296,TRUE,FALSE
age_43,5,1.5,1.36363636363636,0.786121708694227,TRUE,FALSE
age_43,5,2,1.66666666666667,0.64319048893164,TRUE,FALSE
age_43,5,3,2.14285714285714,0.500259269169053,TRUE,FALSE
age_43,5,5,2.77777777777778,0.385914293358984,TRUE,FALSE
age_44,1,1,1,1.06797599550124,FALSE,FALSE
age_44,1,1.25,1,1.06797599550124,FALSE,FALSE
age_44,1,1.5,1,1.06797599550124,FALSE,FALSE
age_44,1,2,1,1.06797599550124,FALSE,FALSE
age_44,1,3,1,1.06797599550124,FALSE,FALSE
age_44,1,5,1,1.06797599550124,FALSE,FALSE
age_44,1.25,1,1,1.06797599550124,FALSE,FALSE
age_44,1.25,1.25,1.04166666666667,1.02525695568119,FALSE,FALSE
age_44,1.25,1.5,1.07142857142857,0.996777595801158,TRUE,FALSE
age_44,1.25,2,1.11111111111111,0.961178395951116,TRUE,FALSE
age_44,1.25,3,1.15384615384615,0.925579196101075,TRUE,FALSE
age_44,1.25,5,1.19047619047619,0.897099836221042,TRUE,FALSE
age_44,1.5,1,1,1.06797599550124,FALSE,FALSE
age_44,1.5,1.25,1.07142857142857,0.996777595801158,TRUE,FALSE
age_44,1.5,1.5,1.125,0.949311996001102,TRUE,FALSE
age_44,1.5,2,1.2,0.889979996251033,TRUE,FALSE
age_44,1.5,3,1.28571428571429,0.830647996500965,TRUE,FALSE
age_44,1.5,5,1.36363636363636,0.783182396700909,TRUE,FALSE
age_44,2,1,1,1.06797599550124,FALSE,FALSE
age_44,2,1.25,1.11111111111111,0.961178395951116,TRUE,FALSE
age_44,2,1.5,1.2,0.889979996251033,TRUE,FALSE
age_44,2,2,1.33333333333333,0.80098199662593,TRUE,FALSE
age_44,2,3,1.5,0.711983997000827,TRUE,FALSE
age_44,2,5,1.66666666666667,0.640785597300744,TRUE,FALSE
age_44,3,1,1,1.06797599550124,FALSE,FALSE
age_44,3,1.25,1.15384615384615,0.925579196101075,TRUE,FALSE
age_44,3,1.5,1.28571428571429,0.830647996500965,TRUE,FALSE
age_44,3,2,1.5,0.711983997000827,TRUE,FALSE
age_44,3,3,1.8,0.593319997500689,TRUE,FALSE
age_44,3,5,2.14285714285714,0.498388797900579,TRUE,FALSE
age_44,5,1,1,1.06797599550124,FALSE,FALSE
age_44,5,1.25,1.19047619047619,0.897099836221042,TRUE,FALSE
age_44,5,1.5,1.36363636363636,0.783182396700909,TRUE,FALSE
age_44,5,2,1.66666666666667,0.640785597300744,TRUE,FALSE
age_44,5,3,2.14285714285714,0.498388797900579,TRUE,FALSE
age_44,5,5,2.77777777777778,0.384471358380446,TRUE,FALSE
age_45,1,1,1,1.06494055985941,FALSE,FALSE
age_45,1,1.25,1,1.06494055985941,FALSE,FALSE
age_45,1,1.5,1,1.06494055985941,FALSE,FALSE
age_45,1,2,1,1.06494055985941,FALSE,FALSE
age_45,1,3,1,1.06494055985941,FALSE,FALSE
age_45,1,5,1,1.06494055985941,FALSE,FALSE
age_45,1.25,1,1,1.06494055985941,FALSE,FALSE
age_45,1.25,1.25,1.04166666666667,1.02234293746503,FALSE,FALSE
age_45,1.25,1.5,1.07142857142857,0.99394452253545,TRUE,FALSE
age_45,1.25,2,1.11111111111111,0.958446503873469,TRUE,FALSE
age_45,1.25,3,1.15384615384615,0.922948485211489,TRUE,FALSE
age_45,1.25,5,1.19047619047619,0.894550070281904,TRUE,FALSE
age_45,1.5,1,1,1.06494055985941,FALSE,FALSE
age_45,1.5,1.25,1.07142857142857,0.99394452253545,TRUE,FALSE
age_45,1.5,1.5,1.125,0.946613830986142,TRUE,FALSE
age_45,1.5,2,1.2,0.887450466549508,TRUE,FALSE
age_45,1.5,3,1.28571428571429,0.828287102112874,TRUE,FALSE
age_45,1.5,5,1.36363636363636,0.780956410563567,TRUE,FALSE
age_45,2,1,1,1.06494055985941,FALSE,FALSE
age_45,2,1.25,1.11111111111111,0.958446503873469,TRUE,FALSE
age_45,2,1.5,1.2,0.887450466549508,TRUE,FALSE
age_45,2,2,1.33333333333333,0.798705419894557,TRUE,FALSE
age_45,2,3,1.5,0.709960373239607,TRUE,FALSE
age_45,2,5,1.66666666666667,0.638964335915646,TRUE,FALSE
age_45,3,1,1,1.06494055985941,FALSE,FALSE
age_45,3,1.25,1.15384615384615,0.922948485211489,TRUE,FALSE
age_45,3,1.5,1.28571428571429,0.828287102112874,TRUE,FALSE
age_45,3,2,1.5,0.709960373239607,TRUE,FALSE
age_45,3,3,1.8,0.591633644366339,TRUE,FALSE
age_45,3,5,2.14285714285714,0.496972261267725,TRUE,FALSE
age_45,5,1,1,1.06494055985941,FALSE,FALSE
age_45,5,1.25,1.19047619047619,0.894550070281904,TRUE,FALSE
age_45,5,1.5,1.36363636363636,0.780956410563567,TRUE,FALSE
age_45,5,2,1.66666666666667,0.638964335915646,TRUE,FALSE
age_45,5,3,2.14285714285714,0.496972261267725,TRUE,FALSE
age_45,5,5,2.77777777777778,0.383378601549388,TRUE,FALSE
