age,target_n,rr,rr_lower,rr_upper,contrast,label,evalue_point,evalue_ci_limit,direction,interpretation
,1980559,0.944302572898687,0.934335079561714,0.954376399526142,primary,T1 smoking vs abstinence among women who smoked before pregnancy,1.30890570350376,1.27161235144485,inverse,"Minimum strength, on the risk-ratio scale, that an unmeasured factor would need with both exposure and outcome (confounding) or with both selection and outcome (selection; Smith and VanderWeele 2019) to move the estimate to the null. Algebraic benchmark, not a validated causal bound."
15,1199,0.900217954534767,0.807001673280925,1.00420159275761,primary,T1 smoking vs abstinence among women who smoked before pregnancy,1.46173818798927,1,inverse,"Minimum strength, on the risk-ratio scale, that an unmeasured factor would need with both exposure and outcome (confounding) or with both selection and outcome (selection; Smith and VanderWeele 2019) to move the estimate to the null. Algebraic benchmark, not a validated causal bound."
16,4170,0.889648551242022,0.816728582292434,0.969079032970144,primary,T1 smoking vs abstinence among women who smoked before pregnancy,1.49743613204211,1.21336191046038,inverse,"Minimum strength, on the risk-ratio scale, that an unmeasured factor would need with both exposure and outcome (confounding) or with both selection and outcome (selection; Smith and VanderWeele 2019) to move the estimate to the null. Algebraic benchmark, not a validated causal bound."
17,11232,0.880127199517118,0.826256165241691,0.937510568654283,primary,T1 smoking vs abstinence among women who smoked before pregnancy,1.52958176600498,1.33329575536628,inverse,"Minimum strength, on the risk-ratio scale, that an unmeasured factor would need with both exposure and outcome (confounding) or with both selection and outcome (selection; Smith and VanderWeele 2019) to move the estimate to the null. Algebraic benchmark, not a validated causal bound."
18,29922,0.872074203562312,0.834619102447102,0.911210172747085,primary,T1 smoking vs abstinence among women who smoked before pregnancy,1.55682527150702,1.42445317018472,inverse,"Minimum strength, on the risk-ratio scale, that an unmeasured factor would need with both exposure and outcome (confounding) or with both selection and outcome (selection; Smith and VanderWeele 2019) to move the estimate to the null. Algebraic benchmark, not a validated causal bound."
19,60774,0.865783842323519,0.840405348945988,0.891928713410237,primary,T1 smoking vs abstinence among women who smoked before pregnancy,1.57817132576919,1.48974010560062,inverse,"Minimum strength, on the risk-ratio scale, that an unmeasured factor would need with both exposure and outcome (confounding) or with both selection and outcome (selection; Smith and VanderWeele 2019) to move the estimate to the null. Algebraic benchmark, not a validated causal bound."
20,82205,0.8613566316595,0.841949472247753,0.88121113126071,primary,T1 smoking vs abstinence among women who smoked before pregnancy,1.59324070858004,1.52591991088315,inverse,"Minimum strength, on the risk-ratio scale, that an unmeasured factor would need with both exposure and outcome (confounding) or with both selection and outcome (selection; Smith and VanderWeele 2019) to move the estimate to the null. Algebraic benchmark, not a validated causal bound."
21,96740,0.859676954587837,0.841288050151089,0.878467804358674,primary,T1 smoking vs abstinence among women who smoked before pregnancy,1.59896943868564,1.53518964960185,inverse,"Minimum strength, on the risk-ratio scale, that an unmeasured factor would need with both exposure and outcome (confounding) or with both selection and outcome (selection; Smith and VanderWeele 2019) to move the estimate to the null. Algebraic benchmark, not a validated causal bound."
22,110682,0.860801572260859,0.842631013552196,0.879363962267533,primary,T1 smoking vs abstinence among women who smoked before pregnancy,1.59513307051765,1.5321607974085,inverse,"Minimum strength, on the risk-ratio scale, that an unmeasured factor would need with both exposure and outcome (confounding) or with both selection and outcome (selection; Smith and VanderWeele 2019) to move the estimate to the null. Algebraic benchmark, not a validated causal bound."
23,119247,0.865044123188789,0.848147854680039,0.88227698853964,primary,T1 smoking vs abstinence among women who smoked before pregnancy,1.5806863208496,1.52231996176943,inverse,"Minimum strength, on the risk-ratio scale, that an unmeasured factor would need with both exposure and outcome (confounding) or with both selection and outcome (selection; Smith and VanderWeele 2019) to move the estimate to the null. Algebraic benchmark, not a validated causal bound."
24,125425,0.872062634252975,0.85694682220761,0.887445076348035,primary,T1 smoking vs abstinence among women who smoked before pregnancy,1.55686447089032,1.50487291841913,inverse,"Minimum strength, on the risk-ratio scale, that an unmeasured factor would need with both exposure and outcome (confounding) or with both selection and outcome (selection; Smith and VanderWeele 2019) to move the estimate to the null. Algebraic benchmark, not a validated causal bound."
25,130505,0.881979537843989,0.867840033082431,0.896349414087942,primary,T1 smoking vs abstinence among women who smoked before pregnancy,1.5233245280941,1.47481338171507,inverse,"Minimum strength, on the risk-ratio scale, that an unmeasured factor would need with both exposure and outcome (confounding) or with both selection and outcome (selection; Smith and VanderWeele 2019) to move the estimate to the null. Algebraic benchmark, not a validated causal bound."
26,131877,0.894344887373548,0.879575912300309,0.909361848574719,primary,T1 smoking vs abstinence among women who smoked before pregnancy,1.4815831593867,1.43074146891589,inverse,"Minimum strength, on the risk-ratio scale, that an unmeasured factor would need with both exposure and outcome (confounding) or with both selection and outcome (selection; Smith and VanderWeele 2019) to move the estimate to the null. Algebraic benchmark, not a validated causal bound."
27,130884,0.909044489805808,0.892944566795519,0.925434696816443,primary,T1 smoking vs abstinence among women who smoked before pregnancy,1.43182025415252,1.37564161537471,inverse,"Minimum strength, on the risk-ratio scale, that an unmeasured factor would need with both exposure and outcome (confounding) or with both selection and outcome (selection; Smith and VanderWeele 2019) to move the estimate to the null. Algebraic benchmark, not a validated causal bound."
28,126880,0.925912880655673,0.909254802920033,0.942876144080688,primary,T1 smoking vs abstinence among women who smoked before pregnancy,1.37398400885375,1.31407076362077,inverse,"Minimum strength, on the risk-ratio scale, that an unmeasured factor would need with both exposure and outcome (confounding) or with both selection and outcome (selection; Smith and VanderWeele 2019) to move the estimate to the null. Algebraic benchmark, not a validated causal bound."
29,120282,0.944425992278877,0.928160288391461,0.960976747278974,primary,T1 smoking vs abstinence among women who smoked before pregnancy,1.30845763479912,1.24617275450677,inverse,"Minimum strength, on the risk-ratio scale, that an unmeasured factor would need with both exposure and outcome (confounding) or with both selection and outcome (selection; Smith and VanderWeele 2019) to move the estimate to the null. Algebraic benchmark, not a validated causal bound."
30,111577,0.963818703144871,0.948179447473452,0.979715912433199,primary,T1 smoking vs abstinence among women who smoked before pregnancy,1.23489388086898,1.16607498290991,inverse,"Minimum strength, on the risk-ratio scale, that an unmeasured factor would need with both exposure and outcome (confounding) or with both selection and outcome (selection; Smith and VanderWeele 2019) to move the estimate to the null. Algebraic benchmark, not a validated causal bound."
31,102027,0.983552029510279,0.967871513893869,0.999486585633582,primary,T1 smoking vs abstinence among women who smoked before pregnancy,1.14711739433523,1.02318396616926,inverse,"Minimum strength, on the risk-ratio scale, that an unmeasured factor would need with both exposure and outcome (confounding) or with both selection and outcome (selection; Smith and VanderWeele 2019) to move the estimate to the null. Algebraic benchmark, not a validated causal bound."
32,91764,1.00295821309549,0.986056994154606,1.02014912239238,primary,T1 smoking vs abstinence among women who smoked before pregnancy,1.05742805906744,1,positive,"Minimum strength, on the risk-ratio scale, that an unmeasured factor would need with both exposure and outcome (confounding) or with both selection and outcome (selection; Smith and VanderWeele 2019) to move the estimate to the null. Algebraic benchmark, not a validated causal bound."
33,81398,1.02130141682097,1.00224870180183,1.04071632332906,primary,T1 smoking vs abstinence among women who smoked before pregnancy,1.1687977461975,1.04972246783765,positive,"Minimum strength, on the risk-ratio scale, that an unmeasured factor would need with both exposure and outcome (confounding) or with both selection and outcome (selection; Smith and VanderWeele 2019) to move the estimate to the null. Algebraic benchmark, not a validated causal bound."
34,70747,1.03780519556718,1.01657158693242,1.05948232056758,primary,T1 smoking vs abstinence among women who smoked before pregnancy,1.2358820200042,1.14636451596123,positive,"Minimum strength, on the risk-ratio scale, that an unmeasured factor would need with both exposure and outcome (confounding) or with both selection and outcome (selection; Smith and VanderWeele 2019) to move the estimate to the null. Algebraic benchmark, not a validated causal bound."
35,59784,1.05178279376642,1.02905618742772,1.07501131500731,primary,T1 smoking vs abstinence among women who smoked before pregnancy,1.28515856692352,1.20197365171503,positive,"Minimum strength, on the risk-ratio scale, that an unmeasured factor would need with both exposure and outcome (confounding) or with both selection and outcome (selection; Smith and VanderWeele 2019) to move the estimate to the null. Algebraic benchmark, not a validated causal bound."
36,50300,1.06251707531662,1.03924563578543,1.0863096235051,primary,T1 smoking vs abstinence among women who smoked before pregnancy,1.32024844714156,1.2412007191917,positive,"Minimum strength, on the risk-ratio scale, that an unmeasured factor would need with both exposure and outcome (confounding) or with both selection and outcome (selection; Smith and VanderWeele 2019) to move the estimate to the null. Algebraic benchmark, not a validated causal bound."
37,39582,1.07024415922107,1.04636823803477,1.09466487868371,primary,T1 smoking vs abstinence among women who smoked before pregnancy,1.34443095891381,1.26663682756405,positive,"Minimum strength, on the risk-ratio scale, that an unmeasured factor would need with both exposure and outcome (confounding) or with both selection and outcome (selection; Smith and VanderWeele 2019) to move the estimate to the null. Algebraic benchmark, not a validated causal bound."
38,30385,1.07517219846254,1.04913513531161,1.10185544019876,primary,T1 smoking vs abstinence among women who smoked before pregnancy,1.35946616231726,1.27618005781308,positive,"Minimum strength, on the risk-ratio scale, that an unmeasured factor would need with both exposure and outcome (confounding) or with both selection and outcome (selection; Smith and VanderWeele 2019) to move the estimate to the null. Algebraic benchmark, not a validated causal bound."
39,22837,1.07782328331063,1.04686048066252,1.10970186715934,primary,T1 smoking vs abstinence among women who smoked before pregnancy,1.36744328734329,1.26834724169,positive,"Minimum strength, on the risk-ratio scale, that an unmeasured factor would need with both exposure and outcome (confounding) or with both selection and outcome (selection; Smith and VanderWeele 2019) to move the estimate to the null. Algebraic benchmark, not a validated causal bound."
40,15853,1.07839855044194,1.03975717640821,1.11847598649198,primary,T1 smoking vs abstinence among women who smoked before pregnancy,1.36916457863873,1.24307419361081,positive,"Minimum strength, on the risk-ratio scale, that an unmeasured factor would need with both exposure and outcome (confounding) or with both selection and outcome (selection; Smith and VanderWeele 2019) to move the estimate to the null. Algebraic benchmark, not a validated causal bound."
41,10370,1.07723613177548,1.02886566321268,1.12788066031777,primary,T1 smoking vs abstinence among women who smoked before pregnancy,1.36568292379633,1.20119932134535,positive,"Minimum strength, on the risk-ratio scale, that an unmeasured factor would need with both exposure and outcome (confounding) or with both selection and outcome (selection; Smith and VanderWeele 2019) to move the estimate to the null. Algebraic benchmark, not a validated causal bound."
42,6233,1.07496849603987,1.01540056300319,1.13803095013116,primary,T1 smoking vs abstinence among women who smoked before pregnancy,1.35885011122189,1.1404515139952,positive,"Minimum strength, on the risk-ratio scale, that an unmeasured factor would need with both exposure and outcome (confounding) or with both selection and outcome (selection; Smith and VanderWeele 2019) to move the estimate to the null. Algebraic benchmark, not a validated causal bound."
43,3273,1.0719841482194,1.00024029781962,1.14887394213035,primary,T1 smoking vs abstinence among women who smoked before pregnancy,1.34977159540568,1.01574370269282,positive,"Minimum strength, on the risk-ratio scale, that an unmeasured factor would need with both exposure and outcome (confounding) or with both selection and outcome (selection; Smith and VanderWeele 2019) to move the estimate to the null. Algebraic benchmark, not a validated causal bound."
44,1704,1.06797599550124,0.984207965172754,1.15887370081044,primary,T1 smoking vs abstinence among women who smoked before pregnancy,1.33741380180471,1,positive,"Minimum strength, on the risk-ratio scale, that an unmeasured factor would need with both exposure and outcome (confounding) or with both selection and outcome (selection; Smith and VanderWeele 2019) to move the estimate to the null. Algebraic benchmark, not a validated causal bound."
45,701,1.06494055985941,0.967537222859383,1.17214962818902,primary,T1 smoking vs abstinence among women who smoked before pregnancy,1.32791933499966,1,positive,"Minimum strength, on the risk-ratio scale, that an unmeasured factor would need with both exposure and outcome (confounding) or with both selection and outcome (selection; Smith and VanderWeele 2019) to move the estimate to the null. Algebraic benchmark, not a validated causal bound."
,29576508,1.01180218019562,1.00595203933569,1.01768634270543,broad,Smoking before pregnancy and in T1 vs neither,1.12107922102758,1.08333075803756,positive,"Minimum strength, on the risk-ratio scale, that an unmeasured factor would need with both exposure and outcome (confounding) or with both selection and outcome (selection; Smith and VanderWeele 2019) to move the estimate to the null. Algebraic benchmark, not a validated causal bound."
15,40161,0.827160210232514,0.776130095537395,0.88154552609915,broad,Smoking before pregnancy and in T1 vs neither,1.71156691678364,1.52479040226833,inverse,"Minimum strength, on the risk-ratio scale, that an unmeasured factor would need with both exposure and outcome (confounding) or with both selection and outcome (selection; Smith and VanderWeele 2019) to move the estimate to the null. Algebraic benchmark, not a validated causal bound."
16,98382,0.828337969069059,0.78798905924057,0.870752941243535,broad,Smoking before pregnancy and in T1 vs neither,1.70742042696387,1.56130333328807,inverse,"Minimum strength, on the risk-ratio scale, that an unmeasured factor would need with both exposure and outcome (confounding) or with both selection and outcome (selection; Smith and VanderWeele 2019) to move the estimate to the null. Algebraic benchmark, not a validated causal bound."
17,195994,0.830332295119135,0.800175818974289,0.86162528780436,broad,Smoking before pregnancy and in T1 vs neither,1.70041248151959,1.59232503456194,inverse,"Minimum strength, on the risk-ratio scale, that an unmeasured factor would need with both exposure and outcome (confounding) or with both selection and outcome (selection; Smith and VanderWeele 2019) to move the estimate to the null. Algebraic benchmark, not a validated causal bound."
18,369890,0.833160364134174,0.811925344945176,0.854950762019951,broad,Smoking before pregnancy and in T1 vs neither,1.69050298033815,1.61512611460607,inverse,"Minimum strength, on the risk-ratio scale, that an unmeasured factor would need with both exposure and outcome (confounding) or with both selection and outcome (selection; Smith and VanderWeele 2019) to move the estimate to the null. Algebraic benchmark, not a validated causal bound."
19,635199,0.836982258452265,0.822424981383405,0.851797205607098,broad,Smoking before pregnancy and in T1 vs neither,1.6771616625021,1.62594001406939,inverse,"Minimum strength, on the risk-ratio scale, that an unmeasured factor would need with both exposure and outcome (confounding) or with both selection and outcome (selection; Smith and VanderWeele 2019) to move the estimate to the null. Algebraic benchmark, not a validated causal bound."
20,834055,0.841515167307225,0.830313362430933,0.85286809637128,broad,Smoking before pregnancy and in T1 vs neither,1.66140978793192,1.62226465413279,inverse,"Minimum strength, on the risk-ratio scale, that an unmeasured factor would need with both exposure and outcome (confounding) or with both selection and outcome (selection; Smith and VanderWeele 2019) to move the estimate to the null. Algebraic benchmark, not a validated causal bound."
21,972880,0.847454534229737,0.8367977281814,0.858247057084331,broad,Smoking before pregnancy and in T1 vs neither,1.64087940561286,1.60385160524978,inverse,"Minimum strength, on the risk-ratio scale, that an unmeasured factor would need with both exposure and outcome (confounding) or with both selection and outcome (selection; Smith and VanderWeele 2019) to move the estimate to the null. Algebraic benchmark, not a validated causal bound."
22,1121260,0.855292112585704,0.844710290852417,0.866006494502534,broad,Smoking before pregnancy and in T1 vs neither,1.61395724219943,1.57741453684735,inverse,"Minimum strength, on the risk-ratio scale, that an unmeasured factor would need with both exposure and outcome (confounding) or with both selection and outcome (selection; Smith and VanderWeele 2019) to move the estimate to the null. Algebraic benchmark, not a validated causal bound."
23,1242664,0.865380367582343,0.855503518275919,0.875371245820429,broad,Smoking before pregnancy and in T1 vs neither,1.57954297646539,1.54566189576786,inverse,"Minimum strength, on the risk-ratio scale, that an unmeasured factor would need with both exposure and outcome (confounding) or with both selection and outcome (selection; Smith and VanderWeele 2019) to move the estimate to the null. Algebraic benchmark, not a validated causal bound."
24,1360984,0.877931836551544,0.86914120131399,0.886811381701277,broad,Smoking before pregnancy and in T1 vs neither,1.5370014958096,1.50701173854844,inverse,"Minimum strength, on the risk-ratio scale, that an unmeasured factor would need with both exposure and outcome (confounding) or with both selection and outcome (selection; Smith and VanderWeele 2019) to move the estimate to the null. Algebraic benchmark, not a validated causal bound."
25,1485728,0.893326883197139,0.885245437185992,0.901482105097872,broad,Smoking before pregnancy and in T1 vs neither,1.48502024498359,1.45746165870011,inverse,"Minimum strength, on the risk-ratio scale, that an unmeasured factor would need with both exposure and outcome (confounding) or with both selection and outcome (selection; Smith and VanderWeele 2019) to move the estimate to the null. Algebraic benchmark, not a validated causal bound."
26,1599762,0.911806453031841,0.903499205849737,0.920190081416383,broad,Smoking before pregnancy and in T1 vs neither,1.42242246624033,1.39374083561046,inverse,"Minimum strength, on the risk-ratio scale, that an unmeasured factor would need with both exposure and outcome (confounding) or with both selection and outcome (selection; Smith and VanderWeele 2019) to move the estimate to the null. Algebraic benchmark, not a validated causal bound."
27,1705131,0.933785307999293,0.924727558215292,0.942931778867057,broad,Smoking before pregnancy and in T1 vs neither,1.34647883757832,1.31386976895744,inverse,"Minimum strength, on the risk-ratio scale, that an unmeasured factor would need with both exposure and outcome (confounding) or with both selection and outcome (selection; Smith and VanderWeele 2019) to move the estimate to the null. Algebraic benchmark, not a validated causal bound."
28,1801255,0.959493841159822,0.950033435791418,0.969048452970192,broad,Smoking before pregnancy and in T1 vs neither,1.25197408010735,1.21348990756349,inverse,"Minimum strength, on the risk-ratio scale, that an unmeasured factor would need with both exposure and outcome (confounding) or with both selection and outcome (selection; Smith and VanderWeele 2019) to move the estimate to the null. Algebraic benchmark, not a validated causal bound."
29,1867931,0.988373985214793,0.979052781094318,0.997783933116945,broad,Smoking before pregnancy and in T1 vs neither,1.12085507681033,1.04940066162887,inverse,"Minimum strength, on the risk-ratio scale, that an unmeasured factor would need with both exposure and outcome (confounding) or with both selection and outcome (selection; Smith and VanderWeele 2019) to move the estimate to the null. Algebraic benchmark, not a validated causal bound."
30,1891101,1.01954121720508,1.01057847621396,1.02858344804085,broad,Smoking before pregnancy and in T1 vs neither,1.16069034534598,1.11397277186401,positive,"Minimum strength, on the risk-ratio scale, that an unmeasured factor would need with both exposure and outcome (confounding) or with both selection and outcome (selection; Smith and VanderWeele 2019) to move the estimate to the null. Algebraic benchmark, not a validated causal bound."
31,1886171,1.05201404228816,1.04310305433672,1.06100115474709,broad,Smoking before pregnancy and in T1 vs neither,1.28593604399667,1.2551429742336,positive,"Minimum strength, on the risk-ratio scale, that an unmeasured factor would need with both exposure and outcome (confounding) or with both selection and outcome (selection; Smith and VanderWeele 2019) to move the estimate to the null. Algebraic benchmark, not a validated causal bound."
32,1798093,1.08465611000683,1.07509558504226,1.09430165405146,broad,Smoking before pregnancy and in T1 vs neither,1.38767882692475,1.3592345157348,positive,"Minimum strength, on the risk-ratio scale, that an unmeasured factor would need with both exposure and outcome (confounding) or with both selection and outcome (selection; Smith and VanderWeele 2019) to move the estimate to the null. Algebraic benchmark, not a validated causal bound."
33,1665495,1.11618766336892,1.10536765131046,1.12711358829791,broad,Smoking before pregnancy and in T1 vs neither,1.4763088047756,1.44664465500855,positive,"Minimum strength, on the risk-ratio scale, that an unmeasured factor would need with both exposure and outcome (confounding) or with both selection and outcome (selection; Smith and VanderWeele 2019) to move the estimate to the null. Algebraic benchmark, not a validated causal bound."
34,1508275,1.14519654160178,1.13299502556499,1.15752945891592,broad,Smoking before pregnancy and in T1 vs neither,1.5529692445809,1.5211737246071,positive,"Minimum strength, on the risk-ratio scale, that an unmeasured factor would need with both exposure and outcome (confounding) or with both selection and outcome (selection; Smith and VanderWeele 2019) to move the estimate to the null. Algebraic benchmark, not a validated causal bound."
35,1321363,1.17006789116393,1.15689163811697,1.18339421327409,broad,Smoking before pregnancy and in T1 vs neither,1.61615194016017,1.58292758053028,positive,"Minimum strength, on the risk-ratio scale, that an unmeasured factor would need with both exposure and outcome (confounding) or with both selection and outcome (selection; Smith and VanderWeele 2019) to move the estimate to the null. Algebraic benchmark, not a validated causal bound."
36,1103345,1.18963374585051,1.17608929029117,1.20333418640002,broad,Smoking before pregnancy and in T1 vs neither,1.66460185363861,1.63116810593349,positive,"Minimum strength, on the risk-ratio scale, that an unmeasured factor would need with both exposure and outcome (confounding) or with both selection and outcome (selection; Smith and VanderWeele 2019) to move the estimate to the null. Algebraic benchmark, not a validated causal bound."
37,882785,1.20392768001622,1.19012369192287,1.21789177759112,broad,Smoking before pregnancy and in T1 vs neither,1.69942155353336,1.66580290121549,positive,"Minimum strength, on the risk-ratio scale, that an unmeasured factor would need with both exposure and outcome (confounding) or with both selection and outcome (selection; Smith and VanderWeele 2019) to move the estimate to the null. Algebraic benchmark, not a validated causal bound."
38,688250,1.21343151281185,1.19855751508509,1.22849009559656,broad,Smoking before pregnancy and in T1 vs neither,1.72233673333234,1.6863921201326,positive,"Minimum strength, on the risk-ratio scale, that an unmeasured factor would need with both exposure and outcome (confounding) or with both selection and outcome (selection; Smith and VanderWeele 2019) to move the estimate to the null. Algebraic benchmark, not a validated causal bound."
39,526483,1.218920804725,1.20136664802352,1.23673145965541,broad,Smoking before pregnancy and in T1 vs neither,1.73549328121445,1.69321537980978,positive,"Minimum strength, on the risk-ratio scale, that an unmeasured factor would need with both exposure and outcome (confounding) or with both selection and outcome (selection; Smith and VanderWeele 2019) to move the estimate to the null. Algebraic benchmark, not a validated causal bound."
40,375841,1.22051718950362,1.1985908715079,1.24284461469302,broad,Smoking before pregnancy and in T1 vs neither,1.73930907491645,1.68647324027538,positive,"Minimum strength, on the risk-ratio scale, that an unmeasured factor would need with both exposure and outcome (confounding) or with both selection and outcome (selection; Smith and VanderWeele 2019) to move the estimate to the null. Algebraic benchmark, not a validated causal bound."
41,255445,1.21934217260591,1.19167662341844,1.24764999554182,broad,Smoking before pregnancy and in T1 vs neither,1.73650091157238,1.66960606526476,positive,"Minimum strength, on the risk-ratio scale, that an unmeasured factor would need with both exposure and outcome (confounding) or with both selection and outcome (selection; Smith and VanderWeele 2019) to move the estimate to the null. Algebraic benchmark, not a validated causal bound."
42,163280,1.21572644792454,1.18145152905897,1.25099571148759,broad,Smoking before pregnancy and in T1 vs neither,1.727843962035,1.64445928974642,positive,"Minimum strength, on the risk-ratio scale, that an unmeasured factor would need with both exposure and outcome (confounding) or with both selection and outcome (selection; Smith and VanderWeele 2019) to move the estimate to the null. Algebraic benchmark, not a validated causal bound."
43,96885,1.21085892161016,1.16937513810056,1.25381434945201,broad,Smoking before pregnancy and in T1 vs neither,1.71615131857726,1.61441791751299,positive,"Minimum strength, on the risk-ratio scale, that an unmeasured factor would need with both exposure and outcome (confounding) or with both selection and outcome (selection; Smith and VanderWeele 2019) to move the estimate to the null. Algebraic benchmark, not a validated causal bound."
44,53779,1.20463845879944,1.15577365501181,1.25556921126037,broad,Smoking before pregnancy and in T1 vs neither,1.70114158831551,1.58008378523209,positive,"Minimum strength, on the risk-ratio scale, that an unmeasured factor would need with both exposure and outcome (confounding) or with both selection and outcome (selection; Smith and VanderWeele 2019) to move the estimate to the null. Algebraic benchmark, not a validated causal bound."
45,28641,1.1982708584993,1.14191957956387,1.25740295203366,broad,Smoking before pregnancy and in T1 vs neither,1.68569489548286,1.54448727154555,positive,"Minimum strength, on the risk-ratio scale, that an unmeasured factor would need with both exposure and outcome (confounding) or with both selection and outcome (selection; Smith and VanderWeele 2019) to move the estimate to the null. Algebraic benchmark, not a validated causal bound."
,30097165,1.03053781673677,1.02543365272609,1.03566738706231,prepregnancy,Prepregnancy smoking vs none,1.20793673158074,1.18692830717967,positive,"Minimum strength, on the risk-ratio scale, that an unmeasured factor would need with both exposure and outcome (confounding) or with both selection and outcome (selection; Smith and VanderWeele 2019) to move the estimate to the null. Algebraic benchmark, not a validated causal bound."
15,40557,0.858646807545762,0.814607825951938,0.905066605819753,prepregnancy,Prepregnancy smoking vs none,1.60248621144516,1.44532195076515,inverse,"Minimum strength, on the risk-ratio scale, that an unmeasured factor would need with both exposure and outcome (confounding) or with both selection and outcome (selection; Smith and VanderWeele 2019) to move the estimate to the null. Algebraic benchmark, not a validated causal bound."
16,99756,0.863647017870509,0.828749477522089,0.900014047317144,prepregnancy,Prepregnancy smoking vs none,1.58543944276119,1.46242779032357,inverse,"Minimum strength, on the risk-ratio scale, that an unmeasured factor would need with both exposure and outcome (confounding) or with both selection and outcome (selection; Smith and VanderWeele 2019) to move the estimate to the null. Algebraic benchmark, not a validated causal bound."
17,199402,0.869173575292264,0.843050201673815,0.89610642697958,prepregnancy,Prepregnancy smoking vs none,1.5666598657692,1.47563416560421,inverse,"Minimum strength, on the risk-ratio scale, that an unmeasured factor would need with both exposure and outcome (confounding) or with both selection and outcome (selection; Smith and VanderWeele 2019) to move the estimate to the null. Algebraic benchmark, not a validated causal bound."
18,378795,0.875080572678044,0.856665130429739,0.89389188549602,prepregnancy,Prepregnancy smoking vs none,1.54664549472204,1.48311269701329,inverse,"Minimum strength, on the risk-ratio scale, that an unmeasured factor would need with both exposure and outcome (confounding) or with both selection and outcome (selection; Smith and VanderWeele 2019) to move the estimate to the null. Algebraic benchmark, not a validated causal bound."
19,653855,0.881330583617738,0.868680283965824,0.894165105341036,prepregnancy,Prepregnancy smoking vs none,1.52551641909329,1.48219019807546,inverse,"Minimum strength, on the risk-ratio scale, that an unmeasured factor would need with both exposure and outcome (confounding) or with both selection and outcome (selection; Smith and VanderWeele 2019) to move the estimate to the null. Algebraic benchmark, not a validated causal bound."
20,858662,0.887596990907481,0.877811605756596,0.897491458419459,prepregnancy,Prepregnancy smoking vs none,1.50436019231526,1.47095500343402,inverse,"Minimum strength, on the risk-ratio scale, that an unmeasured factor would need with both exposure and outcome (confounding) or with both selection and outcome (selection; Smith and VanderWeele 2019) to move the estimate to the null. Algebraic benchmark, not a validated causal bound."
21,1000721,0.894291825279618,0.884948939728093,0.903733348737253,prepregnancy,Prepregnancy smoking vs none,1.48176232687023,1.44983990881802,inverse,"Minimum strength, on the risk-ratio scale, that an unmeasured factor would need with both exposure and outcome (confounding) or with both selection and outcome (selection; Smith and VanderWeele 2019) to move the estimate to the null. Algebraic benchmark, not a validated causal bound."
22,1152710,0.901711725143283,0.892444261527707,0.911075425449002,prepregnancy,Prepregnancy smoking vs none,1.45668462796788,1.42491192431137,inverse,"Minimum strength, on the risk-ratio scale, that an unmeasured factor would need with both exposure and outcome (confounding) or with both selection and outcome (selection; Smith and VanderWeele 2019) to move the estimate to the null. Algebraic benchmark, not a validated causal bound."
23,1275619,0.910288625859183,0.901660260888127,0.918999559271261,prepregnancy,Prepregnancy smoking vs none,1.42758959487643,1.3978306635035,inverse,"Minimum strength, on the risk-ratio scale, that an unmeasured factor would need with both exposure and outcome (confounding) or with both selection and outcome (selection; Smith and VanderWeele 2019) to move the estimate to the null. Algebraic benchmark, not a validated causal bound."
24,1394616,0.920431056185045,0.912755590596942,0.92817106563637,prepregnancy,Prepregnancy smoking vs none,1.39291223144205,1.36613739933255,inverse,"Minimum strength, on the risk-ratio scale, that an unmeasured factor would need with both exposure and outcome (confounding) or with both selection and outcome (selection; Smith and VanderWeele 2019) to move the estimate to the null. Algebraic benchmark, not a validated causal bound."
25,1520035,0.932652493131567,0.925565074281416,0.939794183158702,prepregnancy,Prepregnancy smoking vs none,1.35046439194057,1.32515050507467,inverse,"Minimum strength, on the risk-ratio scale, that an unmeasured factor would need with both exposure and outcome (confounding) or with both selection and outcome (selection; Smith and VanderWeele 2019) to move the estimate to the null. Algebraic benchmark, not a validated causal bound."
26,1633763,0.947385072846056,0.940065404709872,0.954761734401374,prepregnancy,Prepregnancy smoking vs none,1.29765548824196,1.27015238110096,inverse,"Minimum strength, on the risk-ratio scale, that an unmeasured factor would need with both exposure and outcome (confounding) or with both selection and outcome (selection; Smith and VanderWeele 2019) to move the estimate to the null. Algebraic benchmark, not a validated causal bound."
27,1738576,0.965186113842872,0.957215643216466,0.97322295237964,prepregnancy,Prepregnancy smoking vs none,1.22938444631483,1.19565299563652,inverse,"Minimum strength, on the risk-ratio scale, that an unmeasured factor would need with both exposure and outcome (confounding) or with both selection and outcome (selection; Smith and VanderWeele 2019) to move the estimate to the null. Algebraic benchmark, not a validated causal bound."
28,1833198,0.986422917351835,0.978137890677413,0.994778119885562,prepregnancy,Prepregnancy smoking vs none,1.13188848261018,1.07789119615458,inverse,"Minimum strength, on the risk-ratio scale, that an unmeasured factor would need with both exposure and outcome (confounding) or with both selection and outcome (selection; Smith and VanderWeele 2019) to move the estimate to the null. Algebraic benchmark, not a validated causal bound."
29,1898168,1.01058241006916,1.00245809203554,1.01877257079888,prepregnancy,Prepregnancy smoking vs none,1.11399613001014,1.05209813889284,positive,"Minimum strength, on the risk-ratio scale, that an unmeasured factor would need with both exposure and outcome (confounding) or with both selection and outcome (selection; Smith and VanderWeele 2019) to move the estimate to the null. Algebraic benchmark, not a validated causal bound."
30,1919128,1.03684574271627,1.02905247274066,1.04469803306112,prepregnancy,Prepregnancy smoking vs none,1.23230251919788,1.20195857128263,positive,"Minimum strength, on the risk-ratio scale, that an unmeasured factor would need with both exposure and outcome (confounding) or with both selection and outcome (selection; Smith and VanderWeele 2019) to move the estimate to the null. Algebraic benchmark, not a validated causal bound."
31,1911762,1.06432519794877,1.05657029883529,1.07213701562254,prepregnancy,Prepregnancy smoking vs none,1.32597941450168,1.30105035435231,positive,"Minimum strength, on the risk-ratio scale, that an unmeasured factor would need with both exposure and outcome (confounding) or with both selection and outcome (selection; Smith and VanderWeele 2019) to move the estimate to the null. Algebraic benchmark, not a validated causal bound."
32,1821134,1.09200116504495,1.08366951591375,1.10039687095382,prepregnancy,Prepregnancy smoking vs none,1.40896390641147,1.38478428441073,positive,"Minimum strength, on the risk-ratio scale, that an unmeasured factor would need with both exposure and outcome (confounding) or with both selection and outcome (selection; Smith and VanderWeele 2019) to move the estimate to the null. Algebraic benchmark, not a validated causal bound."
33,1685860,1.11875838762217,1.1093399009413,1.12825683887592,prepregnancy,Prepregnancy smoking vs none,1.48326070894919,1.45761438303718,positive,"Minimum strength, on the risk-ratio scale, that an unmeasured factor would need with both exposure and outcome (confounding) or with both selection and outcome (selection; Smith and VanderWeele 2019) to move the estimate to the null. Algebraic benchmark, not a validated causal bound."
34,1526013,1.14336760162684,1.13277921019888,1.15405496559246,prepregnancy,Prepregnancy smoking vs none,1.54824026163622,1.52060588393332,positive,"Minimum strength, on the risk-ratio scale, that an unmeasured factor would need with both exposure and outcome (confounding) or with both selection and outcome (selection; Smith and VanderWeele 2019) to move the estimate to the null. Algebraic benchmark, not a validated causal bound."
35,1336272,1.16444409176715,1.15304313337004,1.17595777955713,prepregnancy,Prepregnancy smoking vs none,1.60203516924048,1.57312090479071,positive,"Minimum strength, on the risk-ratio scale, that an unmeasured factor would need with both exposure and outcome (confounding) or with both selection and outcome (selection; Smith and VanderWeele 2019) to move the estimate to the null. Algebraic benchmark, not a validated causal bound."
36,1115942,1.18099056770936,1.16928384925711,1.19281449231048,prepregnancy,Prepregnancy smoking vs none,1.64331962077559,1.61418931211008,positive,"Minimum strength, on the risk-ratio scale, that an unmeasured factor would need with both exposure and outcome (confounding) or with both selection and outcome (selection; Smith and VanderWeele 2019) to move the estimate to the null. Algebraic benchmark, not a validated causal bound."
37,892411,1.19306034429116,1.18110428775925,1.20513742932944,prepregnancy,Prepregnancy smoking vs none,1.67299017335889,1.64360082915609,positive,"Minimum strength, on the risk-ratio scale, that an unmeasured factor would need with both exposure and outcome (confounding) or with both selection and outcome (selection; Smith and VanderWeele 2019) to move the estimate to the null. Algebraic benchmark, not a validated causal bound."
38,695545,1.20108833358275,1.18814325890582,1.21417444761426,prepregnancy,Prepregnancy smoking vs none,1.69254011299334,1.66094463874467,positive,"Minimum strength, on the risk-ratio scale, that an unmeasured factor would need with both exposure and outcome (confounding) or with both selection and outcome (selection; Smith and VanderWeele 2019) to move the estimate to the null. Algebraic benchmark, not a validated causal bound."
39,531877,1.20575303175379,1.19041381608991,1.22128990266495,prepregnancy,Prepregnancy smoking vs none,1.7038367012609,1.66651384491561,positive,"Minimum strength, on the risk-ratio scale, that an unmeasured factor would need with both exposure and outcome (confounding) or with both selection and outcome (selection; Smith and VanderWeele 2019) to move the estimate to the null. Algebraic benchmark, not a validated causal bound."
40,379580,1.20711289529427,1.18792735925994,1.22660828595907,prepregnancy,Prepregnancy smoking vs none,1.70712154191095,1.66041445074325,positive,"Minimum strength, on the risk-ratio scale, that an unmeasured factor would need with both exposure and outcome (confounding) or with both selection and outcome (selection; Smith and VanderWeele 2019) to move the estimate to the null. Algebraic benchmark, not a validated causal bound."
41,257793,1.20616032288226,1.18195707551138,1.23085918654533,prepregnancy,Prepregnancy smoking vs none,1.70482093052355,1.64570857452786,positive,"Minimum strength, on the risk-ratio scale, that an unmeasured factor would need with both exposure and outcome (confounding) or with both selection and outcome (selection; Smith and VanderWeele 2019) to move the estimate to the null. Algebraic benchmark, not a validated causal bound."
42,164709,1.20316264985885,1.17318602482816,1.23390522166116,prepregnancy,Prepregnancy smoking vs none,1.69756907392363,1.62394030825089,positive,"Minimum strength, on the risk-ratio scale, that an unmeasured factor would need with both exposure and outcome (confounding) or with both selection and outcome (selection; Smith and VanderWeele 2019) to move the estimate to the null. Algebraic benchmark, not a validated causal bound."
43,97685,1.19910058063662,1.16283196442414,1.23650041147186,prepregnancy,Prepregnancy smoking vs none,1.68771251443118,1.59797126747819,positive,"Minimum strength, on the risk-ratio scale, that an unmeasured factor would need with both exposure and outcome (confounding) or with both selection and outcome (selection; Smith and VanderWeele 2019) to move the estimate to the null. Algebraic benchmark, not a validated causal bound."
44,54186,1.1938773226894,1.15115373563423,1.2381865406072,prepregnancy,Prepregnancy smoking vs none,1.67498618660963,1.56828823124735,positive,"Minimum strength, on the risk-ratio scale, that an unmeasured factor would need with both exposure and outcome (confounding) or with both selection and outcome (selection; Smith and VanderWeele 2019) to move the estimate to the null. Algebraic benchmark, not a validated causal bound."
45,28835,1.1886390998565,1.13933274291394,1.24007926437202,prepregnancy,Prepregnancy smoking vs none,1.66216186578352,1.53776260645565,positive,"Minimum strength, on the risk-ratio scale, that an unmeasured factor would need with both exposure and outcome (confounding) or with both selection and outcome (selection; Smith and VanderWeele 2019) to move the estimate to the null. Algebraic benchmark, not a validated causal bound."
