model_id,label,contrast_group,family,covariance,fit_n,reference_n,fitted_null_ages,n_isolated_roots,has_zero_intervals,unique_regular_interior_root,full_95_fixed_null_age_set,fixed_null_age_set_components,full_95_simultaneous_outer_set,simultaneous_outer_set_components,simultaneous_strict_negative_intervals,simultaneous_strict_positive_intervals,simultaneous_reversal,omnibus_age_interaction_statistic,omnibus_df,omnibus_p,omnibus_log_p,age_knots,comparison,formula
primary_main,"Within-smoker full adjustment,2016-2024",within_prepregnancy_smokers,original_16_models,HC0,1980559,1980559,31.844775,1,FALSE,TRUE,"[15.000, 15.121] U [31.025, 32.853] U [43.033, 45.000]",3,"[15.000, 16.572] U [30.468, 33.832] U [40.825, 45.000]",3,"(16.572, 30.468)","(33.832, 40.825)",TRUE,225.950247271956,4,9.8251069048743e-48,-108.239143425115,"21,27,35",Reference full-main complete-case analysis,"Y ~ A * splines::ns(age, knots = c(21, 27, 35), Boundary.knots = c(15, 45), intercept = FALSE) + year_factor + race_ethnicity + prepreg_diabetes + prior_living4 + education4 + splines::ns(bmi, knots = c(19.6, 26.1, 37.8), Boundary.knots = c(13, 69.9), intercept = FALSE) + prior_preterm + prior_cesarean + nativity + prepreg_dose5"
primary_main,"Within-smoker full adjustment,2016-2024",within_prepregnancy_smokers,original_16_models,model,1980559,1980559,31.844775,1,FALSE,TRUE,"[15.000, 15.151] U [31.028, 32.846] U [43.090, 45.000]",3,"[15.000, 16.597] U [30.472, 33.817] U [40.883, 45.000]",3,"(16.597, 30.472)","(33.817, 40.883)",TRUE,227.791241229099,4,3.94515371691953e-48,-109.151596545177,"21,27,35",Reference full-main complete-case analysis,"Y ~ A * splines::ns(age, knots = c(21, 27, 35), Boundary.knots = c(15, 45), intercept = FALSE) + year_factor + race_ethnicity + prepreg_diabetes + prior_living4 + education4 + splines::ns(bmi, knots = c(19.6, 26.1, 37.8), Boundary.knots = c(13, 69.9), intercept = FALSE) + prior_preterm + prior_cesarean + nativity + prepreg_dose5"
broad_main,"Broader early-smoking comparison,2016-2024",broader_early_smoking,original_16_models,HC0,29576508,29576508,29.380030,1,FALSE,TRUE,"[29.074, 29.671]",1,"[28.851, 29.866]",1,"[15.000, 28.851)","(29.866, 45.000]",TRUE,2021.6583009682,4,0,-1003.90963547214,"21,27,35",Changed population/model; descriptive stability only,"Y ~ A * splines::ns(age, knots = c(21, 27, 35), Boundary.knots = c(15, 45), intercept = FALSE) + year_factor + race_ethnicity + prepreg_diabetes + prior_living4 + education4 + splines::ns(bmi, knots = c(19.6, 26.1, 37.8), Boundary.knots = c(13, 69.9), intercept = FALSE) + prior_preterm + prior_cesarean + nativity"
broad_main,"Broader early-smoking comparison,2016-2024",broader_early_smoking,original_16_models,model,29576508,29576508,29.380030,1,FALSE,TRUE,"[29.076, 29.669]",1,"[28.854, 29.863]",1,"[15.000, 28.854)","(29.863, 45.000]",TRUE,2061.46688968857,4,0,-1023.79444922149,"21,27,35",Changed population/model; descriptive stability only,"Y ~ A * splines::ns(age, knots = c(21, 27, 35), Boundary.knots = c(15, 45), intercept = FALSE) + year_factor + race_ethnicity + prepreg_diabetes + prior_living4 + education4 + splines::ns(bmi, knots = c(19.6, 26.1, 37.8), Boundary.knots = c(13, 69.9), intercept = FALSE) + prior_preterm + prior_cesarean + nativity"
prepregnancy_main,"Prepregnancy smoking only,2016-2024",prepregnancy_only,prepregnancy_only,HC0,30097165,30097165,28.574641,1,FALSE,TRUE,"[28.226, 28.904]",1,"[27.972, 29.122]",1,"[15.000, 27.972)","(29.122, 45.000]",TRUE,1881.96350783551,4,0,-934.133768012879,"21,27,35","Smoking versus abstinence before pregnancy, irrespective of T1 status; different population and contrast","Y ~ A * splines::ns(age, knots = c(21, 27, 35), Boundary.knots = c(15, 45), intercept = FALSE) + year_factor + race_ethnicity + prepreg_diabetes + prior_living4 + education4 + splines::ns(bmi, knots = c(19.6, 26.1, 37.8), Boundary.knots = c(13, 69.9), intercept = FALSE) + prior_preterm + prior_cesarean + nativity"
prepregnancy_main,"Prepregnancy smoking only,2016-2024",prepregnancy_only,prepregnancy_only,model,30097165,30097165,28.574641,1,FALSE,TRUE,"[28.227, 28.902]",1,"[27.975, 29.120]",1,"[15.000, 27.975)","(29.120, 45.000]",TRUE,1917.05637668837,4,0,-951.661746651007,"21,27,35","Smoking versus abstinence before pregnancy, irrespective of T1 status; different population and contrast","Y ~ A * splines::ns(age, knots = c(21, 27, 35), Boundary.knots = c(15, 45), intercept = FALSE) + year_factor + race_ethnicity + prepreg_diabetes + prior_living4 + education4 + splines::ns(bmi, knots = c(19.6, 26.1, 37.8), Boundary.knots = c(13, 69.9), intercept = FALSE) + prior_preterm + prior_cesarean + nativity"
primary_core_same_cc,"Core adjustment, same primary CC records",within_prepregnancy_smokers,original_16_models,HC0,1980559,1980559,33.015130,1,FALSE,TRUE,"[15.000, 15.269] U [32.197, 34.112] U [42.747, 45.000]",3,"[15.000, 16.525] U [31.707, 35.150] U [40.482, 45.000]",3,"(16.525, 31.707)","(35.150, 40.482)",TRUE,261.776222534822,4,1.88895311553304e-55,-126.00615734619,"21,27,35",Same records/reference; adjustment differs; no paired root-difference CI,"Y ~ A * splines::ns(age, knots = c(21, 27, 35), Boundary.knots = c(15, 45), intercept = FALSE) + year_factor + race_ethnicity + prepreg_diabetes + prior_living4 + prepreg_dose5"
primary_core_same_cc,"Core adjustment, same primary CC records",within_prepregnancy_smokers,original_16_models,model,1980559,1980559,33.015130,1,FALSE,TRUE,"[15.000, 15.300] U [32.202, 34.106] U [42.779, 45.000]",3,"[15.000, 16.553] U [31.714, 35.138] U [40.518, 45.000]",3,"(16.553, 31.714)","(35.138, 40.518)",TRUE,263.484284950383,4,8.09325663259399e-56,-126.853734007215,"21,27,35",Same records/reference; adjustment differs; no paired root-difference CI,"Y ~ A * splines::ns(age, knots = c(21, 27, 35), Boundary.knots = c(15, 45), intercept = FALSE) + year_factor + race_ethnicity + prepreg_diabetes + prior_living4 + prepreg_dose5"
primary_augmented_same_cc,"Core plus BMI/education, same primary CC records",within_prepregnancy_smokers,original_16_models,HC0,1980559,1980559,31.580311,1,FALSE,TRUE,"[15.000, 15.101] U [30.793, 32.500] U [43.873, 45.000]",3,"[15.000, 16.560] U [30.241, 33.354] U [41.424, 45.000]",3,"(16.560, 30.241)","(33.354, 41.424)",TRUE,243.772032803412,4,1.42915101304625e-51,-117.074759171903,"21,27,35",Same records/reference; adjustment differs; no paired root-difference CI,"Y ~ A * splines::ns(age, knots = c(21, 27, 35), Boundary.knots = c(15, 45), intercept = FALSE) + year_factor + race_ethnicity + prepreg_diabetes + prior_living4 + education4 + splines::ns(bmi, knots = c(19.6, 26.1, 37.8), Boundary.knots = c(13, 69.9), intercept = FALSE) + prepreg_dose5"
primary_augmented_same_cc,"Core plus BMI/education, same primary CC records",within_prepregnancy_smokers,original_16_models,model,1980559,1980559,31.580311,1,FALSE,TRUE,"[15.000, 15.131] U [30.796, 32.495] U [43.933, 45.000]",3,"[15.000, 16.585] U [30.245, 33.341] U [41.480, 45.000]",3,"(16.585, 30.245)","(33.341, 41.480)",TRUE,245.723544813091,4,5.42934572639588e-52,-118.042606201381,"21,27,35",Same records/reference; adjustment differs; no paired root-difference CI,"Y ~ A * splines::ns(age, knots = c(21, 27, 35), Boundary.knots = c(15, 45), intercept = FALSE) + year_factor + race_ethnicity + prepreg_diabetes + prior_living4 + education4 + splines::ns(bmi, knots = c(19.6, 26.1, 37.8), Boundary.knots = c(13, 69.9), intercept = FALSE) + prepreg_dose5"
primary_core_available,"Core-available fitting records, fixed main CC reference",within_prepregnancy_smokers,original_16_models,HC0,2032020,1980559,32.800519,1,FALSE,TRUE,"[15.000, 15.282] U [32.045, 33.786] U [42.687, 45.000]",3,"[15.000, 16.530] U [31.584, 34.714] U [40.618, 45.000]",3,"(16.530, 31.584)","(34.714, 40.618)",TRUE,278.427258641682,4,4.86495929695571e-59,-134.27046213755,"21,27,35",Changed population/model; descriptive stability only,"Y ~ A * splines::ns(age, knots = c(21, 27, 35), Boundary.knots = c(15, 45), intercept = FALSE) + year_factor + race_ethnicity + prepreg_diabetes + prior_living4 + prepreg_dose5"
primary_core_available,"Core-available fitting records, fixed main CC reference",within_prepregnancy_smokers,original_16_models,model,2032020,1980559,32.800519,1,FALSE,TRUE,"[15.000, 15.315] U [32.049, 33.781] U [42.716, 45.000]",3,"[15.000, 16.559] U [31.590, 34.704] U [40.651, 45.000]",3,"(16.559, 31.590)","(34.704, 40.651)",TRUE,280.127219489166,4,2.09200233770979e-59,-135.114398822995,"21,27,35",Changed population/model; descriptive stability only,"Y ~ A * splines::ns(age, knots = c(21, 27, 35), Boundary.knots = c(15, 45), intercept = FALSE) + year_factor + race_ethnicity + prepreg_diabetes + prior_living4 + prepreg_dose5"
primary_recent,"Full adjustment,2018-2024",within_prepregnancy_smokers,original_16_models,HC0,1330062,1330062,31.721043,1,FALSE,TRUE,"[30.855, 32.764] U [41.932, 45.000]",2,"[15.000, 16.780] U [30.239, 33.801] U [40.174, 45.000]",3,"(16.780, 30.239)","(33.801, 40.174)",TRUE,159.918749105092,4,1.52178044745786e-33,-75.5654270724252,"21,27,35",Changed population/model; descriptive stability only,"Y ~ A * splines::ns(age, knots = c(21, 27, 35), Boundary.knots = c(15, 45), intercept = FALSE) + year_factor + race_ethnicity + prepreg_diabetes + prior_living4 + education4 + splines::ns(bmi, knots = c(19.6, 26.1, 37.8), Boundary.knots = c(13, 69.9), intercept = FALSE) + prior_preterm + prior_cesarean + nativity + prepreg_dose5"
primary_recent,"Full adjustment,2018-2024",within_prepregnancy_smokers,original_16_models,model,1330062,1330062,31.721043,1,FALSE,TRUE,"[30.857, 32.757] U [41.981, 45.000]",2,"[15.000, 16.795] U [30.242, 33.786] U [40.229, 45.000]",3,"(16.795, 30.242)","(33.786, 40.229)",TRUE,161.148245940782,4,8.29192610242856e-34,-76.1726108791754,"21,27,35",Changed population/model; descriptive stability only,"Y ~ A * splines::ns(age, knots = c(21, 27, 35), Boundary.knots = c(15, 45), intercept = FALSE) + year_factor + race_ethnicity + prepreg_diabetes + prior_living4 + education4 + splines::ns(bmi, knots = c(19.6, 26.1, 37.8), Boundary.knots = c(13, 69.9), intercept = FALSE) + prior_preterm + prior_cesarean + nativity + prepreg_dose5"
primary_historical,"Full adjustment,2014-2015 historical sensitivity",within_prepregnancy_smokers,original_16_models,HC0,725836,725836,35.367370,1,FALSE,TRUE,"[15.000, 15.820] U [32.474, 45.000]",2,"[15.000, 17.098] U [31.294, 45.000]",2,"(17.098, 31.294)",Empty,FALSE,48.7371233369588,4,6.62466589248942e-10,-21.1350509906622,"21,27,35",Changed population/model; descriptive stability only,"Y ~ A * splines::ns(age, knots = c(21, 27, 35), Boundary.knots = c(15, 45), intercept = FALSE) + year_factor + race_ethnicity + prepreg_diabetes + prior_living4 + education4 + splines::ns(bmi, knots = c(19.6, 26.1, 37.8), Boundary.knots = c(13, 69.9), intercept = FALSE) + prior_preterm + prior_cesarean + nativity + prepreg_dose5"
primary_historical,"Full adjustment,2014-2015 historical sensitivity",within_prepregnancy_smokers,original_16_models,model,725836,725836,35.367370,1,FALSE,TRUE,"[15.000, 15.810] U [32.483, 45.000]",2,"[15.000, 17.090] U [31.306, 45.000]",2,"(17.090, 31.306)",Empty,FALSE,49.2683681071746,4,5.13250401249399e-10,-21.3902572782482,"21,27,35",Changed population/model; descriptive stability only,"Y ~ A * splines::ns(age, knots = c(21, 27, 35), Boundary.knots = c(15, 45), intercept = FALSE) + year_factor + race_ethnicity + prepreg_diabetes + prior_living4 + education4 + splines::ns(bmi, knots = c(19.6, 26.1, 37.8), Boundary.knots = c(13, 69.9), intercept = FALSE) + prior_preterm + prior_cesarean + nativity + prepreg_dose5"
primary_oe28,"Full adjustment,2016-2024 OE>=28 sensitivity",within_prepregnancy_smokers,original_16_models,HC0,1967958,1967958,31.861334,1,FALSE,TRUE,"[15.000, 15.097] U [31.013, 32.912] U [43.282, 45.000]",3,"[15.000, 16.562] U [30.436, 33.942] U [40.904, 45.000]",3,"(16.562, 30.436)","(33.942, 40.904)",TRUE,220.576818186662,4,1.4086478830776e-46,-105.576283981593,"21,27,35",Changed population/model; descriptive stability only,"Y ~ A * splines::ns(age, knots = c(21, 27, 35), Boundary.knots = c(15, 45), intercept = FALSE) + year_factor + race_ethnicity + prepreg_diabetes + prior_living4 + education4 + splines::ns(bmi, knots = c(19.6, 26.1, 37.8), Boundary.knots = c(13, 69.9), intercept = FALSE) + prior_preterm + prior_cesarean + nativity + prepreg_dose5"
primary_oe28,"Full adjustment,2016-2024 OE>=28 sensitivity",within_prepregnancy_smokers,original_16_models,model,1967958,1967958,31.861334,1,FALSE,TRUE,"[15.000, 15.127] U [31.017, 32.905] U [43.344, 45.000]",3,"[15.000, 16.586] U [30.440, 33.927] U [40.964, 45.000]",3,"(16.586, 30.440)","(33.927, 40.964)",TRUE,222.359875702833,4,5.82212717746311e-47,-106.459833681344,"21,27,35",Changed population/model; descriptive stability only,"Y ~ A * splines::ns(age, knots = c(21, 27, 35), Boundary.knots = c(15, 45), intercept = FALSE) + year_factor + race_ethnicity + prepreg_diabetes + prior_living4 + education4 + splines::ns(bmi, knots = c(19.6, 26.1, 37.8), Boundary.knots = c(13, 69.9), intercept = FALSE) + prior_preterm + prior_cesarean + nativity + prepreg_dose5"
all_years_shared_core_live,all_years shared_core live,within_prepregnancy_smokers,original_16_models,HC0,1364033,1364033,32.867572,1,FALSE,TRUE,"[15.000, 15.002] U [32.051, 33.962] U [41.814, 45.000]",3,"[15.000, 16.741] U [31.551, 35.041] U [39.984, 45.000]",3,"(16.741, 31.551)","(35.041, 39.984)",TRUE,187.605398958284,4,1.73310921929561e-39,-89.2509015947683,"21,27,35",Shared live reference within tier/period; root differences descriptive here; overlapping fits not independent,"Y ~ A * splines::ns(age, knots = c(21, 27, 35), Boundary.knots = c(15, 45), intercept = FALSE) + year_factor + race_ethnicity + prepreg_diabetes + prior_living4 + prepreg_dose5"
all_years_shared_core_live,all_years shared_core live,within_prepregnancy_smokers,original_16_models,model,1364033,1364033,32.867572,1,FALSE,TRUE,"[15.000, 15.037] U [32.055, 33.956] U [41.843, 45.000]",3,"[15.000, 16.765] U [31.557, 35.027] U [40.021, 45.000]",3,"(16.765, 31.557)","(35.027, 40.021)",TRUE,188.904773312401,4,9.11247740413874e-40,-89.8937591020857,"21,27,35",Shared live reference within tier/period; root differences descriptive here; overlapping fits not independent,"Y ~ A * splines::ns(age, knots = c(21, 27, 35), Boundary.knots = c(15, 45), intercept = FALSE) + year_factor + race_ethnicity + prepreg_diabetes + prior_living4 + prepreg_dose5"
all_years_shared_core_inclusive,all_years shared_core inclusive,within_prepregnancy_smokers,original_16_models,HC0,1374141,1364033,32.820250,1,FALSE,TRUE,"[32.014, 33.893] U [41.809, 45.000]",2,"[15.000, 16.614] U [31.517, 34.947] U [40.013, 45.000]",3,"(16.614, 31.517)","(34.947, 40.013)",TRUE,187.634713036538,4,1.70815627423997e-39,-89.2654040401302,"21,27,35",Shared live reference within tier/period; root differences descriptive here; overlapping fits not independent,"Y ~ A * splines::ns(age, knots = c(21, 27, 35), Boundary.knots = c(15, 45), intercept = FALSE) + year_factor + race_ethnicity + prepreg_diabetes + prior_living4 + prepreg_dose5"
all_years_shared_core_inclusive,all_years shared_core inclusive,within_prepregnancy_smokers,original_16_models,model,1374141,1364033,32.820250,1,FALSE,TRUE,"[32.018, 33.887] U [41.837, 45.000]",2,"[15.000, 16.639] U [31.523, 34.935] U [40.048, 45.000]",3,"(16.639, 31.523)","(34.935, 40.048)",TRUE,188.913623199696,4,9.07266485290487e-40,-89.8981376892068,"21,27,35",Shared live reference within tier/period; root differences descriptive here; overlapping fits not independent,"Y ~ A * splines::ns(age, knots = c(21, 27, 35), Boundary.knots = c(15, 45), intercept = FALSE) + year_factor + race_ethnicity + prepreg_diabetes + prior_living4 + prepreg_dose5"
all_years_shared_augmented_live,all_years shared_augmented live,within_prepregnancy_smokers,original_16_models,HC0,1332087,1332087,31.459703,1,FALSE,TRUE,"[30.622, 32.411] U [42.703, 45.000]",2,"[15.000, 16.781] U [30.007, 33.300] U [40.783, 45.000]",3,"(16.781, 30.007)","(33.300, 40.783)",TRUE,174.503667973254,4,1.1291033684153e-36,-82.7716395093112,"21,27,35",Shared live reference within tier/period; root differences descriptive here; overlapping fits not independent,"Y ~ A * splines::ns(age, knots = c(21, 27, 35), Boundary.knots = c(15, 45), intercept = FALSE) + year_factor + race_ethnicity + prepreg_diabetes + prior_living4 + education4 + splines::ns(bmi, knots = c(19.6, 26.1, 37.8), Boundary.knots = c(13, 69.9), intercept = FALSE) + prepreg_dose5"
all_years_shared_augmented_live,all_years shared_augmented live,within_prepregnancy_smokers,original_16_models,model,1332087,1332087,31.459703,1,FALSE,TRUE,"[30.624, 32.406] U [42.754, 45.000]",2,"[15.000, 16.797] U [30.009, 33.288] U [40.837, 45.000]",3,"(16.797, 30.009)","(33.288, 40.837)",TRUE,175.850215246249,4,5.80276974471364e-37,-83.4373130950223,"21,27,35",Shared live reference within tier/period; root differences descriptive here; overlapping fits not independent,"Y ~ A * splines::ns(age, knots = c(21, 27, 35), Boundary.knots = c(15, 45), intercept = FALSE) + year_factor + race_ethnicity + prepreg_diabetes + prior_living4 + education4 + splines::ns(bmi, knots = c(19.6, 26.1, 37.8), Boundary.knots = c(13, 69.9), intercept = FALSE) + prepreg_dose5"
all_years_shared_augmented_inclusive,all_years shared_augmented inclusive,within_prepregnancy_smokers,original_16_models,HC0,1341042,1332087,31.417095,1,FALSE,TRUE,"[30.582, 32.358] U [42.615, 45.000]",2,"[15.000, 16.647] U [29.965, 33.231] U [40.748, 45.000]",3,"(16.647, 29.965)","(33.231, 40.748)",TRUE,173.987149577525,4,1.45754331437935e-36,-82.5163109907142,"21,27,35",Shared live reference within tier/period; root differences descriptive here; overlapping fits not independent,"Y ~ A * splines::ns(age, knots = c(21, 27, 35), Boundary.knots = c(15, 45), intercept = FALSE) + year_factor + race_ethnicity + prepreg_diabetes + prior_living4 + education4 + splines::ns(bmi, knots = c(19.6, 26.1, 37.8), Boundary.knots = c(13, 69.9), intercept = FALSE) + prepreg_dose5"
all_years_shared_augmented_inclusive,all_years shared_augmented inclusive,within_prepregnancy_smokers,original_16_models,model,1341042,1332087,31.417095,1,FALSE,TRUE,"[30.583, 32.353] U [42.663, 45.000]",2,"[15.000, 16.664] U [29.966, 33.219] U [40.801, 45.000]",3,"(16.664, 29.966)","(33.219, 40.801)",TRUE,175.311213015901,4,7.57460501294226e-37,-83.1708472342498,"21,27,35",Shared live reference within tier/period; root differences descriptive here; overlapping fits not independent,"Y ~ A * splines::ns(age, knots = c(21, 27, 35), Boundary.knots = c(15, 45), intercept = FALSE) + year_factor + race_ethnicity + prepreg_diabetes + prior_living4 + education4 + splines::ns(bmi, knots = c(19.6, 26.1, 37.8), Boundary.knots = c(13, 69.9), intercept = FALSE) + prepreg_dose5"
reporting_years_shared_core_live,reporting_years shared_core live,within_prepregnancy_smokers,original_16_models,HC0,793570,793570,32.393257; 43.427203,2,FALSE,FALSE,"[15.000, 15.996] U [31.037, 35.000] U [38.493, 45.000]",3,"[15.000, 17.326] U [30.138, 45.000]",2,"(17.326, 30.138)",Empty,FALSE,95.7183283796742,4,8.01632132907807e-20,-43.970222230379,"21,27,35",Shared live reference within tier/period; root differences descriptive here; overlapping fits not independent,"Y ~ A * splines::ns(age, knots = c(21, 27, 35), Boundary.knots = c(15, 45), intercept = FALSE) + year_factor + race_ethnicity + prepreg_diabetes + prior_living4 + prepreg_dose5"
reporting_years_shared_core_live,reporting_years shared_core live,within_prepregnancy_smokers,original_16_models,model,793570,793570,32.393257; 43.427203,2,FALSE,FALSE,"[15.000, 16.025] U [31.042, 34.982] U [38.530, 45.000]",3,"[15.000, 17.348] U [30.145, 45.000]",2,"(17.348, 30.145)",Empty,FALSE,96.2385591134931,4,6.21318669587372e-20,-44.2250279400196,"21,27,35",Shared live reference within tier/period; root differences descriptive here; overlapping fits not independent,"Y ~ A * splines::ns(age, knots = c(21, 27, 35), Boundary.knots = c(15, 45), intercept = FALSE) + year_factor + race_ethnicity + prepreg_diabetes + prior_living4 + prepreg_dose5"
reporting_years_shared_core_inclusive,reporting_years shared_core inclusive,within_prepregnancy_smokers,original_16_models,HC0,799442,793570,32.287885; 43.315802,2,FALSE,FALSE,"[15.000, 15.839] U [30.968, 34.689] U [38.642, 45.000]",3,"[15.000, 17.258] U [30.077, 45.000]",2,"(17.258, 30.077)",Empty,FALSE,96.3455306693995,4,5.89601350432739e-20,-44.2774254145746,"21,27,35",Shared live reference within tier/period; root differences descriptive here; overlapping fits not independent,"Y ~ A * splines::ns(age, knots = c(21, 27, 35), Boundary.knots = c(15, 45), intercept = FALSE) + year_factor + race_ethnicity + prepreg_diabetes + prior_living4 + prepreg_dose5"
reporting_years_shared_core_inclusive,reporting_years shared_core inclusive,within_prepregnancy_smokers,original_16_models,model,799442,793570,32.287885; 43.315802,2,FALSE,FALSE,"[15.000, 15.870] U [30.972, 34.674] U [38.675, 45.000]",3,"[15.000, 17.280] U [30.084, 45.000]",2,"(17.280, 30.084)",Empty,FALSE,96.8665704756526,4,4.56784074968592e-20,-44.5326612502877,"21,27,35",Shared live reference within tier/period; root differences descriptive here; overlapping fits not independent,"Y ~ A * splines::ns(age, knots = c(21, 27, 35), Boundary.knots = c(15, 45), intercept = FALSE) + year_factor + race_ethnicity + prepreg_diabetes + prior_living4 + prepreg_dose5"
reporting_years_shared_augmented_live,reporting_years shared_augmented live,within_prepregnancy_smokers,original_16_models,HC0,775416,775416,30.289403,1,FALSE,TRUE,"[15.000, 16.106] U [28.848, 31.848] U [39.989, 45.000]",3,"[15.000, 17.476] U [27.816, 34.327] U [38.092, 45.000]",3,"(17.476, 27.816)","(34.327, 38.092)",TRUE,97.7614678394963,4,2.94645506400307e-20,-44.9710990853367,"21,27,35",Shared live reference within tier/period; root differences descriptive here; overlapping fits not independent,"Y ~ A * splines::ns(age, knots = c(21, 27, 35), Boundary.knots = c(15, 45), intercept = FALSE) + year_factor + race_ethnicity + prepreg_diabetes + prior_living4 + education4 + splines::ns(bmi, knots = c(19.6, 26.1, 37.8), Boundary.knots = c(13, 69.9), intercept = FALSE) + prepreg_dose5"
reporting_years_shared_augmented_live,reporting_years shared_augmented live,within_prepregnancy_smokers,original_16_models,model,775416,775416,30.289403,1,FALSE,TRUE,"[15.000, 16.123] U [28.847, 31.841] U [40.031, 45.000]",3,"[15.000, 17.488] U [27.815, 34.277] U [38.160, 45.000]",3,"(17.488, 27.815)","(34.277, 38.160)",TRUE,98.2493881090678,4,2.31989421418581e-20,-45.210180272576,"21,27,35",Shared live reference within tier/period; root differences descriptive here; overlapping fits not independent,"Y ~ A * splines::ns(age, knots = c(21, 27, 35), Boundary.knots = c(15, 45), intercept = FALSE) + year_factor + race_ethnicity + prepreg_diabetes + prior_living4 + education4 + splines::ns(bmi, knots = c(19.6, 26.1, 37.8), Boundary.knots = c(13, 69.9), intercept = FALSE) + prepreg_dose5"
reporting_years_shared_augmented_inclusive,reporting_years shared_augmented inclusive,within_prepregnancy_smokers,original_16_models,HC0,780604,775416,30.219233,1,FALSE,TRUE,"[15.000, 15.951] U [28.788, 31.732] U [39.957, 45.000]",3,"[15.000, 17.410] U [27.762, 33.969] U [38.140, 45.000]",3,"(17.410, 27.762)","(33.969, 38.140)",TRUE,97.8537822601482,4,2.81614939139993e-20,-45.016331372069,"21,27,35",Shared live reference within tier/period; root differences descriptive here; overlapping fits not independent,"Y ~ A * splines::ns(age, knots = c(21, 27, 35), Boundary.knots = c(15, 45), intercept = FALSE) + year_factor + race_ethnicity + prepreg_diabetes + prior_living4 + education4 + splines::ns(bmi, knots = c(19.6, 26.1, 37.8), Boundary.knots = c(13, 69.9), intercept = FALSE) + prepreg_dose5"
reporting_years_shared_augmented_inclusive,reporting_years shared_augmented inclusive,within_prepregnancy_smokers,original_16_models,model,780604,775416,30.219233,1,FALSE,TRUE,"[15.000, 15.969] U [28.786, 31.726] U [39.997, 45.000]",3,"[15.000, 17.422] U [27.760, 33.924] U [38.204, 45.000]",3,"(17.422, 27.760)","(33.924, 38.204)",TRUE,98.3298853484713,4,2.23016509257801e-20,-45.249626244603,"21,27,35",Shared live reference within tier/period; root differences descriptive here; overlapping fits not independent,"Y ~ A * splines::ns(age, knots = c(21, 27, 35), Boundary.knots = c(15, 45), intercept = FALSE) + year_factor + race_ethnicity + prepreg_diabetes + prior_living4 + education4 + splines::ns(bmi, knots = c(19.6, 26.1, 37.8), Boundary.knots = c(13, 69.9), intercept = FALSE) + prepreg_dose5"
age_spec_fewer_age_knots,"Two age knots (22,32)",within_prepregnancy_smokers,same_record_age_specification,HC0,1980559,1980559,31.773506,1,FALSE,TRUE,"[30.857, 32.896]",1,"[15.000, 15.924] U [30.406, 33.630] U [42.929, 45.000]",3,"(15.924, 30.406)","(33.630, 42.929)",TRUE,225.367804827004,3,1.38772484582862e-48,-110.196418859157,"22,32",Same primary complete-case records and age-specific reference; only stated outcome-model terms differ; descriptive comparison,"Y ~ A * splines::ns(age, knots = c(22, 32), Boundary.knots = c(15, 45), intercept = FALSE) + year_factor + race_ethnicity + prepreg_diabetes + prior_living4 + education4 + splines::ns(bmi, knots = c(19.6, 26.1, 37.8), Boundary.knots = c(13, 69.9), intercept = FALSE) + prior_preterm + prior_cesarean + nativity + prepreg_dose5"
age_spec_fewer_age_knots,"Two age knots (22,32)",within_prepregnancy_smokers,same_record_age_specification,model,1980559,1980559,31.773506,1,FALSE,TRUE,"[30.862, 32.891]",1,"[15.000, 15.934] U [30.412, 33.621] U [43.048, 45.000]",3,"(15.934, 30.412)","(33.621, 43.048)",TRUE,227.195146386321,3,5.58778227560459e-49,-111.106087078921,"22,32",Same primary complete-case records and age-specific reference; only stated outcome-model terms differ; descriptive comparison,"Y ~ A * splines::ns(age, knots = c(22, 32), Boundary.knots = c(15, 45), intercept = FALSE) + year_factor + race_ethnicity + prepreg_diabetes + prior_living4 + education4 + splines::ns(bmi, knots = c(19.6, 26.1, 37.8), Boundary.knots = c(13, 69.9), intercept = FALSE) + prior_preterm + prior_cesarean + nativity + prepreg_dose5"
age_spec_shifted_age_knots,"Shifted age knots (23,29,36)",within_prepregnancy_smokers,same_record_age_specification,HC0,1980559,1980559,31.886551,1,FALSE,TRUE,"[31.006, 32.850] U [42.530, 45.000]",2,"[15.000, 15.935] U [30.349, 33.795] U [40.731, 45.000]",3,"(15.935, 30.349)","(33.795, 40.731)",TRUE,225.772124111878,4,1.07319030708143e-47,-108.150863562983,"23,29,36",Same primary complete-case records and age-specific reference; only stated outcome-model terms differ; descriptive comparison,"Y ~ A * splines::ns(age, knots = c(23, 29, 36), Boundary.knots = c(15, 45), intercept = FALSE) + year_factor + race_ethnicity + prepreg_diabetes + prior_living4 + education4 + splines::ns(bmi, knots = c(19.6, 26.1, 37.8), Boundary.knots = c(13, 69.9), intercept = FALSE) + prior_preterm + prior_cesarean + nativity + prepreg_dose5"
age_spec_shifted_age_knots,"Shifted age knots (23,29,36)",within_prepregnancy_smokers,same_record_age_specification,model,1980559,1980559,31.886551,1,FALSE,TRUE,"[31.008, 32.844] U [42.571, 45.000]",2,"[15.000, 15.958] U [30.351, 33.779] U [40.776, 45.000]",3,"(15.958, 30.351)","(33.779, 40.776)",TRUE,227.742927273824,4,4.04076739244278e-48,-109.127649841155,"23,29,36",Same primary complete-case records and age-specific reference; only stated outcome-model terms differ; descriptive comparison,"Y ~ A * splines::ns(age, knots = c(23, 29, 36), Boundary.knots = c(15, 45), intercept = FALSE) + year_factor + race_ethnicity + prepreg_diabetes + prior_living4 + education4 + splines::ns(bmi, knots = c(19.6, 26.1, 37.8), Boundary.knots = c(13, 69.9), intercept = FALSE) + prior_preterm + prior_cesarean + nativity + prepreg_dose5"
age_spec_more_age_knots,"Four age knots (20,25,30,36)",within_prepregnancy_smokers,same_record_age_specification,HC0,1980559,1980559,31.984076,1,FALSE,TRUE,"[15.000, 16.092] U [30.970, 32.948] U [42.315, 45.000]",3,"[15.000, 17.170] U [30.121, 33.985] U [40.498, 45.000]",3,"(17.170, 30.121)","(33.985, 40.498)",TRUE,226.014314233377,5,7.64521524238161e-47,-106.187419377075,"20,25,30,36",Same primary complete-case records and age-specific reference; only stated outcome-model terms differ; descriptive comparison,"Y ~ A * splines::ns(age, knots = c(20, 25, 30, 36), Boundary.knots = c(15, 45), intercept = FALSE) + year_factor + race_ethnicity + prepreg_diabetes + prior_living4 + education4 + splines::ns(bmi, knots = c(19.6, 26.1, 37.8), Boundary.knots = c(13, 69.9), intercept = FALSE) + prior_preterm + prior_cesarean + nativity + prepreg_dose5"
age_spec_more_age_knots,"Four age knots (20,25,30,36)",within_prepregnancy_smokers,same_record_age_specification,model,1980559,1980559,31.984076,1,FALSE,TRUE,"[15.000, 16.110] U [30.972, 32.943] U [42.346, 45.000]",3,"[15.000, 17.186] U [30.124, 33.967] U [40.537, 45.000]",3,"(17.186, 30.124)","(33.967, 40.537)",TRUE,227.999446380352,5,2.87058593124939e-47,-107.166983204556,"20,25,30,36",Same primary complete-case records and age-specific reference; only stated outcome-model terms differ; descriptive comparison,"Y ~ A * splines::ns(age, knots = c(20, 25, 30, 36), Boundary.knots = c(15, 45), intercept = FALSE) + year_factor + race_ethnicity + prepreg_diabetes + prior_living4 + education4 + splines::ns(bmi, knots = c(19.6, 26.1, 37.8), Boundary.knots = c(13, 69.9), intercept = FALSE) + prior_preterm + prior_cesarean + nativity + prepreg_dose5"
age_spec_age_by_bmi_nuisance,Original age spline plus age-by-BMI nuisance interaction,within_prepregnancy_smokers,same_record_age_specification,HC0,1980559,1980559,31.857815,1,FALSE,TRUE,"[15.000, 15.159] U [31.018, 32.900] U [42.824, 45.000]",3,"[15.000, 16.586] U [30.447, 33.930] U [40.671, 45.000]",3,"(16.586, 30.447)","(33.930, 40.671)",TRUE,220.921256334318,4,1.18762739182687e-46,-105.746956749225,"21,27,35",Same primary complete-case records and age-specific reference; only stated outcome-model terms differ; descriptive comparison,"Y ~ A * splines::ns(age, knots = c(21, 27, 35), Boundary.knots = c(15, 45), intercept = FALSE) + year_factor + race_ethnicity + prepreg_diabetes + prior_living4 + education4 + splines::ns(bmi, knots = c(19.6, 26.1, 37.8), Boundary.knots = c(13, 69.9), intercept = FALSE) + prior_preterm + prior_cesarean + nativity + prepreg_dose5 + splines::ns(age, knots = c(21, 27, 35), Boundary.knots = c(15, 45), intercept = FALSE):splines::ns(bmi, knots = c(19.6, 26.1, 37.8), Boundary.knots = c(13, 69.9), intercept = FALSE)"
age_spec_age_by_bmi_nuisance,Original age spline plus age-by-BMI nuisance interaction,within_prepregnancy_smokers,same_record_age_specification,model,1980559,1980559,31.857815,1,FALSE,TRUE,"[15.000, 15.193] U [31.021, 32.895] U [42.854, 45.000]",3,"[15.000, 16.614] U [30.451, 33.919] U [40.704, 45.000]",3,"(16.614, 30.451)","(33.919, 40.704)",TRUE,222.050971893262,4,6.78517321855237e-47,-106.306759548127,"21,27,35",Same primary complete-case records and age-specific reference; only stated outcome-model terms differ; descriptive comparison,"Y ~ A * splines::ns(age, knots = c(21, 27, 35), Boundary.knots = c(15, 45), intercept = FALSE) + year_factor + race_ethnicity + prepreg_diabetes + prior_living4 + education4 + splines::ns(bmi, knots = c(19.6, 26.1, 37.8), Boundary.knots = c(13, 69.9), intercept = FALSE) + prior_preterm + prior_cesarean + nativity + prepreg_dose5 + splines::ns(age, knots = c(21, 27, 35), Boundary.knots = c(15, 45), intercept = FALSE):splines::ns(bmi, knots = c(19.6, 26.1, 37.8), Boundary.knots = c(13, 69.9), intercept = FALSE)"
