lower,upper,lower_closed,upper_closed,kind,classification,model_id,covariance
15,16.5720040061262,TRUE,TRUE,interval,zero_compatible,primary_main,HC0
16.5720040061262,30.4678419197511,FALSE,FALSE,interval,strict_negative,primary_main,HC0
30.4678419197511,33.8317368188112,TRUE,TRUE,interval,zero_compatible,primary_main,HC0
33.8317368188112,40.8252687440025,FALSE,FALSE,interval,strict_positive,primary_main,HC0
40.8252687440025,45,TRUE,TRUE,interval,zero_compatible,primary_main,HC0
15,16.5967898677509,TRUE,TRUE,interval,zero_compatible,primary_main,model
16.5967898677509,30.4720246852539,FALSE,FALSE,interval,strict_negative,primary_main,model
30.4720246852539,33.8166666381619,TRUE,TRUE,interval,zero_compatible,primary_main,model
33.8166666381619,40.8828150362463,FALSE,FALSE,interval,strict_positive,primary_main,model
40.8828150362463,45,TRUE,TRUE,interval,zero_compatible,primary_main,model
15,28.8510904530563,TRUE,FALSE,interval,strict_negative,broad_main,HC0
28.8510904530563,29.8655579981796,TRUE,TRUE,interval,zero_compatible,broad_main,HC0
29.8655579981796,45,FALSE,TRUE,interval,strict_positive,broad_main,HC0
15,28.8538131178283,TRUE,FALSE,interval,strict_negative,broad_main,model
28.8538131178283,29.8627384283292,TRUE,TRUE,interval,zero_compatible,broad_main,model
29.8627384283292,45,FALSE,TRUE,interval,strict_positive,broad_main,model
15,27.9721156118965,TRUE,FALSE,interval,strict_negative,prepregnancy_main,HC0
27.9721156118965,29.1221781509353,TRUE,TRUE,interval,zero_compatible,prepregnancy_main,HC0
29.1221781509353,45,FALSE,TRUE,interval,strict_positive,prepregnancy_main,HC0
15,27.9749054667449,TRUE,FALSE,interval,strict_negative,prepregnancy_main,model
27.9749054667449,29.1196909966276,TRUE,TRUE,interval,zero_compatible,prepregnancy_main,model
29.1196909966276,45,FALSE,TRUE,interval,strict_positive,prepregnancy_main,model
15,16.5245943018368,TRUE,TRUE,interval,zero_compatible,primary_core_same_cc,HC0
16.5245943018368,31.7073759556267,FALSE,FALSE,interval,strict_negative,primary_core_same_cc,HC0
31.7073759556267,35.1501641408594,TRUE,TRUE,interval,zero_compatible,primary_core_same_cc,HC0
35.1501641408594,40.4818935266443,FALSE,FALSE,interval,strict_positive,primary_core_same_cc,HC0
40.4818935266443,45,TRUE,TRUE,interval,zero_compatible,primary_core_same_cc,HC0
15,16.5525816845403,TRUE,TRUE,interval,zero_compatible,primary_core_same_cc,model
16.5525816845403,31.7142515152433,FALSE,FALSE,interval,strict_negative,primary_core_same_cc,model
31.7142515152433,35.1383628070443,TRUE,TRUE,interval,zero_compatible,primary_core_same_cc,model
35.1383628070443,40.5182667948856,FALSE,FALSE,interval,strict_positive,primary_core_same_cc,model
40.5182667948856,45,TRUE,TRUE,interval,zero_compatible,primary_core_same_cc,model
15,16.5596700711233,TRUE,TRUE,interval,zero_compatible,primary_augmented_same_cc,HC0
16.5596700711233,30.2414030056391,FALSE,FALSE,interval,strict_negative,primary_augmented_same_cc,HC0
30.2414030056391,33.3535993311751,TRUE,TRUE,interval,zero_compatible,primary_augmented_same_cc,HC0
33.3535993311751,41.4240115962055,FALSE,FALSE,interval,strict_positive,primary_augmented_same_cc,HC0
41.4240115962055,45,TRUE,TRUE,interval,zero_compatible,primary_augmented_same_cc,HC0
15,16.5848431760159,TRUE,TRUE,interval,zero_compatible,primary_augmented_same_cc,model
16.5848431760159,30.244812507291,FALSE,FALSE,interval,strict_negative,primary_augmented_same_cc,model
30.244812507291,33.3407560354952,TRUE,TRUE,interval,zero_compatible,primary_augmented_same_cc,model
33.3407560354952,41.4797573281365,FALSE,FALSE,interval,strict_positive,primary_augmented_same_cc,model
41.4797573281365,45,TRUE,TRUE,interval,zero_compatible,primary_augmented_same_cc,model
15,16.5297497431345,TRUE,TRUE,interval,zero_compatible,primary_core_available,HC0
16.5297497431345,31.58350497467,FALSE,FALSE,interval,strict_negative,primary_core_available,HC0
31.58350497467,34.7138327214508,TRUE,TRUE,interval,zero_compatible,primary_core_available,HC0
34.7138327214508,40.6175481494109,FALSE,FALSE,interval,strict_positive,primary_core_available,HC0
40.6175481494109,45,TRUE,TRUE,interval,zero_compatible,primary_core_available,HC0
15,16.5590936687871,TRUE,TRUE,interval,zero_compatible,primary_core_available,model
16.5590936687871,31.5898666196415,FALSE,FALSE,interval,strict_negative,primary_core_available,model
31.5898666196415,34.7036206697231,TRUE,TRUE,interval,zero_compatible,primary_core_available,model
34.7036206697231,40.6514639897108,FALSE,FALSE,interval,strict_positive,primary_core_available,model
40.6514639897108,45,TRUE,TRUE,interval,zero_compatible,primary_core_available,model
15,16.7796752284352,TRUE,TRUE,interval,zero_compatible,primary_recent,HC0
16.7796752284352,30.2392581875461,FALSE,FALSE,interval,strict_negative,primary_recent,HC0
30.2392581875461,33.801439976377,TRUE,TRUE,interval,zero_compatible,primary_recent,HC0
33.801439976377,40.1741133387655,FALSE,FALSE,interval,strict_positive,primary_recent,HC0
40.1741133387655,45,TRUE,TRUE,interval,zero_compatible,primary_recent,HC0
15,16.7952268738552,TRUE,TRUE,interval,zero_compatible,primary_recent,model
16.7952268738552,30.24158505307,FALSE,FALSE,interval,strict_negative,primary_recent,model
30.24158505307,33.786409416055,TRUE,TRUE,interval,zero_compatible,primary_recent,model
33.786409416055,40.2288264458505,FALSE,FALSE,interval,strict_positive,primary_recent,model
40.2288264458505,45,TRUE,TRUE,interval,zero_compatible,primary_recent,model
15,17.0979271646424,TRUE,TRUE,interval,zero_compatible,primary_historical,HC0
17.0979271646424,31.2935241965578,FALSE,FALSE,interval,strict_negative,primary_historical,HC0
31.2935241965578,45,TRUE,TRUE,interval,zero_compatible,primary_historical,HC0
15,17.0900013459182,TRUE,TRUE,interval,zero_compatible,primary_historical,model
17.0900013459182,31.3061391647462,FALSE,FALSE,interval,strict_negative,primary_historical,model
31.3061391647462,45,TRUE,TRUE,interval,zero_compatible,primary_historical,model
15,16.561510202966,TRUE,TRUE,interval,zero_compatible,primary_oe28,HC0
16.561510202966,30.4361730714743,FALSE,FALSE,interval,strict_negative,primary_oe28,HC0
30.4361730714743,33.9418199266879,TRUE,TRUE,interval,zero_compatible,primary_oe28,HC0
33.9418199266879,40.9036487700825,FALSE,FALSE,interval,strict_positive,primary_oe28,HC0
40.9036487700825,45,TRUE,TRUE,interval,zero_compatible,primary_oe28,HC0
15,16.5863584056597,TRUE,TRUE,interval,zero_compatible,primary_oe28,model
16.5863584056597,30.4403190439035,FALSE,FALSE,interval,strict_negative,primary_oe28,model
30.4403190439035,33.9268980701161,TRUE,TRUE,interval,zero_compatible,primary_oe28,model
33.9268980701161,40.9635013369587,FALSE,FALSE,interval,strict_positive,primary_oe28,model
40.9635013369587,45,TRUE,TRUE,interval,zero_compatible,primary_oe28,model
15,16.7409118993472,TRUE,TRUE,interval,zero_compatible,all_years_shared_core_live,HC0
16.7409118993472,31.5506701770944,FALSE,FALSE,interval,strict_negative,all_years_shared_core_live,HC0
31.5506701770944,35.0406367553952,TRUE,TRUE,interval,zero_compatible,all_years_shared_core_live,HC0
35.0406367553952,39.9841749083963,FALSE,FALSE,interval,strict_positive,all_years_shared_core_live,HC0
39.9841749083963,45,TRUE,TRUE,interval,zero_compatible,all_years_shared_core_live,HC0
15,16.7648362343037,TRUE,TRUE,interval,zero_compatible,all_years_shared_core_live,model
16.7648362343037,31.5568473631642,FALSE,FALSE,interval,strict_negative,all_years_shared_core_live,model
31.5568473631642,35.0273196663766,TRUE,TRUE,interval,zero_compatible,all_years_shared_core_live,model
35.0273196663766,40.0208301340539,FALSE,FALSE,interval,strict_positive,all_years_shared_core_live,model
40.0208301340539,45,TRUE,TRUE,interval,zero_compatible,all_years_shared_core_live,model
15,16.6135536151433,TRUE,TRUE,interval,zero_compatible,all_years_shared_core_inclusive,HC0
16.6135536151433,31.5171707420343,FALSE,FALSE,interval,strict_negative,all_years_shared_core_inclusive,HC0
31.5171707420343,34.9473057903192,TRUE,TRUE,interval,zero_compatible,all_years_shared_core_inclusive,HC0
34.9473057903192,40.012769492655,FALSE,FALSE,interval,strict_positive,all_years_shared_core_inclusive,HC0
40.012769492655,45,TRUE,TRUE,interval,zero_compatible,all_years_shared_core_inclusive,HC0
15,16.6393545271242,TRUE,TRUE,interval,zero_compatible,all_years_shared_core_inclusive,model
16.6393545271242,31.523202405678,FALSE,FALSE,interval,strict_negative,all_years_shared_core_inclusive,model
31.523202405678,34.9348684236546,TRUE,TRUE,interval,zero_compatible,all_years_shared_core_inclusive,model
34.9348684236546,40.0480978339589,FALSE,FALSE,interval,strict_positive,all_years_shared_core_inclusive,model
40.0480978339589,45,TRUE,TRUE,interval,zero_compatible,all_years_shared_core_inclusive,model
15,16.7808040045793,TRUE,TRUE,interval,zero_compatible,all_years_shared_augmented_live,HC0
16.7808040045793,30.0073640024737,FALSE,FALSE,interval,strict_negative,all_years_shared_augmented_live,HC0
30.0073640024737,33.3004386959485,TRUE,TRUE,interval,zero_compatible,all_years_shared_augmented_live,HC0
33.3004386959485,40.7830840371999,FALSE,FALSE,interval,strict_positive,all_years_shared_augmented_live,HC0
40.7830840371999,45,TRUE,TRUE,interval,zero_compatible,all_years_shared_augmented_live,HC0
15,16.7965320809917,TRUE,TRUE,interval,zero_compatible,all_years_shared_augmented_live,model
16.7965320809917,30.0090421763761,FALSE,FALSE,interval,strict_negative,all_years_shared_augmented_live,model
30.0090421763761,33.2880834184951,TRUE,TRUE,interval,zero_compatible,all_years_shared_augmented_live,model
33.2880834184951,40.8367567387629,FALSE,FALSE,interval,strict_positive,all_years_shared_augmented_live,model
40.8367567387629,45,TRUE,TRUE,interval,zero_compatible,all_years_shared_augmented_live,model
15,16.6468448094795,TRUE,TRUE,interval,zero_compatible,all_years_shared_augmented_inclusive,HC0
16.6468448094795,29.9647795352967,FALSE,FALSE,interval,strict_negative,all_years_shared_augmented_inclusive,HC0
29.9647795352967,33.230770613288,TRUE,TRUE,interval,zero_compatible,all_years_shared_augmented_inclusive,HC0
33.230770613288,40.7483198130658,FALSE,FALSE,interval,strict_positive,all_years_shared_augmented_inclusive,HC0
40.7483198130658,45,TRUE,TRUE,interval,zero_compatible,all_years_shared_augmented_inclusive,HC0
15,16.6636634699463,TRUE,TRUE,interval,zero_compatible,all_years_shared_augmented_inclusive,model
16.6636634699463,29.966423254413,FALSE,FALSE,interval,strict_negative,all_years_shared_augmented_inclusive,model
29.966423254413,33.219018766797,TRUE,TRUE,interval,zero_compatible,all_years_shared_augmented_inclusive,model
33.219018766797,40.8005089022196,FALSE,FALSE,interval,strict_positive,all_years_shared_augmented_inclusive,model
40.8005089022196,45,TRUE,TRUE,interval,zero_compatible,all_years_shared_augmented_inclusive,model
15,17.3260283471633,TRUE,TRUE,interval,zero_compatible,reporting_years_shared_core_live,HC0
17.3260283471633,30.138490785848,FALSE,FALSE,interval,strict_negative,reporting_years_shared_core_live,HC0
30.138490785848,45,TRUE,TRUE,interval,zero_compatible,reporting_years_shared_core_live,HC0
15,17.3475505568061,TRUE,TRUE,interval,zero_compatible,reporting_years_shared_core_live,model
17.3475505568061,30.1449702529091,FALSE,FALSE,interval,strict_negative,reporting_years_shared_core_live,model
30.1449702529091,45,TRUE,TRUE,interval,zero_compatible,reporting_years_shared_core_live,model
15,17.2575823876173,TRUE,TRUE,interval,zero_compatible,reporting_years_shared_core_inclusive,HC0
17.2575823876173,30.077431535241,FALSE,FALSE,interval,strict_negative,reporting_years_shared_core_inclusive,HC0
30.077431535241,45,TRUE,TRUE,interval,zero_compatible,reporting_years_shared_core_inclusive,HC0
15,17.2798727978587,TRUE,TRUE,interval,zero_compatible,reporting_years_shared_core_inclusive,model
17.2798727978587,30.0836551631731,FALSE,FALSE,interval,strict_negative,reporting_years_shared_core_inclusive,model
30.0836551631731,45,TRUE,TRUE,interval,zero_compatible,reporting_years_shared_core_inclusive,model
15,17.4761002630834,TRUE,TRUE,interval,zero_compatible,reporting_years_shared_augmented_live,HC0
17.4761002630834,27.8163068035913,FALSE,FALSE,interval,strict_negative,reporting_years_shared_augmented_live,HC0
27.8163068035913,34.3274187788007,TRUE,TRUE,interval,zero_compatible,reporting_years_shared_augmented_live,HC0
34.3274187788007,38.0915867518851,FALSE,FALSE,interval,strict_positive,reporting_years_shared_augmented_live,HC0
38.0915867518851,45,TRUE,TRUE,interval,zero_compatible,reporting_years_shared_augmented_live,HC0
15,17.4883253185642,TRUE,TRUE,interval,zero_compatible,reporting_years_shared_augmented_live,model
17.4883253185642,27.8147805865645,FALSE,FALSE,interval,strict_negative,reporting_years_shared_augmented_live,model
27.8147805865645,34.2769843625786,TRUE,TRUE,interval,zero_compatible,reporting_years_shared_augmented_live,model
34.2769843625786,38.1598295280427,FALSE,FALSE,interval,strict_positive,reporting_years_shared_augmented_live,model
38.1598295280427,45,TRUE,TRUE,interval,zero_compatible,reporting_years_shared_augmented_live,model
15,17.4095777449861,TRUE,TRUE,interval,zero_compatible,reporting_years_shared_augmented_inclusive,HC0
17.4095777449861,27.7617644701178,FALSE,FALSE,interval,strict_negative,reporting_years_shared_augmented_inclusive,HC0
27.7617644701178,33.9688049269122,TRUE,TRUE,interval,zero_compatible,reporting_years_shared_augmented_inclusive,HC0
33.9688049269122,38.1398748956579,FALSE,FALSE,interval,strict_positive,reporting_years_shared_augmented_inclusive,HC0
38.1398748956579,45,TRUE,TRUE,interval,zero_compatible,reporting_years_shared_augmented_inclusive,HC0
15,17.4219080704607,TRUE,TRUE,interval,zero_compatible,reporting_years_shared_augmented_inclusive,model
17.4219080704607,27.7602479176519,FALSE,FALSE,interval,strict_negative,reporting_years_shared_augmented_inclusive,model
27.7602479176519,33.9244359247785,TRUE,TRUE,interval,zero_compatible,reporting_years_shared_augmented_inclusive,model
33.9244359247785,38.2037086382229,FALSE,FALSE,interval,strict_positive,reporting_years_shared_augmented_inclusive,model
38.2037086382229,45,TRUE,TRUE,interval,zero_compatible,reporting_years_shared_augmented_inclusive,model
15,15.9238457148392,TRUE,TRUE,interval,zero_compatible,age_spec_fewer_age_knots,HC0
15.9238457148392,30.4059204063956,FALSE,FALSE,interval,strict_negative,age_spec_fewer_age_knots,HC0
30.4059204063956,33.630001607112,TRUE,TRUE,interval,zero_compatible,age_spec_fewer_age_knots,HC0
33.630001607112,42.928805569963,FALSE,FALSE,interval,strict_positive,age_spec_fewer_age_knots,HC0
42.928805569963,45,TRUE,TRUE,interval,zero_compatible,age_spec_fewer_age_knots,HC0
15,15.9339624457434,TRUE,TRUE,interval,zero_compatible,age_spec_fewer_age_knots,model
15.9339624457434,30.4122217031562,FALSE,FALSE,interval,strict_negative,age_spec_fewer_age_knots,model
30.4122217031562,33.6211623429611,TRUE,TRUE,interval,zero_compatible,age_spec_fewer_age_knots,model
33.6211623429611,43.0478635175617,FALSE,FALSE,interval,strict_positive,age_spec_fewer_age_knots,model
43.0478635175617,45,TRUE,TRUE,interval,zero_compatible,age_spec_fewer_age_knots,model
15,15.9352836315419,TRUE,TRUE,interval,zero_compatible,age_spec_shifted_age_knots,HC0
15.9352836315419,30.3485886551886,FALSE,FALSE,interval,strict_negative,age_spec_shifted_age_knots,HC0
30.3485886551886,33.7953803460896,TRUE,TRUE,interval,zero_compatible,age_spec_shifted_age_knots,HC0
33.7953803460896,40.7312625151393,FALSE,FALSE,interval,strict_positive,age_spec_shifted_age_knots,HC0
40.7312625151393,45,TRUE,TRUE,interval,zero_compatible,age_spec_shifted_age_knots,HC0
15,15.9577503111282,TRUE,TRUE,interval,zero_compatible,age_spec_shifted_age_knots,model
15.9577503111282,30.3510089989053,FALSE,FALSE,interval,strict_negative,age_spec_shifted_age_knots,model
30.3510089989053,33.7785391090754,TRUE,TRUE,interval,zero_compatible,age_spec_shifted_age_knots,model
33.7785391090754,40.7759881673675,FALSE,FALSE,interval,strict_positive,age_spec_shifted_age_knots,model
40.7759881673675,45,TRUE,TRUE,interval,zero_compatible,age_spec_shifted_age_knots,model
15,17.1704818624271,TRUE,TRUE,interval,zero_compatible,age_spec_more_age_knots,HC0
17.1704818624271,30.1212479493,FALSE,FALSE,interval,strict_negative,age_spec_more_age_knots,HC0
30.1212479493,33.9849255788154,TRUE,TRUE,interval,zero_compatible,age_spec_more_age_knots,HC0
33.9849255788154,40.4981527709023,FALSE,FALSE,interval,strict_positive,age_spec_more_age_knots,HC0
40.4981527709023,45,TRUE,TRUE,interval,zero_compatible,age_spec_more_age_knots,HC0
15,17.185585796999,TRUE,TRUE,interval,zero_compatible,age_spec_more_age_knots,model
17.185585796999,30.1237665315897,FALSE,FALSE,interval,strict_negative,age_spec_more_age_knots,model
30.1237665315897,33.9669159634418,TRUE,TRUE,interval,zero_compatible,age_spec_more_age_knots,model
33.9669159634418,40.5369669240484,FALSE,FALSE,interval,strict_positive,age_spec_more_age_knots,model
40.5369669240484,45,TRUE,TRUE,interval,zero_compatible,age_spec_more_age_knots,model
15,16.5860615617211,TRUE,TRUE,interval,zero_compatible,age_spec_age_by_bmi_nuisance,HC0
16.5860615617211,30.447233233939,FALSE,FALSE,interval,strict_negative,age_spec_age_by_bmi_nuisance,HC0
30.447233233939,33.9297359065573,TRUE,TRUE,interval,zero_compatible,age_spec_age_by_bmi_nuisance,HC0
33.9297359065573,40.6712148237542,FALSE,FALSE,interval,strict_positive,age_spec_age_by_bmi_nuisance,HC0
40.6712148237542,45,TRUE,TRUE,interval,zero_compatible,age_spec_age_by_bmi_nuisance,HC0
15,16.6139349829021,TRUE,TRUE,interval,zero_compatible,age_spec_age_by_bmi_nuisance,model
16.6139349829021,30.451093882218,FALSE,FALSE,interval,strict_negative,age_spec_age_by_bmi_nuisance,model
30.451093882218,33.9192068274425,TRUE,TRUE,interval,zero_compatible,age_spec_age_by_bmi_nuisance,model
33.9192068274425,40.7037342417034,FALSE,FALSE,interval,strict_positive,age_spec_age_by_bmi_nuisance,model
40.7037342417034,45,TRUE,TRUE,interval,zero_compatible,age_spec_age_by_bmi_nuisance,model
