lower,upper,lower_closed,upper_closed,kind,model_id,covariance,method
15,15.1211524250633,TRUE,TRUE,interval,primary_main,HC0,pointwise
31.0249022272268,32.8531083603094,TRUE,TRUE,interval,primary_main,HC0,pointwise
43.0326228887357,45,TRUE,TRUE,interval,primary_main,HC0,pointwise
15,16.5720040061262,TRUE,TRUE,interval,primary_main,HC0,simultaneous
30.4678419197511,33.8317368188112,TRUE,TRUE,interval,primary_main,HC0,simultaneous
40.8252687440025,45,TRUE,TRUE,interval,primary_main,HC0,simultaneous
15,15.1513749297833,TRUE,TRUE,interval,primary_main,model,pointwise
31.0282504108696,32.8461305123715,TRUE,TRUE,interval,primary_main,model,pointwise
43.0902802799346,45,TRUE,TRUE,interval,primary_main,model,pointwise
15,16.5967898677509,TRUE,TRUE,interval,primary_main,model,simultaneous
30.4720246852539,33.8166666381619,TRUE,TRUE,interval,primary_main,model,simultaneous
40.8828150362463,45,TRUE,TRUE,interval,primary_main,model,simultaneous
29.0742272294723,29.6705450659403,TRUE,TRUE,interval,broad_main,HC0,pointwise
28.8510904530563,29.8655579981796,TRUE,TRUE,interval,broad_main,HC0,simultaneous
29.075813737832,29.6689282456813,TRUE,TRUE,interval,broad_main,model,pointwise
28.8538131178283,29.8627384283292,TRUE,TRUE,interval,broad_main,model,simultaneous
28.2257676926753,28.9039531833888,TRUE,TRUE,interval,prepregnancy_main,HC0,pointwise
27.9721156118965,29.1221781509353,TRUE,TRUE,interval,prepregnancy_main,HC0,simultaneous
28.2273629257918,28.9024717249795,TRUE,TRUE,interval,prepregnancy_main,model,pointwise
27.9749054667449,29.1196909966276,TRUE,TRUE,interval,prepregnancy_main,model,simultaneous
15,15.2686081943625,TRUE,TRUE,interval,primary_core_same_cc,HC0,pointwise
32.1974183370991,34.1116128639943,TRUE,TRUE,interval,primary_core_same_cc,HC0,pointwise
42.7471890306519,45,TRUE,TRUE,interval,primary_core_same_cc,HC0,pointwise
15,16.5245943018368,TRUE,TRUE,interval,primary_core_same_cc,HC0,simultaneous
31.7073759556267,35.1501641408594,TRUE,TRUE,interval,primary_core_same_cc,HC0,simultaneous
40.4818935266443,45,TRUE,TRUE,interval,primary_core_same_cc,HC0,simultaneous
15,15.2998471417768,TRUE,TRUE,interval,primary_core_same_cc,model,pointwise
32.2017120425602,34.1058747192399,TRUE,TRUE,interval,primary_core_same_cc,model,pointwise
42.7787933769421,45,TRUE,TRUE,interval,primary_core_same_cc,model,pointwise
15,16.5525816845403,TRUE,TRUE,interval,primary_core_same_cc,model,simultaneous
31.7142515152433,35.1383628070443,TRUE,TRUE,interval,primary_core_same_cc,model,simultaneous
40.5182667948856,45,TRUE,TRUE,interval,primary_core_same_cc,model,simultaneous
15,15.1007523364401,TRUE,TRUE,interval,primary_augmented_same_cc,HC0,pointwise
30.7930828996573,32.5004206069317,TRUE,TRUE,interval,primary_augmented_same_cc,HC0,pointwise
43.8732345111892,45,TRUE,TRUE,interval,primary_augmented_same_cc,HC0,pointwise
15,16.5596700711233,TRUE,TRUE,interval,primary_augmented_same_cc,HC0,simultaneous
30.2414030056391,33.3535993311751,TRUE,TRUE,interval,primary_augmented_same_cc,HC0,simultaneous
41.4240115962055,45,TRUE,TRUE,interval,primary_augmented_same_cc,HC0,simultaneous
15,15.1314759616139,TRUE,TRUE,interval,primary_augmented_same_cc,model,pointwise
30.7958761447062,32.4945389618703,TRUE,TRUE,interval,primary_augmented_same_cc,model,pointwise
43.9327786677318,45,TRUE,TRUE,interval,primary_augmented_same_cc,model,pointwise
15,16.5848431760159,TRUE,TRUE,interval,primary_augmented_same_cc,model,simultaneous
30.244812507291,33.3407560354952,TRUE,TRUE,interval,primary_augmented_same_cc,model,simultaneous
41.4797573281365,45,TRUE,TRUE,interval,primary_augmented_same_cc,model,simultaneous
15,15.2820017195941,TRUE,TRUE,interval,primary_core_available,HC0,pointwise
32.0454289994798,33.7863650622209,TRUE,TRUE,interval,primary_core_available,HC0,pointwise
42.686767698395,45,TRUE,TRUE,interval,primary_core_available,HC0,pointwise
15,16.5297497431345,TRUE,TRUE,interval,primary_core_available,HC0,simultaneous
31.58350497467,34.7138327214508,TRUE,TRUE,interval,primary_core_available,HC0,simultaneous
40.6175481494109,45,TRUE,TRUE,interval,primary_core_available,HC0,simultaneous
15,15.3147158355713,TRUE,TRUE,interval,primary_core_available,model,pointwise
32.0494191990946,33.7811285635409,TRUE,TRUE,interval,primary_core_available,model,pointwise
42.7164822457906,45,TRUE,TRUE,interval,primary_core_available,model,pointwise
15,16.5590936687871,TRUE,TRUE,interval,primary_core_available,model,simultaneous
31.5898666196415,34.7036206697231,TRUE,TRUE,interval,primary_core_available,model,simultaneous
40.6514639897108,45,TRUE,TRUE,interval,primary_core_available,model,simultaneous
30.8547585960401,32.7637618431985,TRUE,TRUE,interval,primary_recent,HC0,pointwise
41.9323449782211,45,TRUE,TRUE,interval,primary_recent,HC0,pointwise
15,16.7796752284352,TRUE,TRUE,interval,primary_recent,HC0,simultaneous
30.2392581875461,33.801439976377,TRUE,TRUE,interval,primary_recent,HC0,simultaneous
40.1741133387655,45,TRUE,TRUE,interval,primary_recent,HC0,simultaneous
30.8571014260749,32.7574230409228,TRUE,TRUE,interval,primary_recent,model,pointwise
41.9811168754533,45,TRUE,TRUE,interval,primary_recent,model,pointwise
15,16.7952268738552,TRUE,TRUE,interval,primary_recent,model,simultaneous
30.24158505307,33.786409416055,TRUE,TRUE,interval,primary_recent,model,simultaneous
40.2288264458505,45,TRUE,TRUE,interval,primary_recent,model,simultaneous
15,15.8199491144654,TRUE,TRUE,interval,primary_historical,HC0,pointwise
32.4737213307701,45,TRUE,TRUE,interval,primary_historical,HC0,pointwise
15,17.0979271646424,TRUE,TRUE,interval,primary_historical,HC0,simultaneous
31.2935241965578,45,TRUE,TRUE,interval,primary_historical,HC0,simultaneous
15,15.8100578598901,TRUE,TRUE,interval,primary_historical,model,pointwise
32.4828857027755,45,TRUE,TRUE,interval,primary_historical,model,pointwise
15,17.0900013459182,TRUE,TRUE,interval,primary_historical,model,simultaneous
31.3061391647462,45,TRUE,TRUE,interval,primary_historical,model,simultaneous
15,15.096535017406,TRUE,TRUE,interval,primary_oe28,HC0,pointwise
31.0133624425437,32.9124350422482,TRUE,TRUE,interval,primary_oe28,HC0,pointwise
43.2817678589662,45,TRUE,TRUE,interval,primary_oe28,HC0,pointwise
15,16.561510202966,TRUE,TRUE,interval,primary_oe28,HC0,simultaneous
30.4361730714743,33.9418199266879,TRUE,TRUE,interval,primary_oe28,HC0,simultaneous
40.9036487700825,45,TRUE,TRUE,interval,primary_oe28,HC0,simultaneous
15,15.1269548061039,TRUE,TRUE,interval,primary_oe28,model,pointwise
31.0167054585128,32.9054357599325,TRUE,TRUE,interval,primary_oe28,model,pointwise
43.3439435410883,45,TRUE,TRUE,interval,primary_oe28,model,pointwise
15,16.5863584056597,TRUE,TRUE,interval,primary_oe28,model,simultaneous
30.4403190439035,33.9268980701161,TRUE,TRUE,interval,primary_oe28,model,simultaneous
40.9635013369587,45,TRUE,TRUE,interval,primary_oe28,model,simultaneous
15,15.0024165590107,TRUE,TRUE,interval,all_years_shared_core_live,HC0,pointwise
32.0507443483896,33.9619058463355,TRUE,TRUE,interval,all_years_shared_core_live,HC0,pointwise
41.8144074828555,45,TRUE,TRUE,interval,all_years_shared_core_live,HC0,pointwise
15,16.7409118993472,TRUE,TRUE,interval,all_years_shared_core_live,HC0,simultaneous
31.5506701770944,35.0406367553952,TRUE,TRUE,interval,all_years_shared_core_live,HC0,simultaneous
39.9841749083963,45,TRUE,TRUE,interval,all_years_shared_core_live,HC0,simultaneous
15,15.0366938490508,TRUE,TRUE,interval,all_years_shared_core_live,model,pointwise
32.0547318433128,33.9558558477525,TRUE,TRUE,interval,all_years_shared_core_live,model,pointwise
41.8431377521819,45,TRUE,TRUE,interval,all_years_shared_core_live,model,pointwise
15,16.7648362343037,TRUE,TRUE,interval,all_years_shared_core_live,model,simultaneous
31.5568473631642,35.0273196663766,TRUE,TRUE,interval,all_years_shared_core_live,model,simultaneous
40.0208301340539,45,TRUE,TRUE,interval,all_years_shared_core_live,model,simultaneous
32.0137908845173,33.8931409726517,TRUE,TRUE,interval,all_years_shared_core_inclusive,HC0,pointwise
41.8091709835681,45,TRUE,TRUE,interval,all_years_shared_core_inclusive,HC0,pointwise
15,16.6135536151433,TRUE,TRUE,interval,all_years_shared_core_inclusive,HC0,simultaneous
31.5171707420343,34.9473057903192,TRUE,TRUE,interval,all_years_shared_core_inclusive,HC0,simultaneous
40.012769492655,45,TRUE,TRUE,interval,all_years_shared_core_inclusive,HC0,simultaneous
32.0176505977585,33.8874378112474,TRUE,TRUE,interval,all_years_shared_core_inclusive,model,pointwise
41.8366206194016,45,TRUE,TRUE,interval,all_years_shared_core_inclusive,model,pointwise
15,16.6393545271242,TRUE,TRUE,interval,all_years_shared_core_inclusive,model,simultaneous
31.523202405678,34.9348684236546,TRUE,TRUE,interval,all_years_shared_core_inclusive,model,simultaneous
40.0480978339589,45,TRUE,TRUE,interval,all_years_shared_core_inclusive,model,simultaneous
30.622052245991,32.4110245473635,TRUE,TRUE,interval,all_years_shared_augmented_live,HC0,pointwise
42.7029622979378,45,TRUE,TRUE,interval,all_years_shared_augmented_live,HC0,pointwise
15,16.7808040045793,TRUE,TRUE,interval,all_years_shared_augmented_live,HC0,simultaneous
30.0073640024737,33.3004386959485,TRUE,TRUE,interval,all_years_shared_augmented_live,HC0,simultaneous
40.7830840371999,45,TRUE,TRUE,interval,all_years_shared_augmented_live,HC0,simultaneous
30.6238910660503,32.4058239170972,TRUE,TRUE,interval,all_years_shared_augmented_live,model,pointwise
42.7535609347216,45,TRUE,TRUE,interval,all_years_shared_augmented_live,model,pointwise
15,16.7965320809917,TRUE,TRUE,interval,all_years_shared_augmented_live,model,simultaneous
30.0090421763761,33.2880834184951,TRUE,TRUE,interval,all_years_shared_augmented_live,model,simultaneous
40.8367567387629,45,TRUE,TRUE,interval,all_years_shared_augmented_live,model,simultaneous
30.5816148705754,32.3576045357468,TRUE,TRUE,interval,all_years_shared_augmented_inclusive,HC0,pointwise
42.6149041483482,45,TRUE,TRUE,interval,all_years_shared_augmented_inclusive,HC0,pointwise
15,16.6468448094795,TRUE,TRUE,interval,all_years_shared_augmented_inclusive,HC0,simultaneous
29.9647795352967,33.230770613288,TRUE,TRUE,interval,all_years_shared_augmented_inclusive,HC0,simultaneous
40.7483198130658,45,TRUE,TRUE,interval,all_years_shared_augmented_inclusive,HC0,simultaneous
30.5833977752794,32.3526489741549,TRUE,TRUE,interval,all_years_shared_augmented_inclusive,model,pointwise
42.663312134657,45,TRUE,TRUE,interval,all_years_shared_augmented_inclusive,model,pointwise
15,16.6636634699463,TRUE,TRUE,interval,all_years_shared_augmented_inclusive,model,simultaneous
29.966423254413,33.219018766797,TRUE,TRUE,interval,all_years_shared_augmented_inclusive,model,simultaneous
40.8005089022196,45,TRUE,TRUE,interval,all_years_shared_augmented_inclusive,model,simultaneous
15,15.9964721784191,TRUE,TRUE,interval,reporting_years_shared_core_live,HC0,pointwise
31.0368499605943,34.9996525943258,TRUE,TRUE,interval,reporting_years_shared_core_live,HC0,pointwise
38.4933918081443,45,TRUE,TRUE,interval,reporting_years_shared_core_live,HC0,pointwise
15,17.3260283471633,TRUE,TRUE,interval,reporting_years_shared_core_live,HC0,simultaneous
30.138490785848,45,TRUE,TRUE,interval,reporting_years_shared_core_live,HC0,simultaneous
15,16.0249402323483,TRUE,TRUE,interval,reporting_years_shared_core_live,model,pointwise
31.0416066409241,34.9815714505624,TRUE,TRUE,interval,reporting_years_shared_core_live,model,pointwise
38.5302241808762,45,TRUE,TRUE,interval,reporting_years_shared_core_live,model,pointwise
15,17.3475505568061,TRUE,TRUE,interval,reporting_years_shared_core_live,model,simultaneous
30.1449702529091,45,TRUE,TRUE,interval,reporting_years_shared_core_live,model,simultaneous
15,15.8393234927984,TRUE,TRUE,interval,reporting_years_shared_core_inclusive,HC0,pointwise
30.9678012569266,34.6887311179157,TRUE,TRUE,interval,reporting_years_shared_core_inclusive,HC0,pointwise
38.6419553567402,45,TRUE,TRUE,interval,reporting_years_shared_core_inclusive,HC0,pointwise
15,17.2575823876173,TRUE,TRUE,interval,reporting_years_shared_core_inclusive,HC0,simultaneous
30.077431535241,45,TRUE,TRUE,interval,reporting_years_shared_core_inclusive,HC0,simultaneous
15,15.8698379409834,TRUE,TRUE,interval,reporting_years_shared_core_inclusive,model,pointwise
30.9723228559858,34.6738668723693,TRUE,TRUE,interval,reporting_years_shared_core_inclusive,model,pointwise
38.6751706970601,45,TRUE,TRUE,interval,reporting_years_shared_core_inclusive,model,pointwise
15,17.2798727978587,TRUE,TRUE,interval,reporting_years_shared_core_inclusive,model,simultaneous
30.0836551631731,45,TRUE,TRUE,interval,reporting_years_shared_core_inclusive,model,simultaneous
15,16.1059571749541,TRUE,TRUE,interval,reporting_years_shared_augmented_live,HC0,pointwise
28.8480764489181,31.847944867571,TRUE,TRUE,interval,reporting_years_shared_augmented_live,HC0,pointwise
39.9890701540285,45,TRUE,TRUE,interval,reporting_years_shared_augmented_live,HC0,pointwise
15,17.4761002630834,TRUE,TRUE,interval,reporting_years_shared_augmented_live,HC0,simultaneous
27.8163068035913,34.3274187788007,TRUE,TRUE,interval,reporting_years_shared_augmented_live,HC0,simultaneous
38.0915867518851,45,TRUE,TRUE,interval,reporting_years_shared_augmented_live,HC0,simultaneous
15,16.1231039483471,TRUE,TRUE,interval,reporting_years_shared_augmented_live,model,pointwise
28.8467811308178,31.8409306932386,TRUE,TRUE,interval,reporting_years_shared_augmented_live,model,pointwise
40.0313403155412,45,TRUE,TRUE,interval,reporting_years_shared_augmented_live,model,pointwise
15,17.4883253185642,TRUE,TRUE,interval,reporting_years_shared_augmented_live,model,simultaneous
27.8147805865645,34.2769843625786,TRUE,TRUE,interval,reporting_years_shared_augmented_live,model,simultaneous
38.1598295280427,45,TRUE,TRUE,interval,reporting_years_shared_augmented_live,model,simultaneous
15,15.9513599703423,TRUE,TRUE,interval,reporting_years_shared_augmented_inclusive,HC0,pointwise
28.7876578268867,31.7323667451831,TRUE,TRUE,interval,reporting_years_shared_augmented_inclusive,HC0,pointwise
39.9565227561907,45,TRUE,TRUE,interval,reporting_years_shared_augmented_inclusive,HC0,pointwise
15,17.4095777449861,TRUE,TRUE,interval,reporting_years_shared_augmented_inclusive,HC0,simultaneous
27.7617644701178,33.9688049269122,TRUE,TRUE,interval,reporting_years_shared_augmented_inclusive,HC0,simultaneous
38.1398748956579,45,TRUE,TRUE,interval,reporting_years_shared_augmented_inclusive,HC0,simultaneous
15,15.9693210391558,TRUE,TRUE,interval,reporting_years_shared_augmented_inclusive,model,pointwise
28.7863570371836,31.726170027509,TRUE,TRUE,interval,reporting_years_shared_augmented_inclusive,model,pointwise
39.9969998051304,45,TRUE,TRUE,interval,reporting_years_shared_augmented_inclusive,model,pointwise
15,17.4219080704607,TRUE,TRUE,interval,reporting_years_shared_augmented_inclusive,model,simultaneous
27.7602479176519,33.9244359247785,TRUE,TRUE,interval,reporting_years_shared_augmented_inclusive,model,simultaneous
38.2037086382229,45,TRUE,TRUE,interval,reporting_years_shared_augmented_inclusive,model,simultaneous
30.8571988001412,32.8962944100525,TRUE,TRUE,interval,age_spec_fewer_age_knots,HC0,pointwise
15,15.9238457148392,TRUE,TRUE,interval,age_spec_fewer_age_knots,HC0,simultaneous
30.4059204063956,33.630001607112,TRUE,TRUE,interval,age_spec_fewer_age_knots,HC0,simultaneous
42.928805569963,45,TRUE,TRUE,interval,age_spec_fewer_age_knots,HC0,simultaneous
30.8615156937407,32.8911429296568,TRUE,TRUE,interval,age_spec_fewer_age_knots,model,pointwise
15,15.9339624457434,TRUE,TRUE,interval,age_spec_fewer_age_knots,model,simultaneous
30.4122217031562,33.6211623429611,TRUE,TRUE,interval,age_spec_fewer_age_knots,model,simultaneous
43.0478635175617,45,TRUE,TRUE,interval,age_spec_fewer_age_knots,model,simultaneous
31.0062474547287,32.8498776407702,TRUE,TRUE,interval,age_spec_shifted_age_knots,HC0,pointwise
42.529841629298,45,TRUE,TRUE,interval,age_spec_shifted_age_knots,HC0,pointwise
15,15.9352836315419,TRUE,TRUE,interval,age_spec_shifted_age_knots,HC0,simultaneous
30.3485886551886,33.7953803460896,TRUE,TRUE,interval,age_spec_shifted_age_knots,HC0,simultaneous
40.7312625151393,45,TRUE,TRUE,interval,age_spec_shifted_age_knots,HC0,simultaneous
31.0084205381556,32.843682344413,TRUE,TRUE,interval,age_spec_shifted_age_knots,model,pointwise
42.5706448748915,45,TRUE,TRUE,interval,age_spec_shifted_age_knots,model,pointwise
15,15.9577503111282,TRUE,TRUE,interval,age_spec_shifted_age_knots,model,simultaneous
30.3510089989053,33.7785391090754,TRUE,TRUE,interval,age_spec_shifted_age_knots,model,simultaneous
40.7759881673675,45,TRUE,TRUE,interval,age_spec_shifted_age_knots,model,simultaneous
15,16.0919836623417,TRUE,TRUE,interval,age_spec_more_age_knots,HC0,pointwise
30.9697816740873,32.9480054236814,TRUE,TRUE,interval,age_spec_more_age_knots,HC0,pointwise
42.3150379286027,45,TRUE,TRUE,interval,age_spec_more_age_knots,HC0,pointwise
15,17.1704818624271,TRUE,TRUE,interval,age_spec_more_age_knots,HC0,simultaneous
30.1212479493,33.9849255788154,TRUE,TRUE,interval,age_spec_more_age_knots,HC0,simultaneous
40.4981527709023,45,TRUE,TRUE,interval,age_spec_more_age_knots,HC0,simultaneous
15,16.1104335138691,TRUE,TRUE,interval,age_spec_more_age_knots,model,pointwise
30.9716019070782,32.9432444729135,TRUE,TRUE,interval,age_spec_more_age_knots,model,pointwise
42.3459690743863,45,TRUE,TRUE,interval,age_spec_more_age_knots,model,pointwise
15,17.185585796999,TRUE,TRUE,interval,age_spec_more_age_knots,model,simultaneous
30.1237665315897,33.9669159634418,TRUE,TRUE,interval,age_spec_more_age_knots,model,simultaneous
40.5369669240484,45,TRUE,TRUE,interval,age_spec_more_age_knots,model,simultaneous
15,15.1593709478017,TRUE,TRUE,interval,age_spec_age_by_bmi_nuisance,HC0,pointwise
31.0179561756798,32.9001827764281,TRUE,TRUE,interval,age_spec_age_by_bmi_nuisance,HC0,pointwise
42.8241466345582,45,TRUE,TRUE,interval,age_spec_age_by_bmi_nuisance,HC0,pointwise
15,16.5860615617211,TRUE,TRUE,interval,age_spec_age_by_bmi_nuisance,HC0,simultaneous
30.447233233939,33.9297359065573,TRUE,TRUE,interval,age_spec_age_by_bmi_nuisance,HC0,simultaneous
40.6712148237542,45,TRUE,TRUE,interval,age_spec_age_by_bmi_nuisance,HC0,simultaneous
15,15.1929157468085,TRUE,TRUE,interval,age_spec_age_by_bmi_nuisance,model,pointwise
31.0208420733747,32.895034789447,TRUE,TRUE,interval,age_spec_age_by_bmi_nuisance,model,pointwise
42.8543054834689,45,TRUE,TRUE,interval,age_spec_age_by_bmi_nuisance,model,pointwise
15,16.6139349829021,TRUE,TRUE,interval,age_spec_age_by_bmi_nuisance,model,simultaneous
30.451093882218,33.9192068274425,TRUE,TRUE,interval,age_spec_age_by_bmi_nuisance,model,simultaneous
40.7037342417034,45,TRUE,TRUE,interval,age_spec_age_by_bmi_nuisance,model,simultaneous
