age,slope,kind,boundary,regular_delta,se_delta,delta_lower,delta_upper,status,model_id,covariance
31.8447753692294,0.0219771961410943,crossing,FALSE,TRUE,0.447249455052748,30.9681825452209,32.721368193238,regular_local_implicit_delta_secondary,primary_main,HC0
31.8447753692294,0.0219771961410943,crossing,FALSE,TRUE,0.444778785733867,30.9730249681036,32.7165257703553,regular_local_implicit_delta_secondary,primary_main,model
29.3800302864542,0.0350845220165153,crossing,FALSE,TRUE,0.151943308036314,29.0822268750111,29.6778336978972,regular_local_implicit_delta_secondary,broad_main,HC0
29.3800302864542,0.0350845220165153,crossing,FALSE,TRUE,0.151134599956055,29.0838119137224,29.6762486591859,regular_local_implicit_delta_secondary,broad_main,model
28.5746408144935,0.0276227966837999,crossing,FALSE,TRUE,0.173095076968631,28.2353806977337,28.9139009312532,regular_local_implicit_delta_secondary,prepregnancy_main,HC0
28.5746408144935,0.0276227966837999,crossing,FALSE,TRUE,0.172314996446481,28.2369096274622,28.9123720015247,regular_local_implicit_delta_secondary,prepregnancy_main,model
33.0151303424524,0.0230147648764328,crossing,FALSE,TRUE,0.47195568070334,32.0901142059748,33.9401464789301,regular_local_implicit_delta_secondary,primary_core_same_cc,HC0
33.0151303424524,0.0230147648764328,crossing,FALSE,TRUE,0.469484398086267,32.0949578308999,33.935302854005,regular_local_implicit_delta_secondary,primary_core_same_cc,model
31.5803106581932,0.0228927446006256,crossing,FALSE,TRUE,0.419961416892995,30.7572014061865,32.4034199101999,regular_local_implicit_delta_secondary,primary_augmented_same_cc,HC0
31.5803106581932,0.0228927446006256,crossing,FALSE,TRUE,0.417877409252408,30.7612859861056,32.3993353302808,regular_local_implicit_delta_secondary,primary_augmented_same_cc,model
32.8005190273235,0.0243923918680812,crossing,FALSE,TRUE,0.430047897059422,31.9576406374599,33.6433974171872,regular_local_implicit_delta_secondary,primary_core_available,HC0
32.8005190273235,0.0243923918680812,crossing,FALSE,TRUE,0.427755122618402,31.9621343927889,33.6389036618581,regular_local_implicit_delta_secondary,primary_core_available,model
31.7210430664116,0.024091234058212,crossing,FALSE,TRUE,0.464584351704391,30.8104744692901,32.6316116635331,regular_local_implicit_delta_secondary,primary_recent,HC0
31.7210430664116,0.024091234058212,crossing,FALSE,TRUE,0.462569719341501,30.8144230761635,32.6276630566598,regular_local_implicit_delta_secondary,primary_recent,model
35.3673696479016,0.0119271531398069,crossing,FALSE,TRUE,2.39586658712368,30.6715574253763,40.0631818704269,regular_local_implicit_delta_secondary,primary_historical,HC0
35.3673696479016,0.0119271531398069,crossing,FALSE,TRUE,2.37998800809787,30.7026788683926,40.0320604274107,regular_local_implicit_delta_secondary,primary_historical,model
31.8613337213316,0.0213015780571451,crossing,FALSE,TRUE,0.463489040105993,30.9529118954948,32.7697555471683,regular_local_implicit_delta_secondary,primary_oe28,HC0
31.8613337213316,0.0213015780571451,crossing,FALSE,TRUE,0.461011574845333,30.9577676381786,32.7648998044845,regular_local_implicit_delta_secondary,primary_oe28,model
32.8675716673452,0.0258884538083074,crossing,FALSE,TRUE,0.468515856030736,31.949297463339,33.7858458713514,regular_local_implicit_delta_secondary,all_years_shared_core_live,HC0
32.8675716673452,0.0258884538083074,crossing,FALSE,TRUE,0.466093849526861,31.9540445088569,33.7810988258335,regular_local_implicit_delta_secondary,all_years_shared_core_live,model
32.8202504292566,0.026081348038056,crossing,FALSE,TRUE,0.460977274708694,31.9167515731362,33.7237492853771,regular_local_implicit_delta_secondary,all_years_shared_core_inclusive,HC0
32.8202504292566,0.026081348038056,crossing,FALSE,TRUE,0.458663730448559,31.9212860365627,33.7192148219506,regular_local_implicit_delta_secondary,all_years_shared_core_inclusive,model
31.459702713311,0.0250514660868565,crossing,FALSE,TRUE,0.438287745105267,30.6006745180394,32.3187309085826,regular_local_implicit_delta_secondary,all_years_shared_augmented_live,HC0
31.459702713311,0.0250514660868565,crossing,FALSE,TRUE,0.436642379509709,30.6038993753481,32.3155060512739,regular_local_implicit_delta_secondary,all_years_shared_augmented_live,model
31.4170947219941,0.0250883536706924,crossing,FALSE,TRUE,0.435365174465281,30.5637946599192,32.2703947840691,regular_local_implicit_delta_secondary,all_years_shared_augmented_inclusive,HC0
31.4170947219941,0.0250883536706924,crossing,FALSE,TRUE,0.433784700151939,30.5668923326518,32.2672971113364,regular_local_implicit_delta_secondary,all_years_shared_augmented_inclusive,model
32.393257313825,0.018424926210005,crossing,FALSE,TRUE,0.820488720517881,30.7851289718886,34.0013856557614,regular_local_implicit_delta_secondary,reporting_years_shared_core_live,HC0
43.4272033732113,-0.0127436114254705,crossing,FALSE,TRUE,5.31827066823784,33.0035844034293,53.8508223429932,regular_local_implicit_delta_secondary,reporting_years_shared_core_live,HC0
32.393257313825,0.018424926210005,crossing,FALSE,TRUE,0.816923859427621,30.7921159712354,33.9943986564146,regular_local_implicit_delta_secondary,reporting_years_shared_core_live,model
43.4272033732113,-0.0127436114254705,crossing,FALSE,TRUE,5.28475653829125,33.0692708910979,53.7851358553247,regular_local_implicit_delta_secondary,reporting_years_shared_core_live,model
32.2878854220056,0.0189746263498434,crossing,FALSE,TRUE,0.785522501789835,30.7482896094518,33.8274812345595,regular_local_implicit_delta_secondary,reporting_years_shared_core_inclusive,HC0
43.3158022349915,-0.0134359227921898,crossing,FALSE,TRUE,4.92117102636039,33.6704842615632,52.9611202084199,regular_local_implicit_delta_secondary,reporting_years_shared_core_inclusive,HC0
32.2878854220056,0.0189746263498434,crossing,FALSE,TRUE,0.782224584598785,30.7547534083702,33.8210174356411,regular_local_implicit_delta_secondary,reporting_years_shared_core_inclusive,model
43.3158022349915,-0.0134359227921898,crossing,FALSE,TRUE,4.89123741094732,33.7291530696999,52.9024514002832,regular_local_implicit_delta_secondary,reporting_years_shared_core_inclusive,model
30.289402621596,0.0200242171979966,crossing,FALSE,TRUE,0.711470476895471,28.8949461108173,31.6838591323747,regular_local_implicit_delta_secondary,reporting_years_shared_augmented_live,HC0
30.289402621596,0.0200242171979966,crossing,FALSE,TRUE,0.711053308885558,28.8957637450923,31.6830414980997,regular_local_implicit_delta_secondary,reporting_years_shared_augmented_live,model
30.2192333718972,0.0202624548876109,crossing,FALSE,TRUE,0.703055125061821,28.8412706476297,31.5971960961646,regular_local_implicit_delta_secondary,reporting_years_shared_augmented_inclusive,HC0
30.2192333718972,0.0202624548876109,crossing,FALSE,TRUE,0.702723030140524,28.8419215417149,31.5965452020795,regular_local_implicit_delta_secondary,reporting_years_shared_augmented_inclusive,model
31.7735060172973,0.0195751312355623,crossing,FALSE,TRUE,0.517391671992654,30.7594369742908,32.7875750603039,regular_local_implicit_delta_secondary,age_spec_fewer_age_knots,HC0
31.7735060172973,0.0195751312355623,crossing,FALSE,TRUE,0.514946689386454,30.7642290521418,32.7827829824529,regular_local_implicit_delta_secondary,age_spec_fewer_age_knots,model
31.8865514295097,0.0220935064853925,crossing,FALSE,TRUE,0.449385344525934,31.0057723390587,32.7673305199606,regular_local_implicit_delta_secondary,age_spec_shifted_age_knots,HC0
31.8865514295097,0.0220935064853925,crossing,FALSE,TRUE,0.447524955860253,31.0094186338407,32.7636842251786,regular_local_implicit_delta_secondary,age_spec_shifted_age_knots,model
31.9840761204352,0.0226809710865448,crossing,FALSE,TRUE,0.489284256441753,31.0250965996069,32.9430556412635,regular_local_implicit_delta_secondary,age_spec_more_age_knots,HC0
31.9840761204352,0.0226809710865448,crossing,FALSE,TRUE,0.487878849628128,31.0278511463452,32.9403010945251,regular_local_implicit_delta_secondary,age_spec_more_age_knots,model
31.8578152037376,0.0213955039506311,crossing,FALSE,TRUE,0.45919586760849,30.9578078413753,32.7578225660999,regular_local_implicit_delta_secondary,age_spec_age_by_bmi_nuisance,HC0
31.8578152037376,0.0213955039506311,crossing,FALSE,TRUE,0.45723044635637,30.9616599962439,32.7539704112313,regular_local_implicit_delta_secondary,age_spec_age_by_bmi_nuisance,model
