measure,estimate,lower,upper,pooling_scale_se,target_n,estimate_per1000,lower_per1000,upper_per1000,family,scenario,covariance,years,fit_n,reference_n,events,A0,A1,source_receipt,source_receipt_sha256,formula,GH_required,GH_adjusted,interpretation
risk0,0.00495015753889556,0.00471083925822016,0.00520157003793077,0.000125138534684002,1341042,4.95015753889556,4.71083925822016,5.20157003793077,fetal,shared_augmented_all_oe20,HC0,"2018,2019,2020,2021,2022,2023,2024",1341042,1341042,8955,331619,1009423,age45_revision/outputs/models/fetal_shared_augmented_all_oe20/receipt.json,cf170252bd64704bd1036dcf7a2bd2da38061dd20ddf1d17fdb62d47406beaee,"Y ~ A * splines::ns(age, knots = c(21, 27, 35), Boundary.knots = c(15, 45), intercept = FALSE) + year_factor + race_ethnicity + prepreg_diabetes + prior_living4 + education4 + splines::ns(bmi, knots = c(19.6, 26.1, 37.8), Boundary.knots = c(13, 69.9), intercept = FALSE) + prepreg_dose5",FALSE,FALSE,Exploratory retained fetal-source probability ratio; not population fetal-mortality RR
risk1,0.00727651172220505,0.00710864182726737,0.00744831611036307,8.6645559423809e-05,1341042,7.27651172220505,7.10864182726737,7.44831611036307,fetal,shared_augmented_all_oe20,HC0,"2018,2019,2020,2021,2022,2023,2024",1341042,1341042,8955,331619,1009423,age45_revision/outputs/models/fetal_shared_augmented_all_oe20/receipt.json,cf170252bd64704bd1036dcf7a2bd2da38061dd20ddf1d17fdb62d47406beaee,"Y ~ A * splines::ns(age, knots = c(21, 27, 35), Boundary.knots = c(15, 45), intercept = FALSE) + year_factor + race_ethnicity + prepreg_diabetes + prior_living4 + education4 + splines::ns(bmi, knots = c(19.6, 26.1, 37.8), Boundary.knots = c(13, 69.9), intercept = FALSE) + prepreg_dose5",FALSE,FALSE,Exploratory retained fetal-source probability ratio; not population fetal-mortality RR
rd,0.00232635418330949,0.00202090671059453,0.00263180165602445,0.000155843410962798,1341042,2.32635418330949,2.02090671059453,2.63180165602445,fetal,shared_augmented_all_oe20,HC0,"2018,2019,2020,2021,2022,2023,2024",1341042,1341042,8955,331619,1009423,age45_revision/outputs/models/fetal_shared_augmented_all_oe20/receipt.json,cf170252bd64704bd1036dcf7a2bd2da38061dd20ddf1d17fdb62d47406beaee,"Y ~ A * splines::ns(age, knots = c(21, 27, 35), Boundary.knots = c(15, 45), intercept = FALSE) + year_factor + race_ethnicity + prepreg_diabetes + prior_living4 + education4 + splines::ns(bmi, knots = c(19.6, 26.1, 37.8), Boundary.knots = c(13, 69.9), intercept = FALSE) + prepreg_dose5",FALSE,FALSE,Exploratory retained fetal-source probability ratio; not population fetal-mortality RR
rr,1.4699555852577,1.3901109264235,1.55438633101718,0.02849472721103,1341042,,,,fetal,shared_augmented_all_oe20,HC0,"2018,2019,2020,2021,2022,2023,2024",1341042,1341042,8955,331619,1009423,age45_revision/outputs/models/fetal_shared_augmented_all_oe20/receipt.json,cf170252bd64704bd1036dcf7a2bd2da38061dd20ddf1d17fdb62d47406beaee,"Y ~ A * splines::ns(age, knots = c(21, 27, 35), Boundary.knots = c(15, 45), intercept = FALSE) + year_factor + race_ethnicity + prepreg_diabetes + prior_living4 + education4 + splines::ns(bmi, knots = c(19.6, 26.1, 37.8), Boundary.knots = c(13, 69.9), intercept = FALSE) + prepreg_dose5",FALSE,FALSE,Exploratory retained fetal-source probability ratio; not population fetal-mortality RR
risk0,0.00495015753889556,0.00471220046085682,0.00520006821079465,0.000124409029225135,1341042,4.95015753889556,4.71220046085682,5.20006821079465,fetal,shared_augmented_all_oe20,model,"2018,2019,2020,2021,2022,2023,2024",1341042,1341042,8955,331619,1009423,age45_revision/outputs/models/fetal_shared_augmented_all_oe20/receipt.json,cf170252bd64704bd1036dcf7a2bd2da38061dd20ddf1d17fdb62d47406beaee,"Y ~ A * splines::ns(age, knots = c(21, 27, 35), Boundary.knots = c(15, 45), intercept = FALSE) + year_factor + race_ethnicity + prepreg_diabetes + prior_living4 + education4 + splines::ns(bmi, knots = c(19.6, 26.1, 37.8), Boundary.knots = c(13, 69.9), intercept = FALSE) + prepreg_dose5",FALSE,FALSE,Exploratory retained fetal-source probability ratio; not population fetal-mortality RR
risk1,0.00727651172220505,0.00710898181682752,0.00744796001375752,8.64680299985439e-05,1341042,7.27651172220505,7.10898181682752,7.44796001375752,fetal,shared_augmented_all_oe20,model,"2018,2019,2020,2021,2022,2023,2024",1341042,1341042,8955,331619,1009423,age45_revision/outputs/models/fetal_shared_augmented_all_oe20/receipt.json,cf170252bd64704bd1036dcf7a2bd2da38061dd20ddf1d17fdb62d47406beaee,"Y ~ A * splines::ns(age, knots = c(21, 27, 35), Boundary.knots = c(15, 45), intercept = FALSE) + year_factor + race_ethnicity + prepreg_diabetes + prior_living4 + education4 + splines::ns(bmi, knots = c(19.6, 26.1, 37.8), Boundary.knots = c(13, 69.9), intercept = FALSE) + prepreg_dose5",FALSE,FALSE,Exploratory retained fetal-source probability ratio; not population fetal-mortality RR
rd,0.00232635418330949,0.00202318406721839,0.00262952429940059,0.00015468147296709,1341042,2.32635418330949,2.02318406721839,2.62952429940059,fetal,shared_augmented_all_oe20,model,"2018,2019,2020,2021,2022,2023,2024",1341042,1341042,8955,331619,1009423,age45_revision/outputs/models/fetal_shared_augmented_all_oe20/receipt.json,cf170252bd64704bd1036dcf7a2bd2da38061dd20ddf1d17fdb62d47406beaee,"Y ~ A * splines::ns(age, knots = c(21, 27, 35), Boundary.knots = c(15, 45), intercept = FALSE) + year_factor + race_ethnicity + prepreg_diabetes + prior_living4 + education4 + splines::ns(bmi, knots = c(19.6, 26.1, 37.8), Boundary.knots = c(13, 69.9), intercept = FALSE) + prepreg_dose5",FALSE,FALSE,Exploratory retained fetal-source probability ratio; not population fetal-mortality RR
rr,1.4699555852577,1.39069263343418,1.55373615325373,0.0282812675093466,1341042,,,,fetal,shared_augmented_all_oe20,model,"2018,2019,2020,2021,2022,2023,2024",1341042,1341042,8955,331619,1009423,age45_revision/outputs/models/fetal_shared_augmented_all_oe20/receipt.json,cf170252bd64704bd1036dcf7a2bd2da38061dd20ddf1d17fdb62d47406beaee,"Y ~ A * splines::ns(age, knots = c(21, 27, 35), Boundary.knots = c(15, 45), intercept = FALSE) + year_factor + race_ethnicity + prepreg_diabetes + prior_living4 + education4 + splines::ns(bmi, knots = c(19.6, 26.1, 37.8), Boundary.knots = c(13, 69.9), intercept = FALSE) + prepreg_dose5",FALSE,FALSE,Exploratory retained fetal-source probability ratio; not population fetal-mortality RR
risk0,0.00255328451829808,0.00238240291162541,0.00273638925840463,9.02328702358827e-05,1328715,2.55328451829808,2.38240291162541,2.73638925840463,fetal,shared_augmented_all_oe28,HC0,"2018,2019,2020,2021,2022,2023,2024",1328715,1328715,5079,329158,999557,age45_revision/outputs/models/fetal_shared_augmented_all_oe28/receipt.json,cd1a0864d298043c1c6bda27045f58e45945f729a608ab5e3ccf643ef4bc5cc6,"Y ~ A * splines::ns(age, knots = c(21, 27, 35), Boundary.knots = c(15, 45), intercept = FALSE) + year_factor + race_ethnicity + prepreg_diabetes + prior_living4 + education4 + splines::ns(bmi, knots = c(19.6, 26.1, 37.8), Boundary.knots = c(13, 69.9), intercept = FALSE) + prepreg_dose5",FALSE,FALSE,Exploratory retained fetal-source probability ratio; not population fetal-mortality RR
risk1,0.00425280824146298,0.0041244298469,0.00438516498976862,6.65050539996268e-05,1328715,4.25280824146298,4.1244298469,4.38516498976862,fetal,shared_augmented_all_oe28,HC0,"2018,2019,2020,2021,2022,2023,2024",1328715,1328715,5079,329158,999557,age45_revision/outputs/models/fetal_shared_augmented_all_oe28/receipt.json,cd1a0864d298043c1c6bda27045f58e45945f729a608ab5e3ccf643ef4bc5cc6,"Y ~ A * splines::ns(age, knots = c(21, 27, 35), Boundary.knots = c(15, 45), intercept = FALSE) + year_factor + race_ethnicity + prepreg_diabetes + prior_living4 + education4 + splines::ns(bmi, knots = c(19.6, 26.1, 37.8), Boundary.knots = c(13, 69.9), intercept = FALSE) + prepreg_dose5",FALSE,FALSE,Exploratory retained fetal-source probability ratio; not population fetal-mortality RR
rd,0.0016995237231649,0.00147498120087157,0.00192406624545822,0.000114564616525857,1328715,1.6995237231649,1.47498120087157,1.92406624545822,fetal,shared_augmented_all_oe28,HC0,"2018,2019,2020,2021,2022,2023,2024",1328715,1328715,5079,329158,999557,age45_revision/outputs/models/fetal_shared_augmented_all_oe28/receipt.json,cd1a0864d298043c1c6bda27045f58e45945f729a608ab5e3ccf643ef4bc5cc6,"Y ~ A * splines::ns(age, knots = c(21, 27, 35), Boundary.knots = c(15, 45), intercept = FALSE) + year_factor + race_ethnicity + prepreg_diabetes + prior_living4 + education4 + splines::ns(bmi, knots = c(19.6, 26.1, 37.8), Boundary.knots = c(13, 69.9), intercept = FALSE) + prepreg_dose5",FALSE,FALSE,Exploratory retained fetal-source probability ratio; not population fetal-mortality RR
rr,1.66562253872817,1.54212083253093,1.79901495589428,0.0393070068153974,1328715,,,,fetal,shared_augmented_all_oe28,HC0,"2018,2019,2020,2021,2022,2023,2024",1328715,1328715,5079,329158,999557,age45_revision/outputs/models/fetal_shared_augmented_all_oe28/receipt.json,cd1a0864d298043c1c6bda27045f58e45945f729a608ab5e3ccf643ef4bc5cc6,"Y ~ A * splines::ns(age, knots = c(21, 27, 35), Boundary.knots = c(15, 45), intercept = FALSE) + year_factor + race_ethnicity + prepreg_diabetes + prior_living4 + education4 + splines::ns(bmi, knots = c(19.6, 26.1, 37.8), Boundary.knots = c(13, 69.9), intercept = FALSE) + prepreg_dose5",FALSE,FALSE,Exploratory retained fetal-source probability ratio; not population fetal-mortality RR
risk0,0.00255328451829808,0.00238287709370512,0.00273584492187542,8.99736532018331e-05,1328715,2.55328451829808,2.38287709370512,2.73584492187542,fetal,shared_augmented_all_oe28,model,"2018,2019,2020,2021,2022,2023,2024",1328715,1328715,5079,329158,999557,age45_revision/outputs/models/fetal_shared_augmented_all_oe28/receipt.json,cd1a0864d298043c1c6bda27045f58e45945f729a608ab5e3ccf643ef4bc5cc6,"Y ~ A * splines::ns(age, knots = c(21, 27, 35), Boundary.knots = c(15, 45), intercept = FALSE) + year_factor + race_ethnicity + prepreg_diabetes + prior_living4 + education4 + splines::ns(bmi, knots = c(19.6, 26.1, 37.8), Boundary.knots = c(13, 69.9), intercept = FALSE) + prepreg_dose5",FALSE,FALSE,Exploratory retained fetal-source probability ratio; not population fetal-mortality RR
risk1,0.00425280824146298,0.00412458136206814,0.00438500394429393,6.64253544314312e-05,1328715,4.25280824146298,4.12458136206814,4.38500394429393,fetal,shared_augmented_all_oe28,model,"2018,2019,2020,2021,2022,2023,2024",1328715,1328715,5079,329158,999557,age45_revision/outputs/models/fetal_shared_augmented_all_oe28/receipt.json,cd1a0864d298043c1c6bda27045f58e45945f729a608ab5e3ccf643ef4bc5cc6,"Y ~ A * splines::ns(age, knots = c(21, 27, 35), Boundary.knots = c(15, 45), intercept = FALSE) + year_factor + race_ethnicity + prepreg_diabetes + prior_living4 + education4 + splines::ns(bmi, knots = c(19.6, 26.1, 37.8), Boundary.knots = c(13, 69.9), intercept = FALSE) + prepreg_dose5",FALSE,FALSE,Exploratory retained fetal-source probability ratio; not population fetal-mortality RR
rd,0.0016995237231649,0.00147584371490945,0.00192320373142034,0.000114124550256947,1328715,1.6995237231649,1.47584371490945,1.92320373142034,fetal,shared_augmented_all_oe28,model,"2018,2019,2020,2021,2022,2023,2024",1328715,1328715,5079,329158,999557,age45_revision/outputs/models/fetal_shared_augmented_all_oe28/receipt.json,cd1a0864d298043c1c6bda27045f58e45945f729a608ab5e3ccf643ef4bc5cc6,"Y ~ A * splines::ns(age, knots = c(21, 27, 35), Boundary.knots = c(15, 45), intercept = FALSE) + year_factor + race_ethnicity + prepreg_diabetes + prior_living4 + education4 + splines::ns(bmi, knots = c(19.6, 26.1, 37.8), Boundary.knots = c(13, 69.9), intercept = FALSE) + prepreg_dose5",FALSE,FALSE,Exploratory retained fetal-source probability ratio; not population fetal-mortality RR
rr,1.66562253872817,1.54257319280511,1.79848739395913,0.0391573645500537,1328715,,,,fetal,shared_augmented_all_oe28,model,"2018,2019,2020,2021,2022,2023,2024",1328715,1328715,5079,329158,999557,age45_revision/outputs/models/fetal_shared_augmented_all_oe28/receipt.json,cd1a0864d298043c1c6bda27045f58e45945f729a608ab5e3ccf643ef4bc5cc6,"Y ~ A * splines::ns(age, knots = c(21, 27, 35), Boundary.knots = c(15, 45), intercept = FALSE) + year_factor + race_ethnicity + prepreg_diabetes + prior_living4 + education4 + splines::ns(bmi, knots = c(19.6, 26.1, 37.8), Boundary.knots = c(13, 69.9), intercept = FALSE) + prepreg_dose5",FALSE,FALSE,Exploratory retained fetal-source probability ratio; not population fetal-mortality RR
risk0,0.00497383151228554,0.00466231730758851,0.00530604868005143,0.000164108087049714,780604,4.97383151228554,4.66231730758851,5.30604868005143,fetal,shared_augmented_flag_supported_oe20,HC0,"2019,2020,2021,2024",780604,780604,5188,193394,587210,age45_revision/outputs/models/fetal_shared_augmented_flag_supported_oe20/receipt.json,cc88c73bddb9fac0b857a411c2379293474b3d50986eb2626ecb8e21a390b832,"Y ~ A * splines::ns(age, knots = c(21, 27, 35), Boundary.knots = c(15, 45), intercept = FALSE) + year_factor + race_ethnicity + prepreg_diabetes + prior_living4 + education4 + splines::ns(bmi, knots = c(19.6, 26.1, 37.8), Boundary.knots = c(13, 69.9), intercept = FALSE) + prepreg_dose5",FALSE,FALSE,Exploratory retained fetal-source probability ratio; not population fetal-mortality RR
risk1,0.00722363191501704,0.00700518038792529,0.0074488445949354,0.000113164458968563,780604,7.22363191501704,7.00518038792529,7.4488445949354,fetal,shared_augmented_flag_supported_oe20,HC0,"2019,2020,2021,2024",780604,780604,5188,193394,587210,age45_revision/outputs/models/fetal_shared_augmented_flag_supported_oe20/receipt.json,cc88c73bddb9fac0b857a411c2379293474b3d50986eb2626ecb8e21a390b832,"Y ~ A * splines::ns(age, knots = c(21, 27, 35), Boundary.knots = c(15, 45), intercept = FALSE) + year_factor + race_ethnicity + prepreg_diabetes + prior_living4 + education4 + splines::ns(bmi, knots = c(19.6, 26.1, 37.8), Boundary.knots = c(13, 69.9), intercept = FALSE) + prepreg_dose5",FALSE,FALSE,Exploratory retained fetal-source probability ratio; not population fetal-mortality RR
rd,0.00224980040273151,0.00184998363504998,0.00264961717041303,0.000203991895175231,780604,2.24980040273151,1.84998363504998,2.64961717041303,fetal,shared_augmented_flag_supported_oe20,HC0,"2019,2020,2021,2024",780604,780604,5188,193394,587210,age45_revision/outputs/models/fetal_shared_augmented_flag_supported_oe20/receipt.json,cc88c73bddb9fac0b857a411c2379293474b3d50986eb2626ecb8e21a390b832,"Y ~ A * splines::ns(age, knots = c(21, 27, 35), Boundary.knots = c(15, 45), intercept = FALSE) + year_factor + race_ethnicity + prepreg_diabetes + prior_living4 + education4 + splines::ns(bmi, knots = c(19.6, 26.1, 37.8), Boundary.knots = c(13, 69.9), intercept = FALSE) + prepreg_dose5",FALSE,FALSE,Exploratory retained fetal-source probability ratio; not population fetal-mortality RR
rr,1.45232742548163,1.35012042252169,1.56227171711581,0.0372321128653246,780604,,,,fetal,shared_augmented_flag_supported_oe20,HC0,"2019,2020,2021,2024",780604,780604,5188,193394,587210,age45_revision/outputs/models/fetal_shared_augmented_flag_supported_oe20/receipt.json,cc88c73bddb9fac0b857a411c2379293474b3d50986eb2626ecb8e21a390b832,"Y ~ A * splines::ns(age, knots = c(21, 27, 35), Boundary.knots = c(15, 45), intercept = FALSE) + year_factor + race_ethnicity + prepreg_diabetes + prior_living4 + education4 + splines::ns(bmi, knots = c(19.6, 26.1, 37.8), Boundary.knots = c(13, 69.9), intercept = FALSE) + prepreg_dose5",FALSE,FALSE,Exploratory retained fetal-source probability ratio; not population fetal-mortality RR
risk0,0.00497383151228554,0.00466370580147451,0.00530446996490561,0.000163352673412228,780604,4.97383151228554,4.66370580147451,5.30446996490561,fetal,shared_augmented_flag_supported_oe20,model,"2019,2020,2021,2024",780604,780604,5188,193394,587210,age45_revision/outputs/models/fetal_shared_augmented_flag_supported_oe20/receipt.json,cc88c73bddb9fac0b857a411c2379293474b3d50986eb2626ecb8e21a390b832,"Y ~ A * splines::ns(age, knots = c(21, 27, 35), Boundary.knots = c(15, 45), intercept = FALSE) + year_factor + race_ethnicity + prepreg_diabetes + prior_living4 + education4 + splines::ns(bmi, knots = c(19.6, 26.1, 37.8), Boundary.knots = c(13, 69.9), intercept = FALSE) + prepreg_dose5",FALSE,FALSE,Exploratory retained fetal-source probability ratio; not population fetal-mortality RR
risk1,0.00722363191501704,0.00700555613871768,0.00744844524621945,0.000112966816175868,780604,7.22363191501704,7.00555613871768,7.44844524621945,fetal,shared_augmented_flag_supported_oe20,model,"2019,2020,2021,2024",780604,780604,5188,193394,587210,age45_revision/outputs/models/fetal_shared_augmented_flag_supported_oe20/receipt.json,cc88c73bddb9fac0b857a411c2379293474b3d50986eb2626ecb8e21a390b832,"Y ~ A * splines::ns(age, knots = c(21, 27, 35), Boundary.knots = c(15, 45), intercept = FALSE) + year_factor + race_ethnicity + prepreg_diabetes + prior_living4 + education4 + splines::ns(bmi, knots = c(19.6, 26.1, 37.8), Boundary.knots = c(13, 69.9), intercept = FALSE) + prepreg_dose5",FALSE,FALSE,Exploratory retained fetal-source probability ratio; not population fetal-mortality RR
rd,0.00224980040273151,0.00185238674122445,0.00264721406423857,0.000202765798066602,780604,2.24980040273151,1.85238674122444,2.64721406423857,fetal,shared_augmented_flag_supported_oe20,model,"2019,2020,2021,2024",780604,780604,5188,193394,587210,age45_revision/outputs/models/fetal_shared_augmented_flag_supported_oe20/receipt.json,cc88c73bddb9fac0b857a411c2379293474b3d50986eb2626ecb8e21a390b832,"Y ~ A * splines::ns(age, knots = c(21, 27, 35), Boundary.knots = c(15, 45), intercept = FALSE) + year_factor + race_ethnicity + prepreg_diabetes + prior_living4 + education4 + splines::ns(bmi, knots = c(19.6, 26.1, 37.8), Boundary.knots = c(13, 69.9), intercept = FALSE) + prepreg_dose5",FALSE,FALSE,Exploratory retained fetal-source probability ratio; not population fetal-mortality RR
rr,1.45232742548163,1.35071250385076,1.56158689935334,0.0370084130847329,780604,,,,fetal,shared_augmented_flag_supported_oe20,model,"2019,2020,2021,2024",780604,780604,5188,193394,587210,age45_revision/outputs/models/fetal_shared_augmented_flag_supported_oe20/receipt.json,cc88c73bddb9fac0b857a411c2379293474b3d50986eb2626ecb8e21a390b832,"Y ~ A * splines::ns(age, knots = c(21, 27, 35), Boundary.knots = c(15, 45), intercept = FALSE) + year_factor + race_ethnicity + prepreg_diabetes + prior_living4 + education4 + splines::ns(bmi, knots = c(19.6, 26.1, 37.8), Boundary.knots = c(13, 69.9), intercept = FALSE) + prepreg_dose5",FALSE,FALSE,Exploratory retained fetal-source probability ratio; not population fetal-mortality RR
risk0,0.00251201604795314,0.00229340096857898,0.00275141281978807,0.000116682283735423,773402,2.51201604795314,2.29340096857898,2.75141281978807,fetal,shared_augmented_flag_supported_oe28,HC0,"2019,2020,2021,2024",773402,773402,2926,191919,581483,age45_revision/outputs/models/fetal_shared_augmented_flag_supported_oe28/receipt.json,f303b0cb0b4b65ce6d01f15136e012761bfacd53055ec96b4ab960ccdd8fde42,"Y ~ A * splines::ns(age, knots = c(21, 27, 35), Boundary.knots = c(15, 45), intercept = FALSE) + year_factor + race_ethnicity + prepreg_diabetes + prior_living4 + education4 + splines::ns(bmi, knots = c(19.6, 26.1, 37.8), Boundary.knots = c(13, 69.9), intercept = FALSE) + prepreg_dose5",FALSE,FALSE,Exploratory retained fetal-source probability ratio; not population fetal-mortality RR
risk1,0.00422087293018417,0.00405368784980862,0.00439492274960984,8.70280309733364e-05,773402,4.22087293018417,4.05368784980862,4.39492274960984,fetal,shared_augmented_flag_supported_oe28,HC0,"2019,2020,2021,2024",773402,773402,2926,191919,581483,age45_revision/outputs/models/fetal_shared_augmented_flag_supported_oe28/receipt.json,f303b0cb0b4b65ce6d01f15136e012761bfacd53055ec96b4ab960ccdd8fde42,"Y ~ A * splines::ns(age, knots = c(21, 27, 35), Boundary.knots = c(15, 45), intercept = FALSE) + year_factor + race_ethnicity + prepreg_diabetes + prior_living4 + education4 + splines::ns(bmi, knots = c(19.6, 26.1, 37.8), Boundary.knots = c(13, 69.9), intercept = FALSE) + prepreg_dose5",FALSE,FALSE,Exploratory retained fetal-source probability ratio; not population fetal-mortality RR
rd,0.00170885688223104,0.00141733537434126,0.00200037839012081,0.000148738196308331,773402,1.70885688223104,1.41733537434126,2.00037839012081,fetal,shared_augmented_flag_supported_oe28,HC0,"2019,2020,2021,2024",773402,773402,2926,191919,581483,age45_revision/outputs/models/fetal_shared_augmented_flag_supported_oe28/receipt.json,f303b0cb0b4b65ce6d01f15136e012761bfacd53055ec96b4ab960ccdd8fde42,"Y ~ A * splines::ns(age, knots = c(21, 27, 35), Boundary.knots = c(15, 45), intercept = FALSE) + year_factor + race_ethnicity + prepreg_diabetes + prior_living4 + education4 + splines::ns(bmi, knots = c(19.6, 26.1, 37.8), Boundary.knots = c(13, 69.9), intercept = FALSE) + prepreg_dose5",FALSE,FALSE,Exploratory retained fetal-source probability ratio; not population fetal-mortality RR
rr,1.68027307533463,1.51841253975429,1.85938770510377,0.0516799892631892,773402,,,,fetal,shared_augmented_flag_supported_oe28,HC0,"2019,2020,2021,2024",773402,773402,2926,191919,581483,age45_revision/outputs/models/fetal_shared_augmented_flag_supported_oe28/receipt.json,f303b0cb0b4b65ce6d01f15136e012761bfacd53055ec96b4ab960ccdd8fde42,"Y ~ A * splines::ns(age, knots = c(21, 27, 35), Boundary.knots = c(15, 45), intercept = FALSE) + year_factor + race_ethnicity + prepreg_diabetes + prior_living4 + education4 + splines::ns(bmi, knots = c(19.6, 26.1, 37.8), Boundary.knots = c(13, 69.9), intercept = FALSE) + prepreg_dose5",FALSE,FALSE,Exploratory retained fetal-source probability ratio; not population fetal-mortality RR
risk0,0.00251201604795314,0.00229382018459722,0.00275091020523538,0.000116448078054566,773402,2.51201604795314,2.29382018459722,2.75091020523538,fetal,shared_augmented_flag_supported_oe28,model,"2019,2020,2021,2024",773402,773402,2926,191919,581483,age45_revision/outputs/models/fetal_shared_augmented_flag_supported_oe28/receipt.json,f303b0cb0b4b65ce6d01f15136e012761bfacd53055ec96b4ab960ccdd8fde42,"Y ~ A * splines::ns(age, knots = c(21, 27, 35), Boundary.knots = c(15, 45), intercept = FALSE) + year_factor + race_ethnicity + prepreg_diabetes + prior_living4 + education4 + splines::ns(bmi, knots = c(19.6, 26.1, 37.8), Boundary.knots = c(13, 69.9), intercept = FALSE) + prepreg_dose5",FALSE,FALSE,Exploratory retained fetal-source probability ratio; not population fetal-mortality RR
risk1,0.00422087293018417,0.00405387961978724,0.00439471491767392,8.69261715147245e-05,773402,4.22087293018417,4.05387961978724,4.39471491767392,fetal,shared_augmented_flag_supported_oe28,model,"2019,2020,2021,2024",773402,773402,2926,191919,581483,age45_revision/outputs/models/fetal_shared_augmented_flag_supported_oe28/receipt.json,f303b0cb0b4b65ce6d01f15136e012761bfacd53055ec96b4ab960ccdd8fde42,"Y ~ A * splines::ns(age, knots = c(21, 27, 35), Boundary.knots = c(15, 45), intercept = FALSE) + year_factor + race_ethnicity + prepreg_diabetes + prior_living4 + education4 + splines::ns(bmi, knots = c(19.6, 26.1, 37.8), Boundary.knots = c(13, 69.9), intercept = FALSE) + prepreg_dose5",FALSE,FALSE,Exploratory retained fetal-source probability ratio; not population fetal-mortality RR
rd,0.00170885688223104,0.00141821376051894,0.00199950000394313,0.0001482900318601,773402,1.70885688223104,1.41821376051894,1.99950000394313,fetal,shared_augmented_flag_supported_oe28,model,"2019,2020,2021,2024",773402,773402,2926,191919,581483,age45_revision/outputs/models/fetal_shared_augmented_flag_supported_oe28/receipt.json,f303b0cb0b4b65ce6d01f15136e012761bfacd53055ec96b4ab960ccdd8fde42,"Y ~ A * splines::ns(age, knots = c(21, 27, 35), Boundary.knots = c(15, 45), intercept = FALSE) + year_factor + race_ethnicity + prepreg_diabetes + prior_living4 + education4 + splines::ns(bmi, knots = c(19.6, 26.1, 37.8), Boundary.knots = c(13, 69.9), intercept = FALSE) + prepreg_dose5",FALSE,FALSE,Exploratory retained fetal-source probability ratio; not population fetal-mortality RR
rr,1.68027307533463,1.51885611813001,1.85884467527479,0.0515309608540502,773402,,,,fetal,shared_augmented_flag_supported_oe28,model,"2019,2020,2021,2024",773402,773402,2926,191919,581483,age45_revision/outputs/models/fetal_shared_augmented_flag_supported_oe28/receipt.json,f303b0cb0b4b65ce6d01f15136e012761bfacd53055ec96b4ab960ccdd8fde42,"Y ~ A * splines::ns(age, knots = c(21, 27, 35), Boundary.knots = c(15, 45), intercept = FALSE) + year_factor + race_ethnicity + prepreg_diabetes + prior_living4 + education4 + splines::ns(bmi, knots = c(19.6, 26.1, 37.8), Boundary.knots = c(13, 69.9), intercept = FALSE) + prepreg_dose5",FALSE,FALSE,Exploratory retained fetal-source probability ratio; not population fetal-mortality RR
risk0,0.00509499534439131,0.00485934408562515,0.00534201303783256,0.000123087040510446,1374141,5.09499534439131,4.85934408562515,5.34201303783256,fetal,shared_core_all_oe20,HC0,"2018,2019,2020,2021,2022,2023,2024",1374141,1374141,10108,336273,1037868,age45_revision/outputs/models/fetal_shared_core_all_oe20/receipt.json,17e0b810c85ad16927ec407e5de358e660b32b04b7511733f8917c1891c653ee,"Y ~ A * splines::ns(age, knots = c(21, 27, 35), Boundary.knots = c(15, 45), intercept = FALSE) + year_factor + race_ethnicity + prepreg_diabetes + prior_living4 + prepreg_dose5",FALSE,FALSE,Exploratory retained fetal-source probability ratio; not population fetal-mortality RR
risk1,0.00815355359501298,0.00797775118916038,0.00833319754269013,9.06698132302518e-05,1374141,8.15355359501298,7.97775118916038,8.33319754269013,fetal,shared_core_all_oe20,HC0,"2018,2019,2020,2021,2022,2023,2024",1374141,1374141,10108,336273,1037868,age45_revision/outputs/models/fetal_shared_core_all_oe20/receipt.json,17e0b810c85ad16927ec407e5de358e660b32b04b7511733f8917c1891c653ee,"Y ~ A * splines::ns(age, knots = c(21, 27, 35), Boundary.knots = c(15, 45), intercept = FALSE) + year_factor + race_ethnicity + prepreg_diabetes + prior_living4 + prepreg_dose5",FALSE,FALSE,Exploratory retained fetal-source probability ratio; not population fetal-mortality RR
rd,0.00305855825062166,0.00275260450908207,0.00336451199216126,0.000156101716129949,1374141,3.05855825062166,2.75260450908207,3.36451199216126,fetal,shared_core_all_oe20,HC0,"2018,2019,2020,2021,2022,2023,2024",1374141,1374141,10108,336273,1037868,age45_revision/outputs/models/fetal_shared_core_all_oe20/receipt.json,17e0b810c85ad16927ec407e5de358e660b32b04b7511733f8917c1891c653ee,"Y ~ A * splines::ns(age, knots = c(21, 27, 35), Boundary.knots = c(15, 45), intercept = FALSE) + year_factor + race_ethnicity + prepreg_diabetes + prior_living4 + prepreg_dose5",FALSE,FALSE,Exploratory retained fetal-source probability ratio; not population fetal-mortality RR
rr,1.60030638771605,1.51769637128688,1.68741296547564,0.0270420597532086,1374141,,,,fetal,shared_core_all_oe20,HC0,"2018,2019,2020,2021,2022,2023,2024",1374141,1374141,10108,336273,1037868,age45_revision/outputs/models/fetal_shared_core_all_oe20/receipt.json,17e0b810c85ad16927ec407e5de358e660b32b04b7511733f8917c1891c653ee,"Y ~ A * splines::ns(age, knots = c(21, 27, 35), Boundary.knots = c(15, 45), intercept = FALSE) + year_factor + race_ethnicity + prepreg_diabetes + prior_living4 + prepreg_dose5",FALSE,FALSE,Exploratory retained fetal-source probability ratio; not population fetal-mortality RR
risk0,0.00509499534439131,0.00486116477822343,0.00534001321553767,0.000122113462243656,1374141,5.09499534439131,4.86116477822343,5.34001321553767,fetal,shared_core_all_oe20,model,"2018,2019,2020,2021,2022,2023,2024",1374141,1374141,10108,336273,1037868,age45_revision/outputs/models/fetal_shared_core_all_oe20/receipt.json,17e0b810c85ad16927ec407e5de358e660b32b04b7511733f8917c1891c653ee,"Y ~ A * splines::ns(age, knots = c(21, 27, 35), Boundary.knots = c(15, 45), intercept = FALSE) + year_factor + race_ethnicity + prepreg_diabetes + prior_living4 + prepreg_dose5",FALSE,FALSE,Exploratory retained fetal-source probability ratio; not population fetal-mortality RR
risk1,0.00815355359501298,0.00797825025915493,0.00833267645588962,9.04096239701749e-05,1374141,8.15355359501298,7.97825025915493,8.33267645588962,fetal,shared_core_all_oe20,model,"2018,2019,2020,2021,2022,2023,2024",1374141,1374141,10108,336273,1037868,age45_revision/outputs/models/fetal_shared_core_all_oe20/receipt.json,17e0b810c85ad16927ec407e5de358e660b32b04b7511733f8917c1891c653ee,"Y ~ A * splines::ns(age, knots = c(21, 27, 35), Boundary.knots = c(15, 45), intercept = FALSE) + year_factor + race_ethnicity + prepreg_diabetes + prior_living4 + prepreg_dose5",FALSE,FALSE,Exploratory retained fetal-source probability ratio; not population fetal-mortality RR
rd,0.00305855825062166,0.00275576073975104,0.00336135576149229,0.000154491364769481,1374141,3.05855825062166,2.75576073975104,3.36135576149229,fetal,shared_core_all_oe20,model,"2018,2019,2020,2021,2022,2023,2024",1374141,1374141,10108,336273,1037868,age45_revision/outputs/models/fetal_shared_core_all_oe20/receipt.json,17e0b810c85ad16927ec407e5de358e660b32b04b7511733f8917c1891c653ee,"Y ~ A * splines::ns(age, knots = c(21, 27, 35), Boundary.knots = c(15, 45), intercept = FALSE) + year_factor + race_ethnicity + prepreg_diabetes + prior_living4 + prepreg_dose5",FALSE,FALSE,Exploratory retained fetal-source probability ratio; not population fetal-mortality RR
rr,1.60030638771605,1.51852943628224,1.68648725100434,0.0267620799304074,1374141,,,,fetal,shared_core_all_oe20,model,"2018,2019,2020,2021,2022,2023,2024",1374141,1374141,10108,336273,1037868,age45_revision/outputs/models/fetal_shared_core_all_oe20/receipt.json,17e0b810c85ad16927ec407e5de358e660b32b04b7511733f8917c1891c653ee,"Y ~ A * splines::ns(age, knots = c(21, 27, 35), Boundary.knots = c(15, 45), intercept = FALSE) + year_factor + race_ethnicity + prepreg_diabetes + prior_living4 + prepreg_dose5",FALSE,FALSE,Exploratory retained fetal-source probability ratio; not population fetal-mortality RR
risk0,0.0026241160499346,0.00245560307580065,0.00280416052849812,8.88547979286226e-05,1360686,2.6241160499346,2.45560307580065,2.80416052849812,fetal,shared_core_all_oe28,HC0,"2018,2019,2020,2021,2022,2023,2024",1360686,1360686,5706,333678,1027008,age45_revision/outputs/models/fetal_shared_core_all_oe28/receipt.json,d82cb8cb33b03a664fbc6235f882608ae8e030b94223a567e5a81f29ebcbc60f,"Y ~ A * splines::ns(age, knots = c(21, 27, 35), Boundary.knots = c(15, 45), intercept = FALSE) + year_factor + race_ethnicity + prepreg_diabetes + prior_living4 + prepreg_dose5",FALSE,FALSE,Exploratory retained fetal-source probability ratio; not population fetal-mortality RR
risk1,0.004737432072399,0.00460319581318316,0.00487556369325742,6.94734946988611e-05,1360686,4.737432072399,4.60319581318316,4.87556369325742,fetal,shared_core_all_oe28,HC0,"2018,2019,2020,2021,2022,2023,2024",1360686,1360686,5706,333678,1027008,age45_revision/outputs/models/fetal_shared_core_all_oe28/receipt.json,d82cb8cb33b03a664fbc6235f882608ae8e030b94223a567e5a81f29ebcbc60f,"Y ~ A * splines::ns(age, knots = c(21, 27, 35), Boundary.knots = c(15, 45), intercept = FALSE) + year_factor + race_ethnicity + prepreg_diabetes + prior_living4 + prepreg_dose5",FALSE,FALSE,Exploratory retained fetal-source probability ratio; not population fetal-mortality RR
rd,0.0021133160224644,0.00188778570531691,0.00233884633961188,0.000115068602753132,1360686,2.1133160224644,1.88778570531691,2.33884633961188,fetal,shared_core_all_oe28,HC0,"2018,2019,2020,2021,2022,2023,2024",1360686,1360686,5706,333678,1027008,age45_revision/outputs/models/fetal_shared_core_all_oe28/receipt.json,d82cb8cb33b03a664fbc6235f882608ae8e030b94223a567e5a81f29ebcbc60f,"Y ~ A * splines::ns(age, knots = c(21, 27, 35), Boundary.knots = c(15, 45), intercept = FALSE) + year_factor + race_ethnicity + prepreg_diabetes + prior_living4 + prepreg_dose5",FALSE,FALSE,Exploratory retained fetal-source probability ratio; not population fetal-mortality RR
rr,1.80534396431022,1.67753911710121,1.94288574033573,0.037461518616171,1360686,,,,fetal,shared_core_all_oe28,HC0,"2018,2019,2020,2021,2022,2023,2024",1360686,1360686,5706,333678,1027008,age45_revision/outputs/models/fetal_shared_core_all_oe28/receipt.json,d82cb8cb33b03a664fbc6235f882608ae8e030b94223a567e5a81f29ebcbc60f,"Y ~ A * splines::ns(age, knots = c(21, 27, 35), Boundary.knots = c(15, 45), intercept = FALSE) + year_factor + race_ethnicity + prepreg_diabetes + prior_living4 + prepreg_dose5",FALSE,FALSE,Exploratory retained fetal-source probability ratio; not population fetal-mortality RR
risk0,0.0026241160499346,0.00245667692578601,0.00280293521505412,8.82695332509807e-05,1360686,2.6241160499346,2.45667692578601,2.80293521505412,fetal,shared_core_all_oe28,model,"2018,2019,2020,2021,2022,2023,2024",1360686,1360686,5706,333678,1027008,age45_revision/outputs/models/fetal_shared_core_all_oe28/receipt.json,d82cb8cb33b03a664fbc6235f882608ae8e030b94223a567e5a81f29ebcbc60f,"Y ~ A * splines::ns(age, knots = c(21, 27, 35), Boundary.knots = c(15, 45), intercept = FALSE) + year_factor + race_ethnicity + prepreg_diabetes + prior_living4 + prepreg_dose5",FALSE,FALSE,Exploratory retained fetal-source probability ratio; not population fetal-mortality RR
risk1,0.004737432072399,0.00460349890097636,0.00487524278083781,6.93143723803085e-05,1360686,4.737432072399,4.60349890097636,4.87524278083781,fetal,shared_core_all_oe28,model,"2018,2019,2020,2021,2022,2023,2024",1360686,1360686,5706,333678,1027008,age45_revision/outputs/models/fetal_shared_core_all_oe28/receipt.json,d82cb8cb33b03a664fbc6235f882608ae8e030b94223a567e5a81f29ebcbc60f,"Y ~ A * splines::ns(age, knots = c(21, 27, 35), Boundary.knots = c(15, 45), intercept = FALSE) + year_factor + race_ethnicity + prepreg_diabetes + prior_living4 + prepreg_dose5",FALSE,FALSE,Exploratory retained fetal-source probability ratio; not population fetal-mortality RR
rd,0.0021133160224644,0.00188970383893849,0.00233692820599031,0.000114089945167226,1360686,2.1133160224644,1.88970383893849,2.33692820599031,fetal,shared_core_all_oe28,model,"2018,2019,2020,2021,2022,2023,2024",1360686,1360686,5706,333678,1027008,age45_revision/outputs/models/fetal_shared_core_all_oe28/receipt.json,d82cb8cb33b03a664fbc6235f882608ae8e030b94223a567e5a81f29ebcbc60f,"Y ~ A * splines::ns(age, knots = c(21, 27, 35), Boundary.knots = c(15, 45), intercept = FALSE) + year_factor + race_ethnicity + prepreg_diabetes + prior_living4 + prepreg_dose5",FALSE,FALSE,Exploratory retained fetal-source probability ratio; not population fetal-mortality RR
rr,1.80534396431022,1.6785955824429,1.94166293749447,0.0371403021572594,1360686,,,,fetal,shared_core_all_oe28,model,"2018,2019,2020,2021,2022,2023,2024",1360686,1360686,5706,333678,1027008,age45_revision/outputs/models/fetal_shared_core_all_oe28/receipt.json,d82cb8cb33b03a664fbc6235f882608ae8e030b94223a567e5a81f29ebcbc60f,"Y ~ A * splines::ns(age, knots = c(21, 27, 35), Boundary.knots = c(15, 45), intercept = FALSE) + year_factor + race_ethnicity + prepreg_diabetes + prior_living4 + prepreg_dose5",FALSE,FALSE,Exploratory retained fetal-source probability ratio; not population fetal-mortality RR
risk0,0.00508203073742392,0.0047767088583595,0.00540676242504281,0.000160630240571125,799442,5.08203073742392,4.7767088583595,5.40676242504281,fetal,shared_core_flag_supported_oe20,HC0,"2019,2020,2021,2024",799442,799442,5872,196035,603407,age45_revision/outputs/models/fetal_shared_core_flag_supported_oe20/receipt.json,2e2b32fed0884361550196ed2b40f6c5b2cb2237ed8feac5e2064a48ab63f00e,"Y ~ A * splines::ns(age, knots = c(21, 27, 35), Boundary.knots = c(15, 45), intercept = FALSE) + year_factor + race_ethnicity + prepreg_diabetes + prior_living4 + prepreg_dose5",FALSE,FALSE,Exploratory retained fetal-source probability ratio; not population fetal-mortality RR
risk1,0.00814433281728644,0.00791459584886445,0.00838068202747885,0.00011888603221535,799442,8.14433281728644,7.91459584886445,8.38068202747885,fetal,shared_core_flag_supported_oe20,HC0,"2019,2020,2021,2024",799442,799442,5872,196035,603407,age45_revision/outputs/models/fetal_shared_core_flag_supported_oe20/receipt.json,2e2b32fed0884361550196ed2b40f6c5b2cb2237ed8feac5e2064a48ab63f00e,"Y ~ A * splines::ns(age, knots = c(21, 27, 35), Boundary.knots = c(15, 45), intercept = FALSE) + year_factor + race_ethnicity + prepreg_diabetes + prior_living4 + prepreg_dose5",FALSE,FALSE,Exploratory retained fetal-source probability ratio; not population fetal-mortality RR
rd,0.00306230207986252,0.0026625451153608,0.00346205904436424,0.000203961382788128,799442,3.06230207986252,2.6625451153608,3.46205904436424,fetal,shared_core_flag_supported_oe20,HC0,"2019,2020,2021,2024",799442,799442,5872,196035,603407,age45_revision/outputs/models/fetal_shared_core_flag_supported_oe20/receipt.json,2e2b32fed0884361550196ed2b40f6c5b2cb2237ed8feac5e2064a48ab63f00e,"Y ~ A * splines::ns(age, knots = c(21, 27, 35), Boundary.knots = c(15, 45), intercept = FALSE) + year_factor + race_ethnicity + prepreg_diabetes + prior_living4 + prepreg_dose5",FALSE,FALSE,Exploratory retained fetal-source probability ratio; not population fetal-mortality RR
rr,1.60257449001869,1.49518765367165,1.71767402556593,0.035388238301466,799442,,,,fetal,shared_core_flag_supported_oe20,HC0,"2019,2020,2021,2024",799442,799442,5872,196035,603407,age45_revision/outputs/models/fetal_shared_core_flag_supported_oe20/receipt.json,2e2b32fed0884361550196ed2b40f6c5b2cb2237ed8feac5e2064a48ab63f00e,"Y ~ A * splines::ns(age, knots = c(21, 27, 35), Boundary.knots = c(15, 45), intercept = FALSE) + year_factor + race_ethnicity + prepreg_diabetes + prior_living4 + prepreg_dose5",FALSE,FALSE,Exploratory retained fetal-source probability ratio; not population fetal-mortality RR
risk0,0.00508203073742392,0.00477876978627686,0.00540443213505965,0.000159512099119237,799442,5.08203073742392,4.77876978627686,5.40443213505965,fetal,shared_core_flag_supported_oe20,model,"2019,2020,2021,2024",799442,799442,5872,196035,603407,age45_revision/outputs/models/fetal_shared_core_flag_supported_oe20/receipt.json,2e2b32fed0884361550196ed2b40f6c5b2cb2237ed8feac5e2064a48ab63f00e,"Y ~ A * splines::ns(age, knots = c(21, 27, 35), Boundary.knots = c(15, 45), intercept = FALSE) + year_factor + race_ethnicity + prepreg_diabetes + prior_living4 + prepreg_dose5",FALSE,FALSE,Exploratory retained fetal-source probability ratio; not population fetal-mortality RR
risk1,0.00814433281728644,0.00791519109484991,0.00838005207088161,0.000118573598155505,799442,8.14433281728644,7.91519109484991,8.38005207088161,fetal,shared_core_flag_supported_oe20,model,"2019,2020,2021,2024",799442,799442,5872,196035,603407,age45_revision/outputs/models/fetal_shared_core_flag_supported_oe20/receipt.json,2e2b32fed0884361550196ed2b40f6c5b2cb2237ed8feac5e2064a48ab63f00e,"Y ~ A * splines::ns(age, knots = c(21, 27, 35), Boundary.knots = c(15, 45), intercept = FALSE) + year_factor + race_ethnicity + prepreg_diabetes + prior_living4 + prepreg_dose5",FALSE,FALSE,Exploratory retained fetal-source probability ratio; not population fetal-mortality RR
rd,0.00306230207986252,0.00266621802322632,0.00345838613649871,0.000202087415769093,799442,3.06230207986252,2.66621802322632,3.45838613649871,fetal,shared_core_flag_supported_oe20,model,"2019,2020,2021,2024",799442,799442,5872,196035,603407,age45_revision/outputs/models/fetal_shared_core_flag_supported_oe20/receipt.json,2e2b32fed0884361550196ed2b40f6c5b2cb2237ed8feac5e2064a48ab63f00e,"Y ~ A * splines::ns(age, knots = c(21, 27, 35), Boundary.knots = c(15, 45), intercept = FALSE) + year_factor + race_ethnicity + prepreg_diabetes + prior_living4 + prepreg_dose5",FALSE,FALSE,Exploratory retained fetal-source probability ratio; not population fetal-mortality RR
rr,1.60257449001869,1.49614142122509,1.71657903432396,0.0350628812144644,799442,,,,fetal,shared_core_flag_supported_oe20,model,"2019,2020,2021,2024",799442,799442,5872,196035,603407,age45_revision/outputs/models/fetal_shared_core_flag_supported_oe20/receipt.json,2e2b32fed0884361550196ed2b40f6c5b2cb2237ed8feac5e2064a48ab63f00e,"Y ~ A * splines::ns(age, knots = c(21, 27, 35), Boundary.knots = c(15, 45), intercept = FALSE) + year_factor + race_ethnicity + prepreg_diabetes + prior_living4 + prepreg_dose5",FALSE,FALSE,Exploratory retained fetal-source probability ratio; not population fetal-mortality RR
risk0,0.00257109298890166,0.00235596568614478,0.00280580869138376,0.000114613607721527,791552,2.57109298890166,2.35596568614478,2.80580869138376,fetal,shared_core_flag_supported_oe28,HC0,"2019,2020,2021,2024",791552,791552,3288,194477,597075,age45_revision/outputs/models/fetal_shared_core_flag_supported_oe28/receipt.json,43e6bf4aa876d67fbe500b9dbd38c28cb37114e8fc9a8866905c8f6f0b40cd38,"Y ~ A * splines::ns(age, knots = c(21, 27, 35), Boundary.knots = c(15, 45), intercept = FALSE) + year_factor + race_ethnicity + prepreg_diabetes + prior_living4 + prepreg_dose5",FALSE,FALSE,Exploratory retained fetal-source probability ratio; not population fetal-mortality RR
risk1,0.00470980385108886,0.00453483742180164,0.00489148779239227,9.0962595180111e-05,791552,4.70980385108886,4.53483742180164,4.89148779239227,fetal,shared_core_flag_supported_oe28,HC0,"2019,2020,2021,2024",791552,791552,3288,194477,597075,age45_revision/outputs/models/fetal_shared_core_flag_supported_oe28/receipt.json,43e6bf4aa876d67fbe500b9dbd38c28cb37114e8fc9a8866905c8f6f0b40cd38,"Y ~ A * splines::ns(age, knots = c(21, 27, 35), Boundary.knots = c(15, 45), intercept = FALSE) + year_factor + race_ethnicity + prepreg_diabetes + prior_living4 + prepreg_dose5",FALSE,FALSE,Exploratory retained fetal-source probability ratio; not population fetal-mortality RR
rd,0.0021387108621872,0.00184636021873892,0.00243106150563548,0.000149161232427894,791552,2.1387108621872,1.84636021873892,2.43106150563548,fetal,shared_core_flag_supported_oe28,HC0,"2019,2020,2021,2024",791552,791552,3288,194477,597075,age45_revision/outputs/models/fetal_shared_core_flag_supported_oe28/receipt.json,43e6bf4aa876d67fbe500b9dbd38c28cb37114e8fc9a8866905c8f6f0b40cd38,"Y ~ A * splines::ns(age, knots = c(21, 27, 35), Boundary.knots = c(15, 45), intercept = FALSE) + year_factor + race_ethnicity + prepreg_diabetes + prior_living4 + prepreg_dose5",FALSE,FALSE,Exploratory retained fetal-source probability ratio; not population fetal-mortality RR
rr,1.83182944818376,1.66314404422375,2.01762387262096,0.0492893508039367,791552,,,,fetal,shared_core_flag_supported_oe28,HC0,"2019,2020,2021,2024",791552,791552,3288,194477,597075,age45_revision/outputs/models/fetal_shared_core_flag_supported_oe28/receipt.json,43e6bf4aa876d67fbe500b9dbd38c28cb37114e8fc9a8866905c8f6f0b40cd38,"Y ~ A * splines::ns(age, knots = c(21, 27, 35), Boundary.knots = c(15, 45), intercept = FALSE) + year_factor + race_ethnicity + prepreg_diabetes + prior_living4 + prepreg_dose5",FALSE,FALSE,Exploratory retained fetal-source probability ratio; not population fetal-mortality RR
risk0,0.00257109298890166,0.00235699901448517,0.0028045791542162,0.000114038498389255,791552,2.57109298890166,2.35699901448517,2.8045791542162,fetal,shared_core_flag_supported_oe28,model,"2019,2020,2021,2024",791552,791552,3288,194477,597075,age45_revision/outputs/models/fetal_shared_core_flag_supported_oe28/receipt.json,43e6bf4aa876d67fbe500b9dbd38c28cb37114e8fc9a8866905c8f6f0b40cd38,"Y ~ A * splines::ns(age, knots = c(21, 27, 35), Boundary.knots = c(15, 45), intercept = FALSE) + year_factor + race_ethnicity + prepreg_diabetes + prior_living4 + prepreg_dose5",FALSE,FALSE,Exploratory retained fetal-source probability ratio; not population fetal-mortality RR
risk1,0.00470980385108886,0.00453515945740063,0.00489114057871686,9.07919848980629e-05,791552,4.70980385108886,4.53515945740063,4.89114057871686,fetal,shared_core_flag_supported_oe28,model,"2019,2020,2021,2024",791552,791552,3288,194477,597075,age45_revision/outputs/models/fetal_shared_core_flag_supported_oe28/receipt.json,43e6bf4aa876d67fbe500b9dbd38c28cb37114e8fc9a8866905c8f6f0b40cd38,"Y ~ A * splines::ns(age, knots = c(21, 27, 35), Boundary.knots = c(15, 45), intercept = FALSE) + year_factor + race_ethnicity + prepreg_diabetes + prior_living4 + prepreg_dose5",FALSE,FALSE,Exploratory retained fetal-source probability ratio; not population fetal-mortality RR
rd,0.0021387108621872,0.00184829638857946,0.00242912533579495,0.000148173372520361,791552,2.1387108621872,1.84829638857946,2.42912533579495,fetal,shared_core_flag_supported_oe28,model,"2019,2020,2021,2024",791552,791552,3288,194477,597075,age45_revision/outputs/models/fetal_shared_core_flag_supported_oe28/receipt.json,43e6bf4aa876d67fbe500b9dbd38c28cb37114e8fc9a8866905c8f6f0b40cd38,"Y ~ A * splines::ns(age, knots = c(21, 27, 35), Boundary.knots = c(15, 45), intercept = FALSE) + year_factor + race_ethnicity + prepreg_diabetes + prior_living4 + prepreg_dose5",FALSE,FALSE,Exploratory retained fetal-source probability ratio; not population fetal-mortality RR
rr,1.83182944818376,1.66421024410971,2.01633125328364,0.0489623705661451,791552,,,,fetal,shared_core_flag_supported_oe28,model,"2019,2020,2021,2024",791552,791552,3288,194477,597075,age45_revision/outputs/models/fetal_shared_core_flag_supported_oe28/receipt.json,43e6bf4aa876d67fbe500b9dbd38c28cb37114e8fc9a8866905c8f6f0b40cd38,"Y ~ A * splines::ns(age, knots = c(21, 27, 35), Boundary.knots = c(15, 45), intercept = FALSE) + year_factor + race_ethnicity + prepreg_diabetes + prior_living4 + prepreg_dose5",FALSE,FALSE,Exploratory retained fetal-source probability ratio; not population fetal-mortality RR
risk0,0.00197301312877723,0.00179605136974053,0.00216737275865573,9.45884393662589e-05,947691,1.97301312877723,1.79605136974053,2.16737275865573,linked,early_neonatal_later,HC0,"2019,2020,2021,2022,2023",947691,947691,2558,233241,714450,age45_revision/outputs/models/linked_early_neonatal_later/receipt.json,31823fa2e2a4edb260bf5e49434ad0c670f864ea72a1973eae934cde02e539f4,"Y ~ A * splines::ns(age, knots = c(21, 27, 35), Boundary.knots = c(15, 45), intercept = FALSE) + year_factor + race_ethnicity + prepreg_diabetes + prior_living4 + education4 + splines::ns(bmi, knots = c(19.6, 26.1, 37.8), Boundary.knots = c(13, 69.9), intercept = FALSE) + prior_preterm + prior_cesarean + nativity + prepreg_dose5",FALSE,FALSE,Observed linked death endpoint; unlinked deaths not corrected
risk1,0.00294345051172669,0.00281792088519778,0.0030745548520233,6.54485770831342e-05,947691,2.94345051172669,2.81792088519778,3.0745548520233,linked,early_neonatal_later,HC0,"2019,2020,2021,2022,2023",947691,947691,2558,233241,714450,age45_revision/outputs/models/linked_early_neonatal_later/receipt.json,31823fa2e2a4edb260bf5e49434ad0c670f864ea72a1973eae934cde02e539f4,"Y ~ A * splines::ns(age, knots = c(21, 27, 35), Boundary.knots = c(15, 45), intercept = FALSE) + year_factor + race_ethnicity + prepreg_diabetes + prior_living4 + education4 + splines::ns(bmi, knots = c(19.6, 26.1, 37.8), Boundary.knots = c(13, 69.9), intercept = FALSE) + prior_preterm + prior_cesarean + nativity + prepreg_dose5",FALSE,FALSE,Observed linked death endpoint; unlinked deaths not corrected
rd,0.000970437382949463,0.000740054670785237,0.00120082009511369,0.000117544359988987,947691,0.970437382949463,0.740054670785237,1.20082009511369,linked,early_neonatal_later,HC0,"2019,2020,2021,2022,2023",947691,947691,2558,233241,714450,age45_revision/outputs/models/linked_early_neonatal_later/receipt.json,31823fa2e2a4edb260bf5e49434ad0c670f864ea72a1973eae934cde02e539f4,"Y ~ A * splines::ns(age, knots = c(21, 27, 35), Boundary.knots = c(15, 45), intercept = FALSE) + year_factor + race_ethnicity + prepreg_diabetes + prior_living4 + education4 + splines::ns(bmi, knots = c(19.6, 26.1, 37.8), Boundary.knots = c(13, 69.9), intercept = FALSE) + prior_preterm + prior_cesarean + nativity + prepreg_dose5",FALSE,FALSE,Observed linked death endpoint; unlinked deaths not corrected
rr,1.49185551215814,1.34257328742416,1.65773659434763,0.0537930900953848,947691,,,,linked,early_neonatal_later,HC0,"2019,2020,2021,2022,2023",947691,947691,2558,233241,714450,age45_revision/outputs/models/linked_early_neonatal_later/receipt.json,31823fa2e2a4edb260bf5e49434ad0c670f864ea72a1973eae934cde02e539f4,"Y ~ A * splines::ns(age, knots = c(21, 27, 35), Boundary.knots = c(15, 45), intercept = FALSE) + year_factor + race_ethnicity + prepreg_diabetes + prior_living4 + education4 + splines::ns(bmi, knots = c(19.6, 26.1, 37.8), Boundary.knots = c(13, 69.9), intercept = FALSE) + prior_preterm + prior_cesarean + nativity + prepreg_dose5",FALSE,FALSE,Observed linked death endpoint; unlinked deaths not corrected
risk0,0.00197301312877723,0.0017961326906325,0.00216727466615953,9.45428694268604e-05,947691,1.97301312877723,1.7961326906325,2.16727466615953,linked,early_neonatal_later,model,"2019,2020,2021,2022,2023",947691,947691,2558,233241,714450,age45_revision/outputs/models/linked_early_neonatal_later/receipt.json,31823fa2e2a4edb260bf5e49434ad0c670f864ea72a1973eae934cde02e539f4,"Y ~ A * splines::ns(age, knots = c(21, 27, 35), Boundary.knots = c(15, 45), intercept = FALSE) + year_factor + race_ethnicity + prepreg_diabetes + prior_living4 + education4 + splines::ns(bmi, knots = c(19.6, 26.1, 37.8), Boundary.knots = c(13, 69.9), intercept = FALSE) + prior_preterm + prior_cesarean + nativity + prepreg_dose5",FALSE,FALSE,Observed linked death endpoint; unlinked deaths not corrected
risk1,0.00294345051172669,0.00281797690327814,0.0030744937491995,6.54187267560012e-05,947691,2.94345051172669,2.81797690327814,3.0744937491995,linked,early_neonatal_later,model,"2019,2020,2021,2022,2023",947691,947691,2558,233241,714450,age45_revision/outputs/models/linked_early_neonatal_later/receipt.json,31823fa2e2a4edb260bf5e49434ad0c670f864ea72a1973eae934cde02e539f4,"Y ~ A * splines::ns(age, knots = c(21, 27, 35), Boundary.knots = c(15, 45), intercept = FALSE) + year_factor + race_ethnicity + prepreg_diabetes + prior_living4 + education4 + splines::ns(bmi, knots = c(19.6, 26.1, 37.8), Boundary.knots = c(13, 69.9), intercept = FALSE) + prior_preterm + prior_cesarean + nativity + prepreg_dose5",FALSE,FALSE,Observed linked death endpoint; unlinked deaths not corrected
rd,0.000970437382949463,0.000740255224100385,0.00120061954179854,0.000117442034988768,947691,0.970437382949463,0.740255224100384,1.20061954179854,linked,early_neonatal_later,model,"2019,2020,2021,2022,2023",947691,947691,2558,233241,714450,age45_revision/outputs/models/linked_early_neonatal_later/receipt.json,31823fa2e2a4edb260bf5e49434ad0c670f864ea72a1973eae934cde02e539f4,"Y ~ A * splines::ns(age, knots = c(21, 27, 35), Boundary.knots = c(15, 45), intercept = FALSE) + year_factor + race_ethnicity + prepreg_diabetes + prior_living4 + education4 + splines::ns(bmi, knots = c(19.6, 26.1, 37.8), Boundary.knots = c(13, 69.9), intercept = FALSE) + prior_preterm + prior_cesarean + nativity + prepreg_dose5",FALSE,FALSE,Observed linked death endpoint; unlinked deaths not corrected
rr,1.49185551215814,1.34268703408389,1.65759615804674,0.0537498651789433,947691,,,,linked,early_neonatal_later,model,"2019,2020,2021,2022,2023",947691,947691,2558,233241,714450,age45_revision/outputs/models/linked_early_neonatal_later/receipt.json,31823fa2e2a4edb260bf5e49434ad0c670f864ea72a1973eae934cde02e539f4,"Y ~ A * splines::ns(age, knots = c(21, 27, 35), Boundary.knots = c(15, 45), intercept = FALSE) + year_factor + race_ethnicity + prepreg_diabetes + prior_living4 + education4 + splines::ns(bmi, knots = c(19.6, 26.1, 37.8), Boundary.knots = c(13, 69.9), intercept = FALSE) + prior_preterm + prior_cesarean + nativity + prepreg_dose5",FALSE,FALSE,Observed linked death endpoint; unlinked deaths not corrected
risk0,0.00190390903822419,0.00175242651319276,0.00206845882003391,8.05303985241308e-05,1236303,1.90390903822419,1.75242651319276,2.06845882003391,linked,early_neonatal_main,HC0,"2018,2019,2020,2021,2022,2023",1236303,1236303,3345,307169,929134,age45_revision/outputs/models/linked_early_neonatal_main/receipt.json,9849d0d107e3b946886ba9c9c16763d4f22e3435d3fc947031b6f2354a0efe59,"Y ~ A * splines::ns(age, knots = c(21, 27, 35), Boundary.knots = c(15, 45), intercept = FALSE) + year_factor + race_ethnicity + prepreg_diabetes + prior_living4 + education4 + splines::ns(bmi, knots = c(19.6, 26.1, 37.8), Boundary.knots = c(13, 69.9), intercept = FALSE) + prior_preterm + prior_cesarean + nativity + prepreg_dose5",FALSE,FALSE,Observed linked death endpoint; unlinked deaths not corrected
risk1,0.00298039085926463,0.00286899247837782,0.00309610123031318,5.79231298327284e-05,1236303,2.98039085926463,2.86899247837782,3.09610123031318,linked,early_neonatal_main,HC0,"2018,2019,2020,2021,2022,2023",1236303,1236303,3345,307169,929134,age45_revision/outputs/models/linked_early_neonatal_main/receipt.json,9849d0d107e3b946886ba9c9c16763d4f22e3435d3fc947031b6f2354a0efe59,"Y ~ A * splines::ns(age, knots = c(21, 27, 35), Boundary.knots = c(15, 45), intercept = FALSE) + year_factor + race_ethnicity + prepreg_diabetes + prior_living4 + education4 + splines::ns(bmi, knots = c(19.6, 26.1, 37.8), Boundary.knots = c(13, 69.9), intercept = FALSE) + prior_preterm + prior_cesarean + nativity + prepreg_dose5",FALSE,FALSE,Observed linked death endpoint; unlinked deaths not corrected
rd,0.00107648182104044,0.000877503610516188,0.0012754600315647,0.000101521360644262,1236303,1.07648182104044,0.877503610516188,1.2754600315647,linked,early_neonatal_main,HC0,"2018,2019,2020,2021,2022,2023",1236303,1236303,3345,307169,929134,age45_revision/outputs/models/linked_early_neonatal_main/receipt.json,9849d0d107e3b946886ba9c9c16763d4f22e3435d3fc947031b6f2354a0efe59,"Y ~ A * splines::ns(age, knots = c(21, 27, 35), Boundary.knots = c(15, 45), intercept = FALSE) + year_factor + race_ethnicity + prepreg_diabetes + prior_living4 + education4 + splines::ns(bmi, knots = c(19.6, 26.1, 37.8), Boundary.knots = c(13, 69.9), intercept = FALSE) + prior_preterm + prior_cesarean + nativity + prepreg_dose5",FALSE,FALSE,Observed linked death endpoint; unlinked deaths not corrected
rr,1.56540611942496,1.42646225419932,1.717883744571,0.0474232493032668,1236303,,,,linked,early_neonatal_main,HC0,"2018,2019,2020,2021,2022,2023",1236303,1236303,3345,307169,929134,age45_revision/outputs/models/linked_early_neonatal_main/receipt.json,9849d0d107e3b946886ba9c9c16763d4f22e3435d3fc947031b6f2354a0efe59,"Y ~ A * splines::ns(age, knots = c(21, 27, 35), Boundary.knots = c(15, 45), intercept = FALSE) + year_factor + race_ethnicity + prepreg_diabetes + prior_living4 + education4 + splines::ns(bmi, knots = c(19.6, 26.1, 37.8), Boundary.knots = c(13, 69.9), intercept = FALSE) + prior_preterm + prior_cesarean + nativity + prepreg_dose5",FALSE,FALSE,Observed linked death endpoint; unlinked deaths not corrected
risk0,0.00190390903822419,0.00175273506241431,0.00206809480635467,8.03594053899247e-05,1236303,1.90390903822419,1.75273506241431,2.06809480635467,linked,early_neonatal_main,model,"2018,2019,2020,2021,2022,2023",1236303,1236303,3345,307169,929134,age45_revision/outputs/models/linked_early_neonatal_main/receipt.json,9849d0d107e3b946886ba9c9c16763d4f22e3435d3fc947031b6f2354a0efe59,"Y ~ A * splines::ns(age, knots = c(21, 27, 35), Boundary.knots = c(15, 45), intercept = FALSE) + year_factor + race_ethnicity + prepreg_diabetes + prior_living4 + education4 + splines::ns(bmi, knots = c(19.6, 26.1, 37.8), Boundary.knots = c(13, 69.9), intercept = FALSE) + prior_preterm + prior_cesarean + nativity + prepreg_dose5",FALSE,FALSE,Observed linked death endpoint; unlinked deaths not corrected
risk1,0.00298039085926463,0.00286910883880286,0.00309597569250118,5.78614641253323e-05,1236303,2.98039085926463,2.86910883880286,3.09597569250118,linked,early_neonatal_main,model,"2018,2019,2020,2021,2022,2023",1236303,1236303,3345,307169,929134,age45_revision/outputs/models/linked_early_neonatal_main/receipt.json,9849d0d107e3b946886ba9c9c16763d4f22e3435d3fc947031b6f2354a0efe59,"Y ~ A * splines::ns(age, knots = c(21, 27, 35), Boundary.knots = c(15, 45), intercept = FALSE) + year_factor + race_ethnicity + prepreg_diabetes + prior_living4 + education4 + splines::ns(bmi, knots = c(19.6, 26.1, 37.8), Boundary.knots = c(13, 69.9), intercept = FALSE) + prior_preterm + prior_cesarean + nativity + prepreg_dose5",FALSE,FALSE,Observed linked death endpoint; unlinked deaths not corrected
rd,0.00107648182104044,0.000878107356960729,0.00127485628512016,0.000101213321083687,1236303,1.07648182104044,0.878107356960729,1.27485628512016,linked,early_neonatal_main,model,"2018,2019,2020,2021,2022,2023",1236303,1236303,3345,307169,929134,age45_revision/outputs/models/linked_early_neonatal_main/receipt.json,9849d0d107e3b946886ba9c9c16763d4f22e3435d3fc947031b6f2354a0efe59,"Y ~ A * splines::ns(age, knots = c(21, 27, 35), Boundary.knots = c(15, 45), intercept = FALSE) + year_factor + race_ethnicity + prepreg_diabetes + prior_living4 + education4 + splines::ns(bmi, knots = c(19.6, 26.1, 37.8), Boundary.knots = c(13, 69.9), intercept = FALSE) + prior_preterm + prior_cesarean + nativity + prepreg_dose5",FALSE,FALSE,Observed linked death endpoint; unlinked deaths not corrected
rr,1.56540611942496,1.42685471264161,1.71741123817462,0.0472828950544194,1236303,,,,linked,early_neonatal_main,model,"2018,2019,2020,2021,2022,2023",1236303,1236303,3345,307169,929134,age45_revision/outputs/models/linked_early_neonatal_main/receipt.json,9849d0d107e3b946886ba9c9c16763d4f22e3435d3fc947031b6f2354a0efe59,"Y ~ A * splines::ns(age, knots = c(21, 27, 35), Boundary.knots = c(15, 45), intercept = FALSE) + year_factor + race_ethnicity + prepreg_diabetes + prior_living4 + education4 + splines::ns(bmi, knots = c(19.6, 26.1, 37.8), Boundary.knots = c(13, 69.9), intercept = FALSE) + prior_preterm + prior_cesarean + nativity + prepreg_dose5",FALSE,FALSE,Observed linked death endpoint; unlinked deaths not corrected
risk0,0.0061121425228064,0.00578532656874044,0.00645730056310848,0.000171340986835793,947691,6.1121425228064,5.78532656874044,6.45730056310848,linked,infant_later,HC0,"2019,2020,2021,2022,2023",947691,947691,8247,233241,714450,age45_revision/outputs/models/linked_infant_later/receipt.json,8a3fe25976c9e353ae442dd345a4190502952affe9b6ab047bcc4e5a199b143d,"Y ~ A * splines::ns(age, knots = c(21, 27, 35), Boundary.knots = c(15, 45), intercept = FALSE) + year_factor + race_ethnicity + prepreg_diabetes + prior_living4 + education4 + splines::ns(bmi, knots = c(19.6, 26.1, 37.8), Boundary.knots = c(13, 69.9), intercept = FALSE) + prior_preterm + prior_cesarean + nativity + prepreg_dose5",FALSE,FALSE,Observed linked death endpoint; unlinked deaths not corrected
risk1,0.0094954539905183,0.00927155566359513,0.00972470615409845,0.000115591191432941,947691,9.4954539905183,9.27155566359513,9.72470615409845,linked,infant_later,HC0,"2019,2020,2021,2022,2023",947691,947691,8247,233241,714450,age45_revision/outputs/models/linked_infant_later/receipt.json,8a3fe25976c9e353ae442dd345a4190502952affe9b6ab047bcc4e5a199b143d,"Y ~ A * splines::ns(age, knots = c(21, 27, 35), Boundary.knots = c(15, 45), intercept = FALSE) + year_factor + race_ethnicity + prepreg_diabetes + prior_living4 + education4 + splines::ns(bmi, knots = c(19.6, 26.1, 37.8), Boundary.knots = c(13, 69.9), intercept = FALSE) + prior_preterm + prior_cesarean + nativity + prepreg_dose5",FALSE,FALSE,Observed linked death endpoint; unlinked deaths not corrected
rd,0.0033833114677119,0.00297041429712141,0.0037962086383024,0.000210665692761387,947691,3.3833114677119,2.97041429712141,3.7962086383024,linked,infant_later,HC0,"2019,2020,2021,2022,2023",947691,947691,8247,233241,714450,age45_revision/outputs/models/linked_infant_later/receipt.json,8a3fe25976c9e353ae442dd345a4190502952affe9b6ab047bcc4e5a199b143d,"Y ~ A * splines::ns(age, knots = c(21, 27, 35), Boundary.knots = c(15, 45), intercept = FALSE) + year_factor + race_ethnicity + prepreg_diabetes + prior_living4 + education4 + splines::ns(bmi, knots = c(19.6, 26.1, 37.8), Boundary.knots = c(13, 69.9), intercept = FALSE) + prior_preterm + prior_cesarean + nativity + prepreg_dose5",FALSE,FALSE,Observed linked death endpoint; unlinked deaths not corrected
rr,1.55353936121216,1.4618821122853,1.65094334663045,0.0310266227351968,947691,,,,linked,infant_later,HC0,"2019,2020,2021,2022,2023",947691,947691,8247,233241,714450,age45_revision/outputs/models/linked_infant_later/receipt.json,8a3fe25976c9e353ae442dd345a4190502952affe9b6ab047bcc4e5a199b143d,"Y ~ A * splines::ns(age, knots = c(21, 27, 35), Boundary.knots = c(15, 45), intercept = FALSE) + year_factor + race_ethnicity + prepreg_diabetes + prior_living4 + education4 + splines::ns(bmi, knots = c(19.6, 26.1, 37.8), Boundary.knots = c(13, 69.9), intercept = FALSE) + prior_preterm + prior_cesarean + nativity + prepreg_dose5",FALSE,FALSE,Observed linked death endpoint; unlinked deaths not corrected
risk0,0.0061121425228064,0.00578581762417757,0.00645675288750806,0.000171076388615069,947691,6.1121425228064,5.78581762417757,6.45675288750806,linked,infant_later,model,"2019,2020,2021,2022,2023",947691,947691,8247,233241,714450,age45_revision/outputs/models/linked_infant_later/receipt.json,8a3fe25976c9e353ae442dd345a4190502952affe9b6ab047bcc4e5a199b143d,"Y ~ A * splines::ns(age, knots = c(21, 27, 35), Boundary.knots = c(15, 45), intercept = FALSE) + year_factor + race_ethnicity + prepreg_diabetes + prior_living4 + education4 + splines::ns(bmi, knots = c(19.6, 26.1, 37.8), Boundary.knots = c(13, 69.9), intercept = FALSE) + prior_preterm + prior_cesarean + nativity + prepreg_dose5",FALSE,FALSE,Observed linked death endpoint; unlinked deaths not corrected
risk1,0.0094954539905183,0.00927171319960108,0.00972454099682174,0.000115508892718881,947691,9.4954539905183,9.27171319960108,9.72454099682174,linked,infant_later,model,"2019,2020,2021,2022,2023",947691,947691,8247,233241,714450,age45_revision/outputs/models/linked_infant_later/receipt.json,8a3fe25976c9e353ae442dd345a4190502952affe9b6ab047bcc4e5a199b143d,"Y ~ A * splines::ns(age, knots = c(21, 27, 35), Boundary.knots = c(15, 45), intercept = FALSE) + year_factor + race_ethnicity + prepreg_diabetes + prior_living4 + education4 + splines::ns(bmi, knots = c(19.6, 26.1, 37.8), Boundary.knots = c(13, 69.9), intercept = FALSE) + prior_preterm + prior_cesarean + nativity + prepreg_dose5",FALSE,FALSE,Observed linked death endpoint; unlinked deaths not corrected
rd,0.0033833114677119,0.00297130690720352,0.00379531602822029,0.000210210271085707,947691,3.3833114677119,2.97130690720352,3.79531602822029,linked,infant_later,model,"2019,2020,2021,2022,2023",947691,947691,8247,233241,714450,age45_revision/outputs/models/linked_infant_later/receipt.json,8a3fe25976c9e353ae442dd345a4190502952affe9b6ab047bcc4e5a199b143d,"Y ~ A * splines::ns(age, knots = c(21, 27, 35), Boundary.knots = c(15, 45), intercept = FALSE) + year_factor + race_ethnicity + prepreg_diabetes + prior_living4 + education4 + splines::ns(bmi, knots = c(19.6, 26.1, 37.8), Boundary.knots = c(13, 69.9), intercept = FALSE) + prior_preterm + prior_cesarean + nativity + prepreg_dose5",FALSE,FALSE,Observed linked death endpoint; unlinked deaths not corrected
rr,1.55353936121216,1.46206932501387,1.65073194926142,0.0309612875505298,947691,,,,linked,infant_later,model,"2019,2020,2021,2022,2023",947691,947691,8247,233241,714450,age45_revision/outputs/models/linked_infant_later/receipt.json,8a3fe25976c9e353ae442dd345a4190502952affe9b6ab047bcc4e5a199b143d,"Y ~ A * splines::ns(age, knots = c(21, 27, 35), Boundary.knots = c(15, 45), intercept = FALSE) + year_factor + race_ethnicity + prepreg_diabetes + prior_living4 + education4 + splines::ns(bmi, knots = c(19.6, 26.1, 37.8), Boundary.knots = c(13, 69.9), intercept = FALSE) + prior_preterm + prior_cesarean + nativity + prepreg_dose5",FALSE,FALSE,Observed linked death endpoint; unlinked deaths not corrected
risk0,0.00591742228966981,0.00563626760705918,0.00621251422489119,0.000146947744265265,1236303,5.91742228966981,5.63626760705918,6.21251422489119,linked,infant_main,HC0,"2018,2019,2020,2021,2022,2023",1236303,1236303,10594,307169,929134,age45_revision/outputs/models/linked_infant_main/receipt.json,41f3c1373b27d9144221dd93c4a289e6b6a88fc0fef448938ec7efe5bec9c7c6,"Y ~ A * splines::ns(age, knots = c(21, 27, 35), Boundary.knots = c(15, 45), intercept = FALSE) + year_factor + race_ethnicity + prepreg_diabetes + prior_living4 + education4 + splines::ns(bmi, knots = c(19.6, 26.1, 37.8), Boundary.knots = c(13, 69.9), intercept = FALSE) + prior_preterm + prior_cesarean + nativity + prepreg_dose5",FALSE,FALSE,Observed linked death endpoint; unlinked deaths not corrected
risk1,0.00938833315065205,0.00919276420942515,0.0095880224078571,0.000100825862025528,1236303,9.38833315065205,9.19276420942515,9.5880224078571,linked,infant_main,HC0,"2018,2019,2020,2021,2022,2023",1236303,1236303,10594,307169,929134,age45_revision/outputs/models/linked_infant_main/receipt.json,41f3c1373b27d9144221dd93c4a289e6b6a88fc0fef448938ec7efe5bec9c7c6,"Y ~ A * splines::ns(age, knots = c(21, 27, 35), Boundary.knots = c(15, 45), intercept = FALSE) + year_factor + race_ethnicity + prepreg_diabetes + prior_living4 + education4 + splines::ns(bmi, knots = c(19.6, 26.1, 37.8), Boundary.knots = c(13, 69.9), intercept = FALSE) + prior_preterm + prior_cesarean + nativity + prepreg_dose5",FALSE,FALSE,Observed linked death endpoint; unlinked deaths not corrected
rd,0.00347091086098224,0.003114641688055,0.00382718003390947,0.00018177332631489,1236303,3.47091086098224,3.114641688055,3.82718003390947,linked,infant_main,HC0,"2018,2019,2020,2021,2022,2023",1236303,1236303,10594,307169,929134,age45_revision/outputs/models/linked_infant_main/receipt.json,41f3c1373b27d9144221dd93c4a289e6b6a88fc0fef448938ec7efe5bec9c7c6,"Y ~ A * splines::ns(age, knots = c(21, 27, 35), Boundary.knots = c(15, 45), intercept = FALSE) + year_factor + race_ethnicity + prepreg_diabetes + prior_living4 + education4 + splines::ns(bmi, knots = c(19.6, 26.1, 37.8), Boundary.knots = c(13, 69.9), intercept = FALSE) + prior_preterm + prior_cesarean + nativity + prepreg_dose5",FALSE,FALSE,Observed linked death endpoint; unlinked deaths not corrected
rr,1.58655791171799,1.50336961836432,1.67434939251577,0.0274789912858266,1236303,,,,linked,infant_main,HC0,"2018,2019,2020,2021,2022,2023",1236303,1236303,10594,307169,929134,age45_revision/outputs/models/linked_infant_main/receipt.json,41f3c1373b27d9144221dd93c4a289e6b6a88fc0fef448938ec7efe5bec9c7c6,"Y ~ A * splines::ns(age, knots = c(21, 27, 35), Boundary.knots = c(15, 45), intercept = FALSE) + year_factor + race_ethnicity + prepreg_diabetes + prior_living4 + education4 + splines::ns(bmi, knots = c(19.6, 26.1, 37.8), Boundary.knots = c(13, 69.9), intercept = FALSE) + prior_preterm + prior_cesarean + nativity + prepreg_dose5",FALSE,FALSE,Observed linked death endpoint; unlinked deaths not corrected
risk0,0.00591742228966981,0.00563687103193258,0.00621184956259457,0.00014662461957314,1236303,5.91742228966981,5.63687103193258,6.21184956259457,linked,infant_main,model,"2018,2019,2020,2021,2022,2023",1236303,1236303,10594,307169,929134,age45_revision/outputs/models/linked_infant_main/receipt.json,41f3c1373b27d9144221dd93c4a289e6b6a88fc0fef448938ec7efe5bec9c7c6,"Y ~ A * splines::ns(age, knots = c(21, 27, 35), Boundary.knots = c(15, 45), intercept = FALSE) + year_factor + race_ethnicity + prepreg_diabetes + prior_living4 + education4 + splines::ns(bmi, knots = c(19.6, 26.1, 37.8), Boundary.knots = c(13, 69.9), intercept = FALSE) + prior_preterm + prior_cesarean + nativity + prepreg_dose5",FALSE,FALSE,Observed linked death endpoint; unlinked deaths not corrected
risk1,0.00938833315065205,0.00919292127127109,0.00958785866099624,0.00010074403899299,1236303,9.38833315065205,9.19292127127109,9.58785866099624,linked,infant_main,model,"2018,2019,2020,2021,2022,2023",1236303,1236303,10594,307169,929134,age45_revision/outputs/models/linked_infant_main/receipt.json,41f3c1373b27d9144221dd93c4a289e6b6a88fc0fef448938ec7efe5bec9c7c6,"Y ~ A * splines::ns(age, knots = c(21, 27, 35), Boundary.knots = c(15, 45), intercept = FALSE) + year_factor + race_ethnicity + prepreg_diabetes + prior_living4 + education4 + splines::ns(bmi, knots = c(19.6, 26.1, 37.8), Boundary.knots = c(13, 69.9), intercept = FALSE) + prior_preterm + prior_cesarean + nativity + prepreg_dose5",FALSE,FALSE,Observed linked death endpoint; unlinked deaths not corrected
rd,0.00347091086098224,0.00311566960389995,0.00382615211806452,0.000181248869818214,1236303,3.47091086098224,3.11566960389995,3.82615211806452,linked,infant_main,model,"2018,2019,2020,2021,2022,2023",1236303,1236303,10594,307169,929134,age45_revision/outputs/models/linked_infant_main/receipt.json,41f3c1373b27d9144221dd93c4a289e6b6a88fc0fef448938ec7efe5bec9c7c6,"Y ~ A * splines::ns(age, knots = c(21, 27, 35), Boundary.knots = c(15, 45), intercept = FALSE) + year_factor + race_ethnicity + prepreg_diabetes + prior_living4 + education4 + splines::ns(bmi, knots = c(19.6, 26.1, 37.8), Boundary.knots = c(13, 69.9), intercept = FALSE) + prior_preterm + prior_cesarean + nativity + prepreg_dose5",FALSE,FALSE,Observed linked death endpoint; unlinked deaths not corrected
rr,1.58655791171799,1.50360152210313,1.67409115396088,0.027400293883718,1236303,,,,linked,infant_main,model,"2018,2019,2020,2021,2022,2023",1236303,1236303,10594,307169,929134,age45_revision/outputs/models/linked_infant_main/receipt.json,41f3c1373b27d9144221dd93c4a289e6b6a88fc0fef448938ec7efe5bec9c7c6,"Y ~ A * splines::ns(age, knots = c(21, 27, 35), Boundary.knots = c(15, 45), intercept = FALSE) + year_factor + race_ethnicity + prepreg_diabetes + prior_living4 + education4 + splines::ns(bmi, knots = c(19.6, 26.1, 37.8), Boundary.knots = c(13, 69.9), intercept = FALSE) + prior_preterm + prior_cesarean + nativity + prepreg_dose5",FALSE,FALSE,Observed linked death endpoint; unlinked deaths not corrected
risk0,0.00285585002989749,0.00264028879954811,0.00308895582986131,0.000114341936171552,947691,2.85585002989749,2.64028879954811,3.08895582986131,linked,neonatal_later,HC0,"2019,2020,2021,2022,2023",947691,947691,3667,233241,714450,age45_revision/outputs/models/linked_neonatal_later/receipt.json,9a1621c0a22aeb66ec35be6513fb15b56cb4cb0cc0644a2756c6b74d7029a23d,"Y ~ A * splines::ns(age, knots = c(21, 27, 35), Boundary.knots = c(15, 45), intercept = FALSE) + year_factor + race_ethnicity + prepreg_diabetes + prior_living4 + education4 + splines::ns(bmi, knots = c(19.6, 26.1, 37.8), Boundary.knots = c(13, 69.9), intercept = FALSE) + prior_preterm + prior_cesarean + nativity + prepreg_dose5",FALSE,FALSE,Observed linked death endpoint; unlinked deaths not corrected
risk1,0.0041996154254439,0.00404955648652361,0.00435521057980213,7.7957505728256e-05,947691,4.1996154254439,4.04955648652361,4.35521057980213,linked,neonatal_later,HC0,"2019,2020,2021,2022,2023",947691,947691,3667,233241,714450,age45_revision/outputs/models/linked_neonatal_later/receipt.json,9a1621c0a22aeb66ec35be6513fb15b56cb4cb0cc0644a2756c6b74d7029a23d,"Y ~ A * splines::ns(age, knots = c(21, 27, 35), Boundary.knots = c(15, 45), intercept = FALSE) + year_factor + race_ethnicity + prepreg_diabetes + prior_living4 + education4 + splines::ns(bmi, knots = c(19.6, 26.1, 37.8), Boundary.knots = c(13, 69.9), intercept = FALSE) + prior_preterm + prior_cesarean + nativity + prepreg_dose5",FALSE,FALSE,Observed linked death endpoint; unlinked deaths not corrected
rd,0.00134376539554641,0.0010665087250427,0.00162102206605012,0.000141460084313117,947691,1.34376539554641,1.0665087250427,1.62102206605012,linked,neonatal_later,HC0,"2019,2020,2021,2022,2023",947691,947691,3667,233241,714450,age45_revision/outputs/models/linked_neonatal_later/receipt.json,9a1621c0a22aeb66ec35be6513fb15b56cb4cb0cc0644a2756c6b74d7029a23d,"Y ~ A * splines::ns(age, knots = c(21, 27, 35), Boundary.knots = c(15, 45), intercept = FALSE) + year_factor + race_ethnicity + prepreg_diabetes + prior_living4 + education4 + splines::ns(bmi, knots = c(19.6, 26.1, 37.8), Boundary.knots = c(13, 69.9), intercept = FALSE) + prior_preterm + prior_cesarean + nativity + prepreg_dose5",FALSE,FALSE,Observed linked death endpoint; unlinked deaths not corrected
rr,1.47053079870396,1.3465554514452,1.6059203708366,0.0449363404269547,947691,,,,linked,neonatal_later,HC0,"2019,2020,2021,2022,2023",947691,947691,3667,233241,714450,age45_revision/outputs/models/linked_neonatal_later/receipt.json,9a1621c0a22aeb66ec35be6513fb15b56cb4cb0cc0644a2756c6b74d7029a23d,"Y ~ A * splines::ns(age, knots = c(21, 27, 35), Boundary.knots = c(15, 45), intercept = FALSE) + year_factor + race_ethnicity + prepreg_diabetes + prior_living4 + education4 + splines::ns(bmi, knots = c(19.6, 26.1, 37.8), Boundary.knots = c(13, 69.9), intercept = FALSE) + prior_preterm + prior_cesarean + nativity + prepreg_dose5",FALSE,FALSE,Observed linked death endpoint; unlinked deaths not corrected
risk0,0.00285585002989749,0.00264071944310075,0.00308845231511905,0.000114104348103518,947691,2.85585002989749,2.64071944310075,3.08845231511905,linked,neonatal_later,model,"2019,2020,2021,2022,2023",947691,947691,3667,233241,714450,age45_revision/outputs/models/linked_neonatal_later/receipt.json,9a1621c0a22aeb66ec35be6513fb15b56cb4cb0cc0644a2756c6b74d7029a23d,"Y ~ A * splines::ns(age, knots = c(21, 27, 35), Boundary.knots = c(15, 45), intercept = FALSE) + year_factor + race_ethnicity + prepreg_diabetes + prior_living4 + education4 + splines::ns(bmi, knots = c(19.6, 26.1, 37.8), Boundary.knots = c(13, 69.9), intercept = FALSE) + prior_preterm + prior_cesarean + nativity + prepreg_dose5",FALSE,FALSE,Observed linked death endpoint; unlinked deaths not corrected
risk1,0.0041996154254439,0.00404969870904928,0.00435505767483479,7.78822656355617e-05,947691,4.1996154254439,4.04969870904928,4.35505767483479,linked,neonatal_later,model,"2019,2020,2021,2022,2023",947691,947691,3667,233241,714450,age45_revision/outputs/models/linked_neonatal_later/receipt.json,9a1621c0a22aeb66ec35be6513fb15b56cb4cb0cc0644a2756c6b74d7029a23d,"Y ~ A * splines::ns(age, knots = c(21, 27, 35), Boundary.knots = c(15, 45), intercept = FALSE) + year_factor + race_ethnicity + prepreg_diabetes + prior_living4 + education4 + splines::ns(bmi, knots = c(19.6, 26.1, 37.8), Boundary.knots = c(13, 69.9), intercept = FALSE) + prior_preterm + prior_cesarean + nativity + prepreg_dose5",FALSE,FALSE,Observed linked death endpoint; unlinked deaths not corrected
rd,0.00134376539554641,0.00106731110755553,0.00162021968353728,0.000141050697957468,947691,1.34376539554641,1.06731110755553,1.62021968353728,linked,neonatal_later,model,"2019,2020,2021,2022,2023",947691,947691,3667,233241,714450,age45_revision/outputs/models/linked_neonatal_later/receipt.json,9a1621c0a22aeb66ec35be6513fb15b56cb4cb0cc0644a2756c6b74d7029a23d,"Y ~ A * splines::ns(age, knots = c(21, 27, 35), Boundary.knots = c(15, 45), intercept = FALSE) + year_factor + race_ethnicity + prepreg_diabetes + prior_living4 + education4 + splines::ns(bmi, knots = c(19.6, 26.1, 37.8), Boundary.knots = c(13, 69.9), intercept = FALSE) + prior_preterm + prior_cesarean + nativity + prepreg_dose5",FALSE,FALSE,Observed linked death endpoint; unlinked deaths not corrected
rr,1.47053079870396,1.34689250090244,1.60551850165327,0.0448086474678375,947691,,,,linked,neonatal_later,model,"2019,2020,2021,2022,2023",947691,947691,3667,233241,714450,age45_revision/outputs/models/linked_neonatal_later/receipt.json,9a1621c0a22aeb66ec35be6513fb15b56cb4cb0cc0644a2756c6b74d7029a23d,"Y ~ A * splines::ns(age, knots = c(21, 27, 35), Boundary.knots = c(15, 45), intercept = FALSE) + year_factor + race_ethnicity + prepreg_diabetes + prior_living4 + education4 + splines::ns(bmi, knots = c(19.6, 26.1, 37.8), Boundary.knots = c(13, 69.9), intercept = FALSE) + prior_preterm + prior_cesarean + nativity + prepreg_dose5",FALSE,FALSE,Observed linked death endpoint; unlinked deaths not corrected
risk0,0.00276431110654003,0.00257885637689138,0.00296306292539033,9.79358262479157e-05,1236303,2.76431110654003,2.57885637689138,2.96306292539033,linked,neonatal_main,HC0,"2018,2019,2020,2021,2022,2023",1236303,1236303,4745,307169,929134,age45_revision/outputs/models/linked_neonatal_main/receipt.json,45a8a9b4d3fc3833d783fdb9bb6af1a003e5d84a93189f9d7f25860a9f4fc541,"Y ~ A * splines::ns(age, knots = c(21, 27, 35), Boundary.knots = c(15, 45), intercept = FALSE) + year_factor + race_ethnicity + prepreg_diabetes + prior_living4 + education4 + splines::ns(bmi, knots = c(19.6, 26.1, 37.8), Boundary.knots = c(13, 69.9), intercept = FALSE) + prior_preterm + prior_cesarean + nativity + prepreg_dose5",FALSE,FALSE,Observed linked death endpoint; unlinked deaths not corrected
risk1,0.00419458037480882,0.0040625905558831,0.00433083977379209,6.84207205412037e-05,1236303,4.19458037480882,4.0625905558831,4.33083977379209,linked,neonatal_main,HC0,"2018,2019,2020,2021,2022,2023",1236303,1236303,4745,307169,929134,age45_revision/outputs/models/linked_neonatal_main/receipt.json,45a8a9b4d3fc3833d783fdb9bb6af1a003e5d84a93189f9d7f25860a9f4fc541,"Y ~ A * splines::ns(age, knots = c(21, 27, 35), Boundary.knots = c(15, 45), intercept = FALSE) + year_factor + race_ethnicity + prepreg_diabetes + prior_living4 + education4 + splines::ns(bmi, knots = c(19.6, 26.1, 37.8), Boundary.knots = c(13, 69.9), intercept = FALSE) + prior_preterm + prior_cesarean + nativity + prepreg_dose5",FALSE,FALSE,Observed linked death endpoint; unlinked deaths not corrected
rd,0.00143026926826879,0.0011906655053136,0.00166987303122397,0.000122249064189521,1236303,1.43026926826879,1.1906655053136,1.66987303122397,linked,neonatal_main,HC0,"2018,2019,2020,2021,2022,2023",1236303,1236303,4745,307169,929134,age45_revision/outputs/models/linked_neonatal_main/receipt.json,45a8a9b4d3fc3833d783fdb9bb6af1a003e5d84a93189f9d7f25860a9f4fc541,"Y ~ A * splines::ns(age, knots = c(21, 27, 35), Boundary.knots = c(15, 45), intercept = FALSE) + year_factor + race_ethnicity + prepreg_diabetes + prior_living4 + education4 + splines::ns(bmi, knots = c(19.6, 26.1, 37.8), Boundary.knots = c(13, 69.9), intercept = FALSE) + prior_preterm + prior_cesarean + nativity + prepreg_dose5",FALSE,FALSE,Observed linked death endpoint; unlinked deaths not corrected
rr,1.51740531841186,1.40370351877389,1.64031711080685,0.0397393702847083,1236303,,,,linked,neonatal_main,HC0,"2018,2019,2020,2021,2022,2023",1236303,1236303,4745,307169,929134,age45_revision/outputs/models/linked_neonatal_main/receipt.json,45a8a9b4d3fc3833d783fdb9bb6af1a003e5d84a93189f9d7f25860a9f4fc541,"Y ~ A * splines::ns(age, knots = c(21, 27, 35), Boundary.knots = c(15, 45), intercept = FALSE) + year_factor + race_ethnicity + prepreg_diabetes + prior_living4 + education4 + splines::ns(bmi, knots = c(19.6, 26.1, 37.8), Boundary.knots = c(13, 69.9), intercept = FALSE) + prior_preterm + prior_cesarean + nativity + prepreg_dose5",FALSE,FALSE,Observed linked death endpoint; unlinked deaths not corrected
risk0,0.00276431110654003,0.0025794936968274,0.00296233111781003,9.75873807175579e-05,1236303,2.76431110654003,2.5794936968274,2.96233111781003,linked,neonatal_main,model,"2018,2019,2020,2021,2022,2023",1236303,1236303,4745,307169,929134,age45_revision/outputs/models/linked_neonatal_main/receipt.json,45a8a9b4d3fc3833d783fdb9bb6af1a003e5d84a93189f9d7f25860a9f4fc541,"Y ~ A * splines::ns(age, knots = c(21, 27, 35), Boundary.knots = c(15, 45), intercept = FALSE) + year_factor + race_ethnicity + prepreg_diabetes + prior_living4 + education4 + splines::ns(bmi, knots = c(19.6, 26.1, 37.8), Boundary.knots = c(13, 69.9), intercept = FALSE) + prior_preterm + prior_cesarean + nativity + prepreg_dose5",FALSE,FALSE,Observed linked death endpoint; unlinked deaths not corrected
risk1,0.00419458037480882,0.00406277740097944,0.00433064065424775,6.83223077446091e-05,1236303,4.19458037480882,4.06277740097944,4.33064065424775,linked,neonatal_main,model,"2018,2019,2020,2021,2022,2023",1236303,1236303,4745,307169,929134,age45_revision/outputs/models/linked_neonatal_main/receipt.json,45a8a9b4d3fc3833d783fdb9bb6af1a003e5d84a93189f9d7f25860a9f4fc541,"Y ~ A * splines::ns(age, knots = c(21, 27, 35), Boundary.knots = c(15, 45), intercept = FALSE) + year_factor + race_ethnicity + prepreg_diabetes + prior_living4 + education4 + splines::ns(bmi, knots = c(19.6, 26.1, 37.8), Boundary.knots = c(13, 69.9), intercept = FALSE) + prior_preterm + prior_cesarean + nativity + prepreg_dose5",FALSE,FALSE,Observed linked death endpoint; unlinked deaths not corrected
rd,0.00143026926826879,0.00119180791548112,0.00166873062105646,0.000121666191148728,1236303,1.43026926826879,1.19180791548112,1.66873062105646,linked,neonatal_main,model,"2018,2019,2020,2021,2022,2023",1236303,1236303,4745,307169,929134,age45_revision/outputs/models/linked_neonatal_main/receipt.json,45a8a9b4d3fc3833d783fdb9bb6af1a003e5d84a93189f9d7f25860a9f4fc541,"Y ~ A * splines::ns(age, knots = c(21, 27, 35), Boundary.knots = c(15, 45), intercept = FALSE) + year_factor + race_ethnicity + prepreg_diabetes + prior_living4 + education4 + splines::ns(bmi, knots = c(19.6, 26.1, 37.8), Boundary.knots = c(13, 69.9), intercept = FALSE) + prior_preterm + prior_cesarean + nativity + prepreg_dose5",FALSE,FALSE,Observed linked death endpoint; unlinked deaths not corrected
rr,1.51740531841186,1.40422080760834,1.63971284848445,0.0395513825067189,1236303,,,,linked,neonatal_main,model,"2018,2019,2020,2021,2022,2023",1236303,1236303,4745,307169,929134,age45_revision/outputs/models/linked_neonatal_main/receipt.json,45a8a9b4d3fc3833d783fdb9bb6af1a003e5d84a93189f9d7f25860a9f4fc541,"Y ~ A * splines::ns(age, knots = c(21, 27, 35), Boundary.knots = c(15, 45), intercept = FALSE) + year_factor + race_ethnicity + prepreg_diabetes + prior_living4 + education4 + splines::ns(bmi, knots = c(19.6, 26.1, 37.8), Boundary.knots = c(13, 69.9), intercept = FALSE) + prior_preterm + prior_cesarean + nativity + prepreg_dose5",FALSE,FALSE,Observed linked death endpoint; unlinked deaths not corrected
