source_id,type,year,expected_bytes,url,relative_path,mirror_url
fetal_zip_2018,fetal_zip,2018,2663640,https://ftp.cdc.gov/pub/Health_Statistics/NCHS/Datasets/DVS/fetaldeathus/Fetal2018US_COD.zip,data/raw/fetal_death/Fetal2018US_COD.zip,
fetal_zip_2019,fetal_zip,2019,2561768,https://ftp.cdc.gov/pub/Health_Statistics/NCHS/Datasets/DVS/fetaldeathus/Fetal2019US_COD.zip,data/raw/fetal_death/Fetal2019US_COD.zip,
fetal_zip_2020,fetal_zip,2020,2394147,https://ftp.cdc.gov/pub/Health_Statistics/NCHS/Datasets/DVS/fetaldeathus/Fetal2020US_COD.zip,data/raw/fetal_death/Fetal2020US_COD.zip,
fetal_zip_2021,fetal_zip,2021,2438276,https://ftp.cdc.gov/pub/Health_Statistics/NCHS/Datasets/DVS/fetaldeathus/Fetal2021US_COD.zip,data/raw/fetal_death/Fetal2021US_COD.zip,
fetal_zip_2022,fetal_zip,2022,2270485,https://ftp.cdc.gov/pub/Health_Statistics/NCHS/Datasets/DVS/fetaldeathus/Fetal2022US_COD.zip,data/raw/fetal_death/Fetal2022US_COD.zip,
fetal_zip_2023,fetal_zip,2023,2219550,https://ftp.cdc.gov/pub/Health_Statistics/NCHS/Datasets/DVS/fetaldeathus/Fetal2023US_COD.zip,data/raw/fetal_death/Fetal2023US_COD.zip,
fetal_zip_2024,fetal_zip,2024,1925286,https://ftp.cdc.gov/pub/Health_Statistics/NCHS/Datasets/DVS/fetaldeathus/Fetal2024US_COD.zip,data/raw/fetal_death/Fetal2024US_COD.zip,
linked_zip_2018,linked_zip,2018,451827431,https://ftp.cdc.gov/pub/Health_Statistics/NCHS/Datasets/DVS/period-cohort-linked/2018PE2017CO.zip,data/raw/linked_birth_infant_death/2018PE2017CO.zip,https://data.nber.org/nvss/period-cohort-linked/inputs/raw/2018/2018PE2017CO.zip
linked_zip_2019,linked_zip,2019,447265743,https://ftp.cdc.gov/pub/Health_Statistics/NCHS/Datasets/DVS/period-cohort-linked/2019PE2018CO.zip,data/raw/linked_birth_infant_death/2019PE2018CO.zip,https://data.nber.org/nvss/period-cohort-linked/inputs/raw/2019/2019PE2018CO.zip
linked_zip_2020,linked_zip,2020,438388388,https://ftp.cdc.gov/pub/Health_Statistics/NCHS/Datasets/DVS/period-cohort-linked/2020PE2019CO.zip,data/raw/linked_birth_infant_death/2020PE2019CO.zip,https://data.nber.org/nvss/period-cohort-linked/inputs/raw/2020/2020PE2019CO.zip
linked_zip_2021,linked_zip,2021,433532955,https://ftp.cdc.gov/pub/Health_Statistics/NCHS/Datasets/DVS/period-cohort-linked/2021PE2020CO.zip,data/raw/linked_birth_infant_death/2021PE2020CO.zip,https://data.nber.org/nvss/period-cohort-linked/inputs/raw/2021/2021PE2020CO.zip
linked_zip_2022,linked_zip,2022,437642448,https://ftp.cdc.gov/pub/Health_Statistics/NCHS/Datasets/DVS/period-cohort-linked/2022PE2021CO.zip,data/raw/linked_birth_infant_death/2022PE2021CO.zip,
linked_zip_2023,linked_zip,2023,434390502,https://ftp.cdc.gov/pub/Health_Statistics/NCHS/Datasets/DVS/period-cohort-linked/2023PE2022CO.zip,data/raw/linked_birth_infant_death/2023PE2022CO.zip,https://data.nber.org/nvss/period-cohort-linked/inputs/raw/2023/2023PE2022CO.zip
linked_zip_2024,linked_zip,2024,432493258,https://ftp.cdc.gov/pub/Health_Statistics/NCHS/Datasets/DVS/period-cohort-linked/2024PE2023CO.zip,data/raw/linked_birth_infant_death/2024PE2023CO.zip,https://data.nber.org/nvss/period-cohort-linked/inputs/raw/2024/2024PE2023CO.zip
fetal_guide_2018,fetal_guide,2018,1751923,https://ftp.cdc.gov/pub/Health_Statistics/NCHS/Dataset_Documentation/DVS/fetaldeath/2018FetalUserGuide.pdf,data/dictionaries/fetal_death/2018FetalUserGuide.pdf,
fetal_guide_2019,fetal_guide,2019,820522,https://ftp.cdc.gov/pub/Health_Statistics/NCHS/Dataset_Documentation/DVS/fetaldeath/2019FetalUserGuide.pdf,data/dictionaries/fetal_death/2019FetalUserGuide.pdf,
fetal_guide_2020,fetal_guide,2020,1057866,https://ftp.cdc.gov/pub/Health_Statistics/NCHS/Dataset_Documentation/DVS/fetaldeath/2020fetaluserguide.pdf,data/dictionaries/fetal_death/2020fetaluserguide.pdf,
fetal_guide_2021,fetal_guide,2021,1066595,https://ftp.cdc.gov/pub/Health_Statistics/NCHS/Dataset_Documentation/DVS/fetaldeath/2021fetaluserguide.pdf,data/dictionaries/fetal_death/2021fetaluserguide.pdf,
fetal_guide_2022,fetal_guide,2022,1092157,https://ftp.cdc.gov/pub/Health_Statistics/NCHS/Dataset_Documentation/DVS/fetaldeath/2022fetaluserguide.pdf,data/dictionaries/fetal_death/2022fetaluserguide.pdf,
fetal_guide_2023,fetal_guide,2023,1064197,https://ftp.cdc.gov/pub/Health_Statistics/NCHS/Dataset_Documentation/DVS/fetaldeath/2023fetaluserguide.pdf,data/dictionaries/fetal_death/2023fetaluserguide.pdf,
fetal_guide_2024,fetal_guide,2024,906615,https://ftp.cdc.gov/pub/Health_Statistics/NCHS/Dataset_Documentation/DVS/fetaldeath/2024fetaluserguide.pdf,data/dictionaries/fetal_death/2024fetaluserguide.pdf,
linked_guide_2018,linked_guide,2018,888120,https://ftp.cdc.gov/pub/Health_Statistics/NCHS/Dataset_Documentation/DVS/period-cohort-linked/18PE17CO_linkedUG.pdf,data/dictionaries/linked_birth_infant_death/18PE17CO_linkedUG.pdf,
linked_guide_2019,linked_guide,2019,603499,https://ftp.cdc.gov/pub/Health_Statistics/NCHS/Dataset_Documentation/DVS/period-cohort-linked/19PE18CO_linkedUG.pdf,data/dictionaries/linked_birth_infant_death/19PE18CO_linkedUG.pdf,
linked_guide_2020,linked_guide,2020,2073084,https://ftp.cdc.gov/pub/Health_Statistics/NCHS/Dataset_Documentation/DVS/period-cohort-linked/20PE19CO_linkedUG.pdf,data/dictionaries/linked_birth_infant_death/20PE19CO_linkedUG.pdf,
linked_guide_2021,linked_guide,2021,1400424,https://ftp.cdc.gov/pub/Health_Statistics/NCHS/Dataset_Documentation/DVS/period-cohort-linked/21PE20CO_linkedUG.pdf,data/dictionaries/linked_birth_infant_death/21PE20CO_linkedUG.pdf,
linked_guide_2022,linked_guide,2022,7542549,https://ftp.cdc.gov/pub/Health_Statistics/NCHS/Dataset_Documentation/DVS/period-cohort-linked/22PE21CO_linkedUG.pdf,data/dictionaries/linked_birth_infant_death/22PE21CO_linkedUG.pdf,
linked_guide_2023,linked_guide,2023,904447,https://ftp.cdc.gov/pub/Health_Statistics/NCHS/Dataset_Documentation/DVS/period-cohort-linked/23PE22CO_linkedUG.pdf,data/dictionaries/linked_birth_infant_death/23PE22CO_linkedUG.pdf,
linked_guide_2024,linked_guide,2024,1079044,https://ftp.cdc.gov/pub/Health_Statistics/NCHS/Dataset_Documentation/DVS/period-cohort-linked/24PE23CO_linkedUG.pdf,data/dictionaries/linked_birth_infant_death/24PE23CO_linkedUG.pdf,
