model_id,note,eligible_n,fit_n,events,A0,A1,reference_n,risk0_per1000,risk0_lower_per1000,risk0_upper_per1000,risk1_per1000,risk1_lower_per1000,risk1_upper_per1000,rr,rr_lower,rr_upper,rd_per1000,rd_lower_per1000,rd_upper_per1000,covariates,root_finding,elapsed_seconds,fitted_null_ages,n_roots,unique_regular_interior_root,full_95_fixed_null_age_set,simultaneous_strict_negative,simultaneous_strict_positive,simultaneous_reversal,omnibus_statistic,omnibus_df,omnibus_p,crossover_age,delta_lower,delta_upper,regular_delta,status
supp_3lvl_continued_vs_none,continued by T1 vs no early smoking; common reference,31362709,29576508,2447683,28095965,1480543,30076524,82.967867551339,82.8676409398977,83.068204405155,83.8915977564163,83.419506970996,84.3661143029713,1.01113358981422,1.00529427522013,1.01700682243189,0.923730205077369,0.438102373010561,1.40935803714418,year_factor; race_ethnicity; prepreg_diabetes; prior_living4; education4; bmi; prior_preterm; prior_cesarean; nativity,TRUE,771.391000032425,29.380,1,TRUE,"[29.074, 29.671]","[15.000, 28.851)","(29.866, 45.000]",TRUE,2021.6583009682,4,0,29.3800302864542,29.0822268750111,29.6778336978972,TRUE,regular_local_implicit_delta_secondary
supp_3lvl_stopped_vs_none,stopped by T1 vs no early smoking; common reference,31362709,28595981,2376159,28095965,500016,30076524,82.9790062113439,82.8787741828154,83.0793484777474,89.0537475199412,88.2709481864204,89.8428047592762,1.07320817139127,1.06368162620244,1.08282003822241,6.07474130859734,5.28172335464515,6.86775926254953,year_factor; race_ethnicity; prepreg_diabetes; prior_living4; education4; bmi; prior_preterm; prior_cesarean; nativity,TRUE,758.062875032425,21.255,1,TRUE,"[15.000, 17.329] U [18.928, 23.273]",Empty,"(24.394, 44.703)",FALSE,148.260785121204,4,4.80170226538134e-31,21.2553505901332,19.2670715428533,23.2436296374131,TRUE,regular_local_implicit_delta_secondary
supp_clean_broad,M2 with reference zero in every recorded window,31362709,29562280,2446562,28081737,1480543,29562280,82.8191722366701,82.7191724199877,82.9192820157475,83.7941686740172,83.3216910163732,84.2690792325096,1.01177259336233,1.00592206758281,1.01765714628272,0.974996437347123,0.489316478666243,1.460676396028,year_factor; race_ethnicity; prepreg_diabetes; prior_living4; education4; bmi; prior_preterm; prior_cesarean; nativity,TRUE,803.961811065674,29.381,1,TRUE,"[29.076, 29.671]","[15.000, 28.853)","(29.866, 45.000]",TRUE,2024.16279192849,4,0,29.3811659181766,29.0835568154018,29.6787750209515,TRUE,regular_local_implicit_delta_secondary
supp_clean_prepregnancy,M3 with reference zero in every recorded window,31362709,30066665,2495593,28082611,1984054,30066665,82.9647184808932,82.864470708746,83.0650765466418,85.4955008949484,85.0865849612086,85.9061975062656,1.0305043211186,1.02539918171553,1.03563487740203,2.53078241405522,2.10697577315907,2.95458905495136,year_factor; race_ethnicity; prepreg_diabetes; prior_living4; education4; bmi; prior_preterm; prior_cesarean; nativity,TRUE,829.087380886078,28.578,1,TRUE,"[28.229, 28.906]","[15.000, 27.976)","(29.124, 45.000]",TRUE,1886.57351533838,4,0,28.5775300876233,28.2386976513061,28.9163625239406,TRUE,regular_local_implicit_delta_secondary
supp_pdose_11_20,prepregnancy dose 11-20 vs 0,31362709,28777284,2384418,28113111,664173,30097165,82.9765147092056,82.8763125521252,83.0768270420988,84.4853626402282,83.7976599935068,85.1781843650007,1.01818403600477,1.00979383952305,1.02664394512906,1.50884793102263,0.810061636880723,2.20763422516453,year_factor; race_ethnicity; prepreg_diabetes; prior_living4; education4; bmi; prior_preterm; prior_cesarean; nativity,TRUE,786.681841135025,28.978,1,TRUE,"[28.530, 29.396]","(15.983, 28.201)","(29.671, 43.980)",TRUE,832.291439373608,4,7.77137854511781e-179,28.9784365663584,28.5459624253344,29.4109107073824,TRUE,regular_local_implicit_delta_secondary
supp_pdose_1_5,prepregnancy dose 1-5 vs 0,31362709,28647433,2376461,28113111,534322,30097165,82.9781171289302,82.8779148955275,83.0784295359526,87.8046159628249,87.026874134062,88.5886338842752,1.05816592375066,1.04870117403285,1.06771609483486,4.82649883389476,4.03840824615849,5.61458942163103,year_factor; race_ethnicity; prepreg_diabetes; prior_living4; education4; bmi; prior_preterm; prior_cesarean; nativity,TRUE,799.329812049866,26.493,1,TRUE,"[25.549, 27.479]","[15.000, 24.863)","(28.121, 45.000]",TRUE,449.801808938747,4,4.79397962246176e-96,26.4927307342038,25.5179353208082,27.4675261475995,TRUE,regular_local_implicit_delta_secondary
supp_pdose_21plus,prepregnancy dose 21+ vs 0,31362709,28234420,2339051,28113111,121309,30097165,82.9816933597926,82.8814874062072,83.0820094899137,81.9022333182137,80.3139783532768,83.5190446353839,0.986991588169953,0.96782544640402,1.00653728287238,-1.07946004157884,-2.68563230568557,0.526712222527882,year_factor; race_ethnicity; prepreg_diabetes; prior_living4; education4; bmi; prior_preterm; prior_cesarean; nativity,TRUE,778.285960912705,30.408,1,TRUE,"[29.132, 31.596]","(16.378, 28.061)","(32.667, 42.526)",TRUE,142.560398330833,4,7.98770788451962e-30,30.4077018456286,29.2440661370862,31.571337554171,TRUE,regular_local_implicit_delta_secondary
supp_pdose_6_10,prepregnancy dose 6-10 vs 0,31362709,28777361,2385072,28113111,664250,30097165,82.977014447542,82.8768124156976,83.0773266541874,84.6883571555911,84.005847036948,85.3758955309827,1.02062429842099,1.01229662506803,1.02902047950356,1.7113427080491,1.01782928890668,2.40485612719151,year_factor; race_ethnicity; prepreg_diabetes; prior_living4; education4; bmi; prior_preterm; prior_cesarean; nativity,TRUE,800.416588068008,29.148,1,TRUE,"[28.581, 29.654]","[15.000, 28.147)","(29.981, 45.000]",TRUE,620.684001518406,4,5.1691517209691e-133,29.1476308836183,28.6130858036413,29.6821759635953,TRUE,regular_local_implicit_delta_secondary
supp_preterm_broad,control outcome preterm <37 wk; broad population,30830035,29576508,2351936,28095965,1480543,29576508,77.8220274041873,77.7237574512486,77.9204111073324,110.182838876647,109.661434665586,110.706413937133,1.41583099993509,1.40886513742829,1.42283130380834,32.3608114724595,31.8271972687019,32.8944256762171,year_factor; race_ethnicity; prepreg_diabetes; prior_living4; education4; bmi; prior_preterm; prior_cesarean; nativity,TRUE,749.060707807541,"",0,FALSE,Empty,Empty,"[15.000, 45.000]",FALSE,845.69386323415,4,9.70778059868972e-182,,,,,
supp_preterm_prepregnancy,control outcome preterm <37 wk; prepregnancy population,31362709,30097165,2395589,28113111,1984054,30097165,77.9420468721117,77.8436079287332,78.0405997639279,102.473547689935,102.036391947554,102.912361696299,1.31474026924229,1.3088574468896,1.32064953267068,24.5315008178234,24.0803935995238,24.9826080361231,year_factor; race_ethnicity; prepreg_diabetes; prior_living4; education4; bmi; prior_preterm; prior_cesarean; nativity,TRUE,804.8656270504,"",0,FALSE,Empty,Empty,"[15.000, 45.000]",FALSE,1112.65304298695,4,1.36952917761905e-239,,,,,
supp_preterm_primary,control outcome preterm <37 wk; M1 population,2044364,1980559,221149,500016,1480543,1980559,88.0815932544805,87.2564215182733,88.9138083522923,119.078593352093,118.561629648724,119.597505321482,1.35191234572765,1.33771382863219,1.36626156612256,30.9970000976126,29.9983184591983,31.9956817360269,year_factor; race_ethnicity; prepreg_diabetes; prior_living4; education4; bmi; prior_preterm; prior_cesarean; nativity; prepreg_dose5,TRUE,53.857871055603,"",0,FALSE,Empty,Empty,"[15.000, 45.000]",FALSE,21.7110655335898,4,0.000228782655428374,,,,,
supp_race_broad_hisp,M2 within hisp,30830035,7422678,508024,7333013,89665,7422678,68.3092032956771,68.1294961458703,68.4893496254641,79.7505943128251,77.9739452398627,81.5641435791039,1.16749413644343,1.14133002233439,1.19425804277182,11.441391017148,9.63711199186774,13.2456700424283,year_factor; prepreg_diabetes; prior_living4; education4; bmi; prior_preterm; prior_cesarean; nativity,TRUE,151.037874937058,19.831,1,TRUE,"[15.000, 22.630]",Empty,"(23.734, 44.240)",FALSE,63.5432688072881,4,5.21497941794577e-13,19.8307177530421,15.8160965420228,23.8453389640615,TRUE,regular_local_implicit_delta_secondary
supp_race_broad_nhb,M2 within nhb,30830035,4055514,410213,3893877,161637,4055514,100.852115930739,100.558416180022,101.146577022392,107.105555738096,105.514331275333,108.717860282503,1.06200603477325,1.04592653416563,1.07833273279995,6.25343980735718,4.62289939136607,7.8839802233483,year_factor; prepreg_diabetes; prior_living4; education4; bmi; prior_preterm; prior_cesarean; nativity,TRUE,91.6751968860626,24.688,1,TRUE,"[22.379, 26.494]","(17.374, 21.042)","(27.713, 45.000]",TRUE,160.691881285763,4,1.03881262942548e-33,24.6882486594135,22.7572074802158,26.6192898386111,TRUE,regular_local_implicit_delta_secondary
supp_race_broad_nhw,M2 within nhw,30830035,15244019,1345928,14107373,1136646,15244019,88.4494191802931,88.3047342150967,88.5943181713357,90.1844357999183,89.5817155439426,90.790806853336,1.01961591874434,1.01257094060635,1.0267099124278,1.73501661962513,1.11045143091364,2.35958180833663,year_factor; prepreg_diabetes; prior_living4; education4; bmi; prior_preterm; prior_cesarean; nativity,TRUE,315.13301897049,29.736,1,TRUE,"[29.466, 29.995]","(15.205, 29.269)","(30.171, 45.000]",TRUE,2253.92573960845,4,0,29.7360055133847,29.4717574856021,30.0002535411673,TRUE,regular_local_implicit_delta_secondary
supp_race_broad_other,M2 within other,30830035,2854297,183518,2761702,92595,2854297,64.0928908646567,63.8090063974544,64.3779514750052,71.9396406469982,70.2053658919782,73.7133605381446,1.12242777126267,1.09489184964296,1.15065620601022,7.84674978234157,6.06623272984487,9.62726683483826,year_factor; prepreg_diabetes; prior_living4; education4; bmi; prior_preterm; prior_cesarean; nativity,TRUE,69.4112048149109,23.109,1,TRUE,"[15.000, 16.910] U [20.909, 24.802] U [42.990, 45.000]",Empty,"(26.100, 41.072)",FALSE,62.808578608957,4,7.44548422577736e-13,23.1092124549664,21.1029901701322,25.1154347398006,TRUE,regular_local_implicit_delta_secondary
supp_race_primary_hisp,M1 within hisp,2044364,148900,11866,59235,89665,148900,77.4069909957825,75.2901480535532,79.5782288139611,81.0108009736992,79.202600809741,82.8565678193488,1.04655664729447,1.00886714592528,1.08565416211636,3.60380997791666,0.710690675798762,6.49692928003457,year_factor; prepreg_diabetes; prior_living4; education4; bmi; prior_preterm; prior_cesarean; nativity; prepreg_dose5,TRUE,3.53717398643494,24.209,1,TRUE,"[15.000, 28.807] U [41.338, 45.000]",Empty,Empty,FALSE,11.2452435880043,4,0.0239417744455416,24.2086179513494,20.3544532408033,28.0627826618956,TRUE,regular_local_implicit_delta_secondary
supp_race_primary_nhb,M1 within nhb,2044364,220745,22969,59108,161637,220745,103.610979831424,101.190191233884,106.082846106278,104.082439108415,102.604470305369,105.579192634997,1.00455028296961,0.976872725624118,1.03301202351576,0.471459276991548,-2.42692568204236,3.36984423602545,year_factor; prepreg_diabetes; prior_living4; education4; bmi; prior_preterm; prior_cesarean; nativity; prepreg_dose5,TRUE,4.91756415367127,22.404; 26.758; 28.763; 42.996,4,FALSE,"[20.297, 45.000]",Empty,Empty,FALSE,11.0446544170889,4,0.0260667176956883,22.4042354700399,18.595826051661,26.2126448884189,TRUE,regular_local_implicit_delta_secondary
supp_race_primary_nhw,M1 within nhw,2044364,1482055,122752,345409,1136646,1482055,88.1980864015324,87.2713476614124,89.1337051820815,80.8491950805596,80.3414233671809,81.3598920887793,0.916677428946518,0.905187503015709,0.928313201342789,-7.34889132097286,-8.43663495773926,-6.26114768420645,year_factor; prepreg_diabetes; prior_living4; education4; bmi; prior_preterm; prior_cesarean; nativity; prepreg_dose5,TRUE,32.7398219108582,32.621,1,TRUE,"[15.000, 16.067] U [31.754, 33.780] U [43.763, 45.000]","(17.028, 31.219)","(34.878, 40.906)",TRUE,238.301540389852,4,2.1537959148997e-50,32.6213569512211,31.6466316671527,33.5960822352895,TRUE,regular_local_implicit_delta_secondary
supp_race_primary_other,M1 within other,2044364,128859,11205,36264,92595,128859,86.5277792344967,83.6793819747111,89.4636679368134,87.0459584468167,85.2259432321633,88.9010631991265,1.00598858790673,0.96602913968282,1.04760094434714,0.51817921232003,-2.99518704681102,4.03154547145108,year_factor; prepreg_diabetes; prior_living4; education4; bmi; prior_preterm; prior_cesarean; nativity; prepreg_dose5,TRUE,2.92910695075989,28.419; 41.021,2,FALSE,"[15.000, 31.340] U [37.514, 45.000]",Empty,Empty,FALSE,9.90808004678511,4,0.0420048564038552,28.4193418647493,25.0399312544826,31.7987524750161,TRUE,regular_local_implicit_delta_secondary
supp_strict_continued_vs_stopped,continued vs stopped with no later positive report (missing = not positive),2044364,1958898,167206,478355,1480543,1980559,89.3806795416236,88.5803817233048,90.1874923427834,83.7375402894845,83.2856896964876,84.1916171707416,0.936863992519646,0.926822250761754,0.947014532461279,-5.64313925213904,-6.58976983236837,-4.6965086719097,year_factor; race_ethnicity; prepreg_diabetes; prior_living4; education4; bmi; prior_preterm; prior_cesarean; nativity; prepreg_dose5,TRUE,52.51176404953,32.191,1,TRUE,"[15.000, 15.214] U [31.339, 33.299] U [42.722, 45.000]","(16.571, 30.785)","(34.404, 40.504)",TRUE,228.405800623443,4,2.90920275488713e-48,32.1908900306866,31.2547148285788,33.1270652327943,TRUE,regular_local_implicit_delta_secondary
supp_strict_relapse_vs_stopped,T1 zero then later positive vs strict stopped; exposed arm requires a later report (bias illustration),2044364,500016,48634,478355,21661,1980559,90.4312272675115,89.5375892043001,91.3328896551334,74.2735277118781,70.8139947009679,77.8879048961832,0.821326105551613,0.782278431246246,0.86232285681955,-16.1576995556335,-19.812822605186,-12.502576506081,year_factor; race_ethnicity; prepreg_diabetes; prior_living4; education4; bmi; prior_preterm; prior_cesarean; nativity; prepreg_dose5,FALSE,19.8001029491425,16 to 17,,,,Bonferroni ages 20-34,none,,,,,,,,,
supp_t1change_reduced,T1 dose reduced vs stopped,2044364,1027546,91390,500016,527530,1980559,89.1165277310572,88.3041293258635,89.9356629141772,82.7182111665288,81.9206006319969,83.5228810418176,0.928202806735943,0.91533452306626,0.941251999920597,-6.39831656452838,-7.59616862263564,-5.20046450642113,year_factor; race_ethnicity; prepreg_diabetes; prior_living4; education4; bmi; prior_preterm; prior_cesarean; nativity; prepreg_dose5,TRUE,30.6259109973908,33.904,1,TRUE,"[15.000, 15.117] U [32.386, 36.414] U [40.241, 45.000]","(16.824, 31.565)",Empty,FALSE,101.171330032566,4,5.53928682609727e-21,33.9036895817919,32.0060239293643,35.8013552342195,TRUE,regular_local_implicit_delta_secondary
supp_t1change_same_or_more,T1 dose same_or_more vs stopped,2044364,1453029,126036,500016,953013,1980559,88.8630823870234,88.0728212211151,89.6597372537195,83.9335992895539,83.3621736160567,84.508580813427,0.944527210118593,0.933798069396969,0.955379626379541,-4.92948309746949,-5.92400816068369,-3.93495803425529,year_factor; race_ethnicity; prepreg_diabetes; prior_living4; education4; bmi; prior_preterm; prior_cesarean; nativity; prepreg_dose5,TRUE,39.5247340202332,31.472,1,TRUE,"[15.000, 15.522] U [30.672, 32.398] U [42.794, 45.000]","(16.803, 30.107)","(33.271, 40.822)",TRUE,232.40554986814,4,4.00602779840819e-49,31.4715323352046,30.6410584669878,32.3020062034213,TRUE,regular_local_implicit_delta_secondary
supp_t1dose_11_20,T1 dose 11-20 vs 0; adjusted for prepregnancy dose,2044364,870367,78017,500016,370351,1980559,89.4560369895068,88.6235098498349,90.2956100210174,81.4513877428943,80.191983747341,82.7287915745163,0.910518624388073,0.892706853567435,0.928685785310735,-8.00464924661251,-9.66245444701784,-6.34684404620718,year_factor; race_ethnicity; prepreg_diabetes; prior_living4; education4; bmi; prior_preterm; prior_cesarean; nativity; prepreg_dose5,TRUE,27.2390949726105,32.748; 41.436,2,FALSE,"[15.000, 16.331] U [31.691, 34.377] U [38.727, 45.000]","(17.471, 31.038)",Empty,FALSE,148.710052628486,4,3.84710992527699e-31,32.7477546881682,31.5306594212488,33.9648499550876,TRUE,regular_local_implicit_delta_secondary
supp_t1dose_1_5,T1 dose 1-5 vs 0; adjusted for prepregnancy dose,2044364,988131,90110,500016,488115,1980559,89.2679423188544,88.4524778398385,90.0901817431685,85.9927681740449,85.1140585180226,86.8796880758938,0.963310746727969,0.95092178240406,0.975861119108629,-3.27517414480946,-4.40704109467676,-2.14330719494217,year_factor; race_ethnicity; prepreg_diabetes; prior_living4; education4; bmi; prior_preterm; prior_cesarean; nativity; prepreg_dose5,TRUE,30.5110800266266,31.637,1,TRUE,"[30.319, 33.257] U [44.789, 45.000]","(16.699, 29.232)","(34.900, 41.022)",TRUE,103.800656530668,4,1.5255701846907e-21,31.6368694395647,30.2875121154166,32.9862267637129,TRUE,regular_local_implicit_delta_secondary
supp_t1dose_21plus,T1 dose 21+ vs 0; adjusted for prepregnancy dose,2044364,542471,52020,500016,42455,1980559,89.6285948883572,88.7735167857711,90.4910913008621,81.8367321045137,78.0185018580932,85.8244321360904,0.913064990101103,0.868959648537654,0.959408963985054,-7.79186278384356,-11.8654787255603,-3.71824684212681,year_factor; race_ethnicity; prepreg_diabetes; prior_living4; education4; bmi; prior_preterm; prior_cesarean; nativity; prepreg_dose5,TRUE,19.9110169410706,31.179,1,TRUE,"[15.000, 17.398] U [27.619, 45.000]","(18.365, 26.390)",Empty,FALSE,46.6540165811895,4,1.80010452341518e-09,31.1790794871052,25.2618189176404,37.09634005657,TRUE,regular_local_implicit_delta_secondary
supp_t1dose_6_10,T1 dose 6-10 vs 0; adjusted for prepregnancy dose,2044364,1079638,94547,500016,579622,1980559,89.4911121579774,88.6696380323814,90.3194425223777,81.7470870938519,80.9236498811148,82.5781503440936,0.913465986985891,0.900356026294045,0.926766840018458,-7.74402506412553,-8.97805095468763,-6.50999917356342,year_factor; race_ethnicity; prepreg_diabetes; prior_living4; education4; bmi; prior_preterm; prior_cesarean; nativity; prepreg_dose5,TRUE,32.5234899520874,33.464,1,TRUE,"[15.000, 15.605] U [32.217, 35.358] U [41.867, 45.000]","(16.800, 31.508)","(37.600, 38.525)",TRUE,185.301417549802,4,5.41775676653849e-39,33.4640755342122,31.9695332914194,34.9586177770051,TRUE,regular_local_implicit_delta_secondary
supp_t3_through_vs_none,all four windows positive vs all four zero; conditions on reaching the third trimester by design,31362709,29176753,2408574,28007453,1169300,29176753,82.6759558904172,82.5759982495421,82.77602361205,81.5397377290061,81.0146661570213,82.067908485228,0.98625696976619,0.979783271233053,0.992773441812541,-1.13621816141109,-1.67347262784549,-0.598963694976687,year_factor; race_ethnicity; prepreg_diabetes; prior_living4; education4; bmi; prior_preterm; prior_cesarean; nativity,TRUE,743.984747886658,30.060,1,TRUE,"[29.764, 30.347]","[15.000, 29.549)","(30.543, 45.000]",TRUE,1978.21255174824,4,0,30.0603748023581,29.7695654768071,30.3511841279091,TRUE,regular_local_implicit_delta_secondary
supp_timing_stopped_by_T1,stopped_by_T1 vs continued through delivery; conditions on post-onset fields by design,2044364,1647655,137618,1169300,478355,1980559,81.4421235396604,80.9250638274903,81.9621923155219,89.7035428808387,88.891187383984,90.5225847032119,1.10143914453747,1.08875559563925,1.11427045149388,8.26141934117823,7.25442337064759,9.26841531170887,year_factor; race_ethnicity; prepreg_diabetes; prior_living4; education4; bmi; prior_preterm; prior_cesarean; nativity; prepreg_dose5,TRUE,47.5764899253845,33.094,1,TRUE,"[32.168, 34.406] U [42.417, 45.000]","(35.699, 40.007)","(16.165, 31.625)",TRUE,300.873616653338,4,7.02030072986084e-64,33.0940719596987,32.0231690742769,34.1649748451205,TRUE,regular_local_implicit_delta_secondary
supp_timing_stopped_in_T2,stopped_in_T2 vs continued through delivery; conditions on post-onset fields by design,2044364,1382467,111264,1169300,213167,1980559,81.6782417999505,81.1539008988473,82.2056674096558,91.2760487345058,90.0968966319614,92.4690648003235,1.11750751146263,1.10117726890671,1.13407992830735,9.59780693455531,8.28212407774912,10.9134897913615,year_factor; race_ethnicity; prepreg_diabetes; prior_living4; education4; bmi; prior_preterm; prior_cesarean; nativity; prepreg_dose5,TRUE,40.7957799434662,38.338,1,TRUE,"[15.000, 16.662] U [34.841, 45.000]",Empty,"(17.479, 33.340)",FALSE,80.0247260913083,4,1.72094231988069e-16,38.3381705216886,33.5793769279178,43.0969641154593,TRUE,regular_local_implicit_delta_secondary
supp_timing_stopped_in_T3,stopped_in_T3 vs continued through delivery; conditions on post-onset fields by design,2044364,1258423,98784,1169300,89123,1980559,81.7972981028828,81.2683761229609,82.3293540048196,89.8326407336296,88.014114021248,91.6849639774424,1.09823481725081,1.07498169877723,1.12199092802589,8.03534263074675,6.12773900337708,9.94294625811641,year_factor; race_ethnicity; prepreg_diabetes; prior_living4; education4; bmi; prior_preterm; prior_cesarean; nativity; prepreg_dose5,TRUE,38.1553747653961,"",0,FALSE,"[15.000, 17.520] U [35.225, 45.000]",Empty,"(18.457, 32.147)",FALSE,15.0007389764096,4,0.00469968470549899,,,,,
