"model_id","label","contrast_group","family","covariance","fit_n","reference_n","fitted_null_ages","n_isolated_roots","has_zero_intervals","unique_regular_interior_root","full_95_fixed_null_age_set","fixed_null_age_set_components","full_95_simultaneous_outer_set","simultaneous_outer_set_components","simultaneous_strict_negative_intervals","simultaneous_strict_positive_intervals","simultaneous_reversal","omnibus_age_interaction_statistic","omnibus_df","omnibus_p","omnibus_log_p","age_knots","comparison","formula"
"broad_main","Broader early-smoking comparison,2016-2024","broader_early_smoking","original_16_models","HC0",29547867,29547867,"29.380776",1,FALSE,TRUE,"[29.074, 29.672]",1,"[28.850, 29.868]",1,"[15.000, 28.850)","(29.868, 44.000]",TRUE,2021.8471417313,4,0,-1004.00396254151,"21,27,35","Changed population/model; descriptive stability only","Y ~ A * splines::ns(age, knots = c(21, 27, 35), Boundary.knots = c(15, 44), intercept = FALSE) + year_factor + race_ethnicity + prepreg_diabetes + prior_living4 + education4 + splines::ns(bmi, knots = c(19.6, 26.1, 37.8), Boundary.knots = c(13, 69.9), intercept = FALSE) + prior_preterm + prior_cesarean + nativity"
"broad_main","Broader early-smoking comparison,2016-2024","broader_early_smoking","original_16_models","model",29547867,29547867,"29.380776",1,FALSE,TRUE,"[29.076, 29.670]",1,"[28.853, 29.865]",1,"[15.000, 28.853)","(29.865, 44.000]",TRUE,2061.70764035319,4,0,-1023.9147078877,"21,27,35","Changed population/model; descriptive stability only","Y ~ A * splines::ns(age, knots = c(21, 27, 35), Boundary.knots = c(15, 44), intercept = FALSE) + year_factor + race_ethnicity + prepreg_diabetes + prior_living4 + education4 + splines::ns(bmi, knots = c(19.6, 26.1, 37.8), Boundary.knots = c(13, 69.9), intercept = FALSE) + prior_preterm + prior_cesarean + nativity"
"primary_main","Within-smoker full adjustment,2016-2024","within_prepregnancy_smokers","original_16_models","HC0",1979858,1979858,"31.809667",1,FALSE,TRUE,"[15.000, 15.090] U [30.997, 32.816] U [42.707, 44.000]",3,"[15.000, 16.559] U [30.446, 33.796] U [40.560, 44.000]",3,"(16.559, 30.446)","(33.796, 40.560)",TRUE,225.200302462264,4,1.42480217159769e-47,-107.867466393586,"21,27,35","Reference full-main complete-case analysis","Y ~ A * splines::ns(age, knots = c(21, 27, 35), Boundary.knots = c(15, 44), intercept = FALSE) + year_factor + race_ethnicity + prepreg_diabetes + prior_living4 + education4 + splines::ns(bmi, knots = c(19.6, 26.1, 37.8), Boundary.knots = c(13, 69.9), intercept = FALSE) + prior_preterm + prior_cesarean + nativity + prepreg_dose5"
"primary_main","Within-smoker full adjustment,2016-2024","within_prepregnancy_smokers","original_16_models","model",1979858,1979858,"31.809667",1,FALSE,TRUE,"[15.000, 15.122] U [31.000, 32.807] U [42.777, 44.000]",3,"[15.000, 16.585] U [30.451, 33.779] U [40.625, 44.000]",3,"(16.585, 30.451)","(33.779, 40.625)",TRUE,226.988915304153,4,5.87175301338962e-48,-108.753931235039,"21,27,35","Reference full-main complete-case analysis","Y ~ A * splines::ns(age, knots = c(21, 27, 35), Boundary.knots = c(15, 44), intercept = FALSE) + year_factor + race_ethnicity + prepreg_diabetes + prior_living4 + education4 + splines::ns(bmi, knots = c(19.6, 26.1, 37.8), Boundary.knots = c(13, 69.9), intercept = FALSE) + prior_preterm + prior_cesarean + nativity + prepreg_dose5"
"primary_core_same_cc","Core adjustment, same primary CC records","within_prepregnancy_smokers","original_16_models","HC0",1979858,1979858,"32.966731",1,FALSE,TRUE,"[15.000, 15.233] U [32.153, 34.065] U [42.280, 44.000]",3,"[15.000, 16.508] U [31.667, 35.114] U [40.130, 44.000]",3,"(16.508, 31.667)","(35.114, 40.130)",TRUE,260.364434039995,4,3.8058921094927e-55,-125.30562969368,"21,27,35","Same records/reference; adjustment differs; no paired root-difference CI","Y ~ A * splines::ns(age, knots = c(21, 27, 35), Boundary.knots = c(15, 44), intercept = FALSE) + year_factor + race_ethnicity + prepreg_diabetes + prior_living4 + prepreg_dose5"
"primary_core_same_cc","Core adjustment, same primary CC records","within_prepregnancy_smokers","original_16_models","model",1979858,1979858,"32.966731",1,FALSE,TRUE,"[15.000, 15.265] U [32.158, 34.058] U [42.324, 44.000]",3,"[15.000, 16.537] U [31.674, 35.101] U [40.175, 44.000]",3,"(16.537, 31.674)","(35.101, 40.175)",TRUE,261.994610784895,4,1.69495506627594e-55,-126.114523883763,"21,27,35","Same records/reference; adjustment differs; no paired root-difference CI","Y ~ A * splines::ns(age, knots = c(21, 27, 35), Boundary.knots = c(15, 44), intercept = FALSE) + year_factor + race_ethnicity + prepreg_diabetes + prior_living4 + prepreg_dose5"
"primary_augmented_same_cc","Core plus BMI/education, same primary CC records","within_prepregnancy_smokers","original_16_models","HC0",1979858,1979858,"31.549487",1,FALSE,TRUE,"[15.000, 15.071] U [30.769, 32.467] U [43.560, 44.000]",3,"[15.000, 16.548] U [30.224, 33.323] U [41.153, 44.000]",3,"(16.548, 30.224)","(33.323, 41.153)",TRUE,242.914051460904,4,2.18709498045958e-51,-116.649265572379,"21,27,35","Same records/reference; adjustment differs; no paired root-difference CI","Y ~ A * splines::ns(age, knots = c(21, 27, 35), Boundary.knots = c(15, 44), intercept = FALSE) + year_factor + race_ethnicity + prepreg_diabetes + prior_living4 + education4 + splines::ns(bmi, knots = c(19.6, 26.1, 37.8), Boundary.knots = c(13, 69.9), intercept = FALSE) + prepreg_dose5"
"primary_augmented_same_cc","Core plus BMI/education, same primary CC records","within_prepregnancy_smokers","original_16_models","model",1979858,1979858,"31.549487",1,FALSE,TRUE,"[15.000, 15.103] U [30.772, 32.461] U [43.635, 44.000]",3,"[15.000, 16.574] U [30.227, 33.308] U [41.218, 44.000]",3,"(16.574, 30.227)","(33.308, 41.218)",TRUE,244.812616751732,4,8.53007958395522e-52,-117.590826144341,"21,27,35","Same records/reference; adjustment differs; no paired root-difference CI","Y ~ A * splines::ns(age, knots = c(21, 27, 35), Boundary.knots = c(15, 44), intercept = FALSE) + year_factor + race_ethnicity + prepreg_diabetes + prior_living4 + education4 + splines::ns(bmi, knots = c(19.6, 26.1, 37.8), Boundary.knots = c(13, 69.9), intercept = FALSE) + prepreg_dose5"
"primary_core_available","Core-available fitting records, fixed main CC reference","within_prepregnancy_smokers","original_16_models","HC0",2031291,1979858,"32.746832",1,FALSE,TRUE,"[15.000, 15.238] U [31.997, 33.731] U [42.196, 44.000]",3,"[15.000, 16.510] U [31.540, 34.663] U [40.253, 44.000]",3,"(16.510, 31.540)","(34.663, 40.253)",TRUE,276.94607568834,4,1.01487845338465e-58,-133.535166538691,"21,27,35","Changed population/model; descriptive stability only","Y ~ A * splines::ns(age, knots = c(21, 27, 35), Boundary.knots = c(15, 44), intercept = FALSE) + year_factor + race_ethnicity + prepreg_diabetes + prior_living4 + prepreg_dose5"
"primary_core_available","Core-available fitting records, fixed main CC reference","within_prepregnancy_smokers","original_16_models","model",2031291,1979858,"32.746832",1,FALSE,TRUE,"[15.000, 15.272] U [32.002, 33.724] U [42.237, 44.000]",3,"[15.000, 16.540] U [31.548, 34.651] U [40.295, 44.000]",3,"(16.540, 31.548)","(34.651, 40.295)",TRUE,278.549753947609,4,4.57793222739851e-59,-134.331273069204,"21,27,35","Changed population/model; descriptive stability only","Y ~ A * splines::ns(age, knots = c(21, 27, 35), Boundary.knots = c(15, 44), intercept = FALSE) + year_factor + race_ethnicity + prepreg_diabetes + prior_living4 + prepreg_dose5"
"primary_recent","Full adjustment,2018-2024","within_prepregnancy_smokers","original_16_models","HC0",1329552,1329552,"31.682283",1,FALSE,TRUE,"[30.825, 32.720] U [41.640, 44.000]",2,"[15.000, 16.764] U [30.218, 33.758] U [39.937, 44.000]",3,"(16.764, 30.218)","(33.758, 39.937)",TRUE,159.475615425167,4,1.89403091805878e-33,-75.3466007499602,"21,27,35","Changed population/model; descriptive stability only","Y ~ A * splines::ns(age, knots = c(21, 27, 35), Boundary.knots = c(15, 44), intercept = FALSE) + year_factor + race_ethnicity + prepreg_diabetes + prior_living4 + education4 + splines::ns(bmi, knots = c(19.6, 26.1, 37.8), Boundary.knots = c(13, 69.9), intercept = FALSE) + prior_preterm + prior_cesarean + nativity + prepreg_dose5"
"primary_recent","Full adjustment,2018-2024","within_prepregnancy_smokers","original_16_models","model",1329552,1329552,"31.682283",1,FALSE,TRUE,"[30.828, 32.712] U [41.696, 44.000]",2,"[15.000, 16.780] U [30.221, 33.740] U [39.997, 44.000]",3,"(16.780, 30.221)","(33.740, 39.997)",TRUE,160.653331666155,4,1.05877882437866e-33,-75.928191877275,"21,27,35","Changed population/model; descriptive stability only","Y ~ A * splines::ns(age, knots = c(21, 27, 35), Boundary.knots = c(15, 44), intercept = FALSE) + year_factor + race_ethnicity + prepreg_diabetes + prior_living4 + education4 + splines::ns(bmi, knots = c(19.6, 26.1, 37.8), Boundary.knots = c(13, 69.9), intercept = FALSE) + prior_preterm + prior_cesarean + nativity + prepreg_dose5"
"primary_historical","Full adjustment,2014-2015 historical sensitivity","within_prepregnancy_smokers","original_16_models","HC0",725610,725610,"35.199749; 42.464888",2,FALSE,FALSE,"[15.000, 15.750] U [32.279, 44.000]",2,"[15.000, 17.070] U [31.152, 44.000]",2,"(17.070, 31.152)","Empty set",FALSE,47.695928663962,4,1.09207257520248e-09,-20.635188501024,"21,27,35","Changed population/model; descriptive stability only","Y ~ A * splines::ns(age, knots = c(21, 27, 35), Boundary.knots = c(15, 44), intercept = FALSE) + year_factor + race_ethnicity + prepreg_diabetes + prior_living4 + education4 + splines::ns(bmi, knots = c(19.6, 26.1, 37.8), Boundary.knots = c(13, 69.9), intercept = FALSE) + prior_preterm + prior_cesarean + nativity + prepreg_dose5"
"primary_historical","Full adjustment,2014-2015 historical sensitivity","within_prepregnancy_smokers","original_16_models","model",725610,725610,"35.199749; 42.464888",2,FALSE,FALSE,"[15.000, 15.741] U [32.294, 44.000]",2,"[15.000, 17.063] U [31.170, 44.000]",2,"(17.063, 31.170)","Empty set",FALSE,48.1664011137646,4,8.71328345019814e-10,-20.8610022353488,"21,27,35","Changed population/model; descriptive stability only","Y ~ A * splines::ns(age, knots = c(21, 27, 35), Boundary.knots = c(15, 44), intercept = FALSE) + year_factor + race_ethnicity + prepreg_diabetes + prior_living4 + education4 + splines::ns(bmi, knots = c(19.6, 26.1, 37.8), Boundary.knots = c(13, 69.9), intercept = FALSE) + prior_preterm + prior_cesarean + nativity + prepreg_dose5"
"primary_oe28","Full adjustment,2016-2024 OE>=28 sensitivity","within_prepregnancy_smokers","original_16_models","HC0",1967262,1967262,"31.829690",1,FALSE,TRUE,"[15.000, 15.074] U [30.987, 32.881] U [43.004, 44.000]",3,"[15.000, 16.553] U [30.416, 33.916] U [40.660, 44.000]",3,"(16.553, 30.416)","(33.916, 40.660)",TRUE,219.940165640669,4,1.93110445986147e-46,-105.260822179491,"21,27,35","Changed population/model; descriptive stability only","Y ~ A * splines::ns(age, knots = c(21, 27, 35), Boundary.knots = c(15, 44), intercept = FALSE) + year_factor + race_ethnicity + prepreg_diabetes + prior_living4 + education4 + splines::ns(bmi, knots = c(19.6, 26.1, 37.8), Boundary.knots = c(13, 69.9), intercept = FALSE) + prior_preterm + prior_cesarean + nativity + prepreg_dose5"
"primary_oe28","Full adjustment,2016-2024 OE>=28 sensitivity","within_prepregnancy_smokers","original_16_models","model",1967262,1967262,"31.829690",1,FALSE,TRUE,"[15.000, 15.105] U [30.991, 32.873] U [43.081, 44.000]",3,"[15.000, 16.578] U [30.420, 33.898] U [40.728, 44.000]",3,"(16.578, 30.420)","(33.898, 40.728)",TRUE,221.682066291338,4,8.14614444598557e-47,-106.123954629514,"21,27,35","Changed population/model; descriptive stability only","Y ~ A * splines::ns(age, knots = c(21, 27, 35), Boundary.knots = c(15, 44), intercept = FALSE) + year_factor + race_ethnicity + prepreg_diabetes + prior_living4 + education4 + splines::ns(bmi, knots = c(19.6, 26.1, 37.8), Boundary.knots = c(13, 69.9), intercept = FALSE) + prior_preterm + prior_cesarean + nativity + prepreg_dose5"
"all_years_shared_core_live","all_years shared_core live","within_prepregnancy_smokers","original_16_models","HC0",1363503,1363503,"32.806155",1,FALSE,TRUE,"[31.997, 33.897] U [41.351, 44.000]",2,"[15.000, 16.716] U [31.503, 34.983] U [39.634, 44.000]",3,"(16.716, 31.503)","(34.983, 39.634)",TRUE,186.446172089691,4,3.07528570231616e-39,-88.677420818503,"21,27,35","Shared live reference within tier/period; root differences descriptive here; overlapping fits not independent","Y ~ A * splines::ns(age, knots = c(21, 27, 35), Boundary.knots = c(15, 44), intercept = FALSE) + year_factor + race_ethnicity + prepreg_diabetes + prior_living4 + prepreg_dose5"
"all_years_shared_core_live","all_years shared_core live","within_prepregnancy_smokers","original_16_models","model",1363503,1363503,"32.806155",1,FALSE,TRUE,"[32.002, 33.889] U [41.388, 44.000]",2,"[15.000, 16.741] U [31.510, 34.968] U [39.676, 44.000]",3,"(16.741, 31.510)","(34.968, 39.676)",TRUE,187.654205634558,4,1.69176281751924e-39,-89.2750475541808,"21,27,35","Shared live reference within tier/period; root differences descriptive here; overlapping fits not independent","Y ~ A * splines::ns(age, knots = c(21, 27, 35), Boundary.knots = c(15, 44), intercept = FALSE) + year_factor + race_ethnicity + prepreg_diabetes + prior_living4 + prepreg_dose5"
"all_years_shared_core_inclusive","all_years shared_core inclusive","within_prepregnancy_smokers","original_16_models","HC0",1373599,1363503,"32.763678",1,FALSE,TRUE,"[31.963, 33.834] U [41.382, 44.000]",2,"[15.000, 16.588] U [31.473, 34.896] U [39.683, 44.000]",3,"(16.588, 31.473)","(34.896, 39.683)",TRUE,186.550722857352,4,2.92027291221096e-39,-88.729141551769,"21,27,35","Shared live reference within tier/period; root differences descriptive here; overlapping fits not independent","Y ~ A * splines::ns(age, knots = c(21, 27, 35), Boundary.knots = c(15, 44), intercept = FALSE) + year_factor + race_ethnicity + prepreg_diabetes + prior_living4 + prepreg_dose5"
"all_years_shared_core_inclusive","all_years shared_core inclusive","within_prepregnancy_smokers","original_16_models","model",1373599,1363503,"32.763678",1,FALSE,TRUE,"[31.968, 33.827] U [41.418, 44.000]",2,"[15.000, 16.616] U [31.479, 34.881] U [39.725, 44.000]",3,"(16.616, 31.479)","(34.881, 39.725)",TRUE,187.738073395248,4,1.62300490154011e-39,-89.3165393181905,"21,27,35","Shared live reference within tier/period; root differences descriptive here; overlapping fits not independent","Y ~ A * splines::ns(age, knots = c(21, 27, 35), Boundary.knots = c(15, 44), intercept = FALSE) + year_factor + race_ethnicity + prepreg_diabetes + prior_living4 + prepreg_dose5"
"all_years_shared_augmented_live","all_years shared_augmented live","within_prepregnancy_smokers","original_16_models","HC0",1331577,1331577,"31.426112",1,FALSE,TRUE,"[30.597, 32.373] U [42.405, 44.000]",2,"[15.000, 16.766] U [29.991, 33.264] U [40.535, 44.000]",3,"(16.766, 29.991)","(33.264, 40.535)",TRUE,173.938328095205,4,1.4931465095256e-36,-82.4921777030816,"21,27,35","Shared live reference within tier/period; root differences descriptive here; overlapping fits not independent","Y ~ A * splines::ns(age, knots = c(21, 27, 35), Boundary.knots = c(15, 44), intercept = FALSE) + year_factor + race_ethnicity + prepreg_diabetes + prior_living4 + education4 + splines::ns(bmi, knots = c(19.6, 26.1, 37.8), Boundary.knots = c(13, 69.9), intercept = FALSE) + prepreg_dose5"
"all_years_shared_augmented_live","all_years shared_augmented live","within_prepregnancy_smokers","original_16_models","model",1331577,1331577,"31.426112",1,FALSE,TRUE,"[30.599, 32.367] U [42.466, 44.000]",2,"[15.000, 16.782] U [29.993, 33.249] U [40.596, 44.000]",3,"(16.782, 29.993)","(33.249, 40.596)",TRUE,175.229475175833,4,7.88694637402371e-37,-83.1304394056739,"21,27,35","Shared live reference within tier/period; root differences descriptive here; overlapping fits not independent","Y ~ A * splines::ns(age, knots = c(21, 27, 35), Boundary.knots = c(15, 44), intercept = FALSE) + year_factor + race_ethnicity + prepreg_diabetes + prior_living4 + education4 + splines::ns(bmi, knots = c(19.6, 26.1, 37.8), Boundary.knots = c(13, 69.9), intercept = FALSE) + prepreg_dose5"
"all_years_shared_augmented_inclusive","all_years shared_augmented inclusive","within_prepregnancy_smokers","original_16_models","HC0",1340522,1331577,"31.385371",1,FALSE,TRUE,"[30.558, 32.323] U [42.340, 44.000]",2,"[15.000, 16.632] U [29.949, 33.198] U [40.513, 44.000]",3,"(16.632, 29.949)","(33.198, 40.513)",TRUE,173.467993914827,4,1.88395985064791e-36,-82.259687482555,"21,27,35","Shared live reference within tier/period; root differences descriptive here; overlapping fits not independent","Y ~ A * splines::ns(age, knots = c(21, 27, 35), Boundary.knots = c(15, 44), intercept = FALSE) + year_factor + race_ethnicity + prepreg_diabetes + prior_living4 + education4 + splines::ns(bmi, knots = c(19.6, 26.1, 37.8), Boundary.knots = c(13, 69.9), intercept = FALSE) + prepreg_dose5"
"all_years_shared_augmented_inclusive","all_years shared_augmented inclusive","within_prepregnancy_smokers","original_16_models","model",1340522,1331577,"31.385371",1,FALSE,TRUE,"[30.560, 32.317] U [42.399, 44.000]",2,"[15.000, 16.649] U [29.951, 33.184] U [40.573, 44.000]",3,"(16.649, 29.951)","(33.184, 40.573)",TRUE,174.736756983583,4,1.00621830616479e-36,-82.8868642955101,"21,27,35","Shared live reference within tier/period; root differences descriptive here; overlapping fits not independent","Y ~ A * splines::ns(age, knots = c(21, 27, 35), Boundary.knots = c(15, 44), intercept = FALSE) + year_factor + race_ethnicity + prepreg_diabetes + prior_living4 + education4 + splines::ns(bmi, knots = c(19.6, 26.1, 37.8), Boundary.knots = c(13, 69.9), intercept = FALSE) + prepreg_dose5"
"reporting_years_shared_core_live","reporting_years shared_core live","within_prepregnancy_smokers","original_16_models","HC0",793271,793271,"32.284766; 42.330019",2,FALSE,FALSE,"[15.000, 15.947] U [30.975, 34.798] U [38.135, 44.000]",3,"[15.000, 17.307] U [30.108, 44.000]",2,"(17.307, 30.108)","Empty set",FALSE,95.4166535873654,4,9.29266206142022e-20,-43.82247679682,"21,27,35","Shared live reference within tier/period; root differences descriptive here; overlapping fits not independent","Y ~ A * splines::ns(age, knots = c(21, 27, 35), Boundary.knots = c(15, 44), intercept = FALSE) + year_factor + race_ethnicity + prepreg_diabetes + prior_living4 + prepreg_dose5"
"reporting_years_shared_core_live","reporting_years shared_core live","within_prepregnancy_smokers","original_16_models","model",793271,793271,"32.284766; 42.330019",2,FALSE,FALSE,"[15.000, 15.977] U [30.980, 34.777] U [38.170, 44.000]",3,"[15.000, 17.330] U [30.114, 44.000]",2,"(17.330, 30.114)","Empty set",FALSE,95.9084996528512,4,7.30338703835178e-20,-44.0633636414746,"21,27,35","Shared live reference within tier/period; root differences descriptive here; overlapping fits not independent","Y ~ A * splines::ns(age, knots = c(21, 27, 35), Boundary.knots = c(15, 44), intercept = FALSE) + year_factor + race_ethnicity + prepreg_diabetes + prior_living4 + prepreg_dose5"
"reporting_years_shared_core_inclusive","reporting_years shared_core inclusive","within_prepregnancy_smokers","original_16_models","HC0",799136,793271,"32.192485; 42.377695",2,FALSE,FALSE,"[15.000, 15.790] U [30.912, 34.514] U [38.315, 44.000]",3,"[15.000, 17.240] U [30.051, 44.000]",2,"(17.240, 30.051)","Empty set",FALSE,96.0858782087536,4,6.69565613538975e-20,-44.1502428817475,"21,27,35","Shared live reference within tier/period; root differences descriptive here; overlapping fits not independent","Y ~ A * splines::ns(age, knots = c(21, 27, 35), Boundary.knots = c(15, 44), intercept = FALSE) + year_factor + race_ethnicity + prepreg_diabetes + prior_living4 + prepreg_dose5"
"reporting_years_shared_core_inclusive","reporting_years shared_core inclusive","within_prepregnancy_smokers","original_16_models","model",799136,793271,"32.192485; 42.377695",2,FALSE,FALSE,"[15.000, 15.822] U [30.917, 34.496] U [38.348, 44.000]",3,"[15.000, 17.263] U [30.057, 44.000]",2,"(17.263, 30.057)","Empty set",FALSE,96.5800641653382,4,5.25611230952985e-20,-44.3923102110559,"21,27,35","Shared live reference within tier/period; root differences descriptive here; overlapping fits not independent","Y ~ A * splines::ns(age, knots = c(21, 27, 35), Boundary.knots = c(15, 44), intercept = FALSE) + year_factor + race_ethnicity + prepreg_diabetes + prior_living4 + prepreg_dose5"
"reporting_years_shared_augmented_live","reporting_years shared_augmented live","within_prepregnancy_smokers","original_16_models","HC0",775128,775128,"30.253556",1,FALSE,TRUE,"[15.000, 16.060] U [28.859, 31.750] U [39.628, 44.000]",3,"[15.000, 17.460] U [27.844, 34.050] U [37.859, 44.000]",3,"(17.460, 27.844)","(34.050, 37.859)",TRUE,97.6026928597888,4,3.18482534375996e-20,-44.8933044094844,"21,27,35","Shared live reference within tier/period; root differences descriptive here; overlapping fits not independent","Y ~ A * splines::ns(age, knots = c(21, 27, 35), Boundary.knots = c(15, 44), intercept = FALSE) + year_factor + race_ethnicity + prepreg_diabetes + prior_living4 + education4 + splines::ns(bmi, knots = c(19.6, 26.1, 37.8), Boundary.knots = c(13, 69.9), intercept = FALSE) + prepreg_dose5"
"reporting_years_shared_augmented_live","reporting_years shared_augmented live","within_prepregnancy_smokers","original_16_models","model",775128,775128,"30.253556",1,FALSE,TRUE,"[15.000, 16.078] U [28.857, 31.742] U [39.670, 44.000]",3,"[15.000, 17.473] U [27.842, 33.991] U [37.920, 44.000]",3,"(17.473, 27.842)","(33.991, 37.920)",TRUE,98.0627210462907,4,2.54210214786129e-20,-45.1187105038686,"21,27,35","Shared live reference within tier/period; root differences descriptive here; overlapping fits not independent","Y ~ A * splines::ns(age, knots = c(21, 27, 35), Boundary.knots = c(15, 44), intercept = FALSE) + year_factor + race_ethnicity + prepreg_diabetes + prior_living4 + education4 + splines::ns(bmi, knots = c(19.6, 26.1, 37.8), Boundary.knots = c(13, 69.9), intercept = FALSE) + prepreg_dose5"
"reporting_years_shared_augmented_inclusive","reporting_years shared_augmented inclusive","within_prepregnancy_smokers","original_16_models","HC0",780311,775128,"30.187418",1,FALSE,TRUE,"[15.000, 15.906] U [28.797, 31.649] U [39.630, 44.000]",3,"[15.000, 17.394] U [27.786, 33.740] U [37.928, 44.000]",3,"(17.394, 27.786)","(33.740, 37.928)",TRUE,97.7414862309207,4,2.97544398024364e-20,-44.9613085949614,"21,27,35","Shared live reference within tier/period; root differences descriptive here; overlapping fits not independent","Y ~ A * splines::ns(age, knots = c(21, 27, 35), Boundary.knots = c(15, 44), intercept = FALSE) + year_factor + race_ethnicity + prepreg_diabetes + prior_living4 + education4 + splines::ns(bmi, knots = c(19.6, 26.1, 37.8), Boundary.knots = c(13, 69.9), intercept = FALSE) + prepreg_dose5"
"reporting_years_shared_augmented_inclusive","reporting_years shared_augmented inclusive","within_prepregnancy_smokers","original_16_models","model",780311,775128,"30.187418",1,FALSE,TRUE,"[15.000, 15.925] U [28.796, 31.641] U [39.670, 44.000]",3,"[15.000, 17.407] U [27.784, 33.689] U [37.986, 44.000]",3,"(17.407, 27.784)","(33.689, 37.986)",TRUE,98.193832613267,4,2.38391718002702e-20,-45.1829568512028,"21,27,35","Shared live reference within tier/period; root differences descriptive here; overlapping fits not independent","Y ~ A * splines::ns(age, knots = c(21, 27, 35), Boundary.knots = c(15, 44), intercept = FALSE) + year_factor + race_ethnicity + prepreg_diabetes + prior_living4 + education4 + splines::ns(bmi, knots = c(19.6, 26.1, 37.8), Boundary.knots = c(13, 69.9), intercept = FALSE) + prepreg_dose5"
"age_spec_fewer_age_knots","Two age knots (22,32)","within_prepregnancy_smokers","same_record_age_specification","HC0",1979858,1979858,"31.753554",1,FALSE,TRUE,"[30.831, 32.885]",1,"[15.000, 15.951] U [30.378, 33.623] U [42.784, 44.000]",3,"(15.951, 30.378)","(33.623, 42.784)",TRUE,224.347673623584,3,2.30592690159195e-48,-109.688601741593,"22,32","Same primary complete-case records and age-specific reference; only stated outcome-model terms differ; descriptive comparison","Y ~ A * splines::ns(age, knots = c(22, 32), Boundary.knots = c(15, 44), intercept = FALSE) + year_factor + race_ethnicity + prepreg_diabetes + prior_living4 + education4 + splines::ns(bmi, knots = c(19.6, 26.1, 37.8), Boundary.knots = c(13, 69.9), intercept = FALSE) + prior_preterm + prior_cesarean + nativity + prepreg_dose5"
"age_spec_fewer_age_knots","Two age knots (22,32)","within_prepregnancy_smokers","same_record_age_specification","model",1979858,1979858,"31.753554",1,FALSE,TRUE,"[30.836, 32.880]",1,"[15.000, 15.960] U [30.385, 33.614] U [42.925, 44.000]",3,"(15.960, 30.385)","(33.614, 42.925)",TRUE,226.127696897263,3,9.50647364796255e-49,-110.574696553547,"22,32","Same primary complete-case records and age-specific reference; only stated outcome-model terms differ; descriptive comparison","Y ~ A * splines::ns(age, knots = c(22, 32), Boundary.knots = c(15, 44), intercept = FALSE) + year_factor + race_ethnicity + prepreg_diabetes + prior_living4 + education4 + splines::ns(bmi, knots = c(19.6, 26.1, 37.8), Boundary.knots = c(13, 69.9), intercept = FALSE) + prior_preterm + prior_cesarean + nativity + prepreg_dose5"
"age_spec_shifted_age_knots","Shifted age knots (23,29,36)","within_prepregnancy_smokers","same_record_age_specification","HC0",1979858,1979858,"31.857603",1,FALSE,TRUE,"[30.992, 32.809] U [42.159, 44.000]",2,"[15.000, 15.914] U [30.345, 33.749] U [40.456, 44.000]",3,"(15.914, 30.345)","(33.749, 40.456)",TRUE,225.078999783921,4,1.51308448374e-47,-107.807349098914,"23,29,36","Same primary complete-case records and age-specific reference; only stated outcome-model terms differ; descriptive comparison","Y ~ A * splines::ns(age, knots = c(23, 29, 36), Boundary.knots = c(15, 44), intercept = FALSE) + year_factor + race_ethnicity + prepreg_diabetes + prior_living4 + education4 + splines::ns(bmi, knots = c(19.6, 26.1, 37.8), Boundary.knots = c(13, 69.9), intercept = FALSE) + prior_preterm + prior_cesarean + nativity + prepreg_dose5"
"age_spec_shifted_age_knots","Shifted age knots (23,29,36)","within_prepregnancy_smokers","same_record_age_specification","model",1979858,1979858,"31.857603",1,FALSE,TRUE,"[30.994, 32.802] U [42.210, 44.000]",2,"[15.000, 15.937] U [30.347, 33.729] U [40.507, 44.000]",3,"(15.937, 30.347)","(33.729, 40.507)",TRUE,227.009988147969,4,5.81074522256115e-48,-108.764375635575,"23,29,36","Same primary complete-case records and age-specific reference; only stated outcome-model terms differ; descriptive comparison","Y ~ A * splines::ns(age, knots = c(23, 29, 36), Boundary.knots = c(15, 44), intercept = FALSE) + year_factor + race_ethnicity + prepreg_diabetes + prior_living4 + education4 + splines::ns(bmi, knots = c(19.6, 26.1, 37.8), Boundary.knots = c(13, 69.9), intercept = FALSE) + prior_preterm + prior_cesarean + nativity + prepreg_dose5"
"age_spec_more_age_knots","Four age knots (20,25,30,36)","within_prepregnancy_smokers","same_record_age_specification","HC0",1979858,1979858,"31.968563",1,FALSE,TRUE,"[15.000, 16.106] U [30.975, 32.912] U [41.932, 44.000]",3,"[15.000, 17.176] U [30.133, 33.933] U [40.232, 44.000]",3,"(17.176, 30.133)","(33.933, 40.232)",TRUE,225.338848823775,5,1.06692172442053e-46,-105.854136668528,"20,25,30,36","Same primary complete-case records and age-specific reference; only stated outcome-model terms differ; descriptive comparison","Y ~ A * splines::ns(age, knots = c(20, 25, 30, 36), Boundary.knots = c(15, 44), intercept = FALSE) + year_factor + race_ethnicity + prepreg_diabetes + prior_living4 + education4 + splines::ns(bmi, knots = c(19.6, 26.1, 37.8), Boundary.knots = c(13, 69.9), intercept = FALSE) + prior_preterm + prior_cesarean + nativity + prepreg_dose5"
"age_spec_more_age_knots","Four age knots (20,25,30,36)","within_prepregnancy_smokers","same_record_age_specification","model",1979858,1979858,"31.968563",1,FALSE,TRUE,"[15.000, 16.124] U [30.977, 32.907] U [41.972, 44.000]",3,"[15.000, 17.190] U [30.135, 33.911] U [40.276, 44.000]",3,"(17.190, 30.135)","(33.911, 40.276)",TRUE,227.292288251274,5,4.06932195072514e-47,-106.818022982018,"20,25,30,36","Same primary complete-case records and age-specific reference; only stated outcome-model terms differ; descriptive comparison","Y ~ A * splines::ns(age, knots = c(20, 25, 30, 36), Boundary.knots = c(15, 44), intercept = FALSE) + year_factor + race_ethnicity + prepreg_diabetes + prior_living4 + education4 + splines::ns(bmi, knots = c(19.6, 26.1, 37.8), Boundary.knots = c(13, 69.9), intercept = FALSE) + prior_preterm + prior_cesarean + nativity + prepreg_dose5"
"age_spec_age_by_bmi_nuisance","Original age spline plus age-by-BMI nuisance interaction","within_prepregnancy_smokers","same_record_age_specification","HC0",1979858,1979858,"31.818016",1,FALSE,TRUE,"[15.000, 15.126] U [30.987, 32.856] U [42.452, 44.000]",3,"[15.000, 16.572] U [30.424, 33.886] U [40.385, 44.000]",3,"(16.572, 30.424)","(33.886, 40.385)",TRUE,220.106474180166,4,1.7783516348184e-46,-105.343227390324,"21,27,35","Same primary complete-case records and age-specific reference; only stated outcome-model terms differ; descriptive comparison","Y ~ A * splines::ns(age, knots = c(21, 27, 35), Boundary.knots = c(15, 44), intercept = FALSE) + year_factor + race_ethnicity + prepreg_diabetes + prior_living4 + education4 + splines::ns(bmi, knots = c(19.6, 26.1, 37.8), Boundary.knots = c(13, 69.9), intercept = FALSE) + prior_preterm + prior_cesarean + nativity + prepreg_dose5 + splines::ns(age, knots = c(21, 27, 35), Boundary.knots = c(15, 44), intercept = FALSE):splines::ns(bmi, knots = c(19.6, 26.1, 37.8), Boundary.knots = c(13, 69.9), intercept = FALSE)"
"age_spec_age_by_bmi_nuisance","Original age spline plus age-by-BMI nuisance interaction","within_prepregnancy_smokers","same_record_age_specification","model",1979858,1979858,"31.818016",1,FALSE,TRUE,"[15.000, 15.160] U [30.990, 32.849] U [42.493, 44.000]",3,"[15.000, 16.601] U [30.428, 33.872] U [40.424, 44.000]",3,"(16.601, 30.428)","(33.872, 40.424)",TRUE,221.190611425391,4,1.03923779037672e-46,-105.880426727139,"21,27,35","Same primary complete-case records and age-specific reference; only stated outcome-model terms differ; descriptive comparison","Y ~ A * splines::ns(age, knots = c(21, 27, 35), Boundary.knots = c(15, 44), intercept = FALSE) + year_factor + race_ethnicity + prepreg_diabetes + prior_living4 + education4 + splines::ns(bmi, knots = c(19.6, 26.1, 37.8), Boundary.knots = c(13, 69.9), intercept = FALSE) + prior_preterm + prior_cesarean + nativity + prepreg_dose5 + splines::ns(age, knots = c(21, 27, 35), Boundary.knots = c(15, 44), intercept = FALSE):splines::ns(bmi, knots = c(19.6, 26.1, 37.8), Boundary.knots = c(13, 69.9), intercept = FALSE)"
"prepregnancy_main","Prepregnancy smoking only,2016-2024","prepregnancy_only","prepregnancy_only","HC0",30068330,30068330,"28.570922",1,FALSE,TRUE,"[28.219, 28.902]",1,"[27.964, 29.122]",1,"[15.000, 27.964)","(29.122, 44.000]",TRUE,1883.69509580175,4,0,-934.998643298436,"21,27,35","Smoking versus abstinence before pregnancy, irrespective of T1 status; different population and contrast","Y ~ A * splines::ns(age, knots = c(21, 27, 35), Boundary.knots = c(15, 44), intercept = FALSE) + year_factor + race_ethnicity + prepreg_diabetes + prior_living4 + education4 + splines::ns(bmi, knots = c(19.6, 26.1, 37.8), Boundary.knots = c(13, 69.9), intercept = FALSE) + prior_preterm + prior_cesarean + nativity"
"prepregnancy_main","Prepregnancy smoking only,2016-2024","prepregnancy_only","prepregnancy_only","model",30068330,30068330,"28.570922",1,FALSE,TRUE,"[28.221, 28.901]",1,"[27.966, 29.119]",1,"[15.000, 27.966)","(29.119, 44.000]",TRUE,1918.96690040692,4,0,-952.616013451796,"21,27,35","Smoking versus abstinence before pregnancy, irrespective of T1 status; different population and contrast","Y ~ A * splines::ns(age, knots = c(21, 27, 35), Boundary.knots = c(15, 44), intercept = FALSE) + year_factor + race_ethnicity + prepreg_diabetes + prior_living4 + education4 + splines::ns(bmi, knots = c(19.6, 26.1, 37.8), Boundary.knots = c(13, 69.9), intercept = FALSE) + prior_preterm + prior_cesarean + nativity"
