"age","target_n","risk0","risk1","rd","rr","se_risk0","se_risk1","se_rd","se_log_rr","risk0_lower","risk0_upper","risk1_lower","risk1_upper","rd_lower","rd_upper","rr_lower","rr_upper","risk0_per1000","risk1_per1000","rd_per1000","risk0_lower_per1000","risk0_upper_per1000","risk1_lower_per1000","risk1_upper_per1000","rd_lower_per1000","rd_upper_per1000","rd_bonferroni_lower_per1000","rd_bonferroni_upper_per1000","sparse_age_arm","contrast","covariance"
15,1199,0.0734404297710499,0.0660305102503666,-0.00740991952068325,0.899102993490321,0.00336729045256499,0.00210673551138022,0.00396941801971456,0.0558208942137123,0.0671076221183278,0.0803193985230981,0.0620194299188144,0.0702815679056164,-0.0151898358789081,0.000369996837541593,0.805924971070068,1.00305390938554,73.4404297710499,66.0305102503666,-7.40991952068325,67.1076221183278,80.3193985230981,62.0194299188144,70.2815679056164,-15.1898358789081,0.369996837541593,-19.8896915258026,5.06985248443609,FALSE,"primary","HC0"
16,4170,0.0746618017128306,0.0663652517528776,-0.00829654995995302,0.888878251400043,0.00267475717581756,0.00166013727856454,0.00314579203108502,0.0436610351522686,0.0695856430670755,0.0800763880539548,0.0631846026671307,0.0696941001166788,-0.0144621890437328,-0.00213091087617328,0.815977041909114,0.968292617600389,74.6618017128306,66.3652517528776,-8.29654995995302,69.5856430670755,80.0763880539548,63.1846026671307,69.6941001166788,-14.4621890437328,-2.13091087617328,-18.1868580929033,1.59375817299726,FALSE,"primary","HC0"
17,11232,0.0764526841943331,0.0672535379842364,-0.00919914621009665,0.879675301043537,0.00201976831088636,0.00124576875451485,0.00237093641357583,0.0322350855449993,0.0725868243065035,0.0805065608949335,0.0648526198080808,0.0697367124995179,-0.0138460961903398,-0.00455219622985347,0.825817047279464,0.937046090069592,76.4526841943331,67.2535379842364,-9.19914621009665,72.5868243065035,80.5065608949335,64.8526198080808,69.7367124995179,-13.8460961903398,-4.55219622985347,-16.6533235562733,-1.74496886392001,FALSE,"primary","HC0"
18,29922,0.0795444104319302,0.0693544458879809,-0.0101899645439493,0.871895907096208,0.00145496047130345,0.00089410400736631,0.00170897367065871,0.0223950357628135,0.0767390356565483,0.0824431843416287,0.0676223922086092,0.0711274793479987,-0.0135394913889676,-0.00684043769893105,0.834453133758159,0.911018776318049,79.5444104319302,69.3544458879809,-10.1899645439493,76.7390356565483,82.4431843416287,67.6223922086092,71.1274793479987,-13.5394913889676,-6.84043769893105,-15.5629440756204,-4.81698501227828,FALSE,"primary","HC0"
19,60774,0.0822695345147566,0.0712305485254509,-0.0110389859893057,0.86581927253611,0.00101695652805297,0.000624142643777296,0.00119503461841459,0.0151763540602982,0.0802981906008079,0.0842848402103933,0.0700169081403989,0.0724635864241015,-0.0133812108016768,-0.0086967611769345,0.840444641734313,0.891960011962264,82.2695345147566,71.2305485254509,-11.0389859893057,80.2981906008079,84.2848402103933,70.0169081403989,72.4635864241015,-13.3812108016768,-8.6967611769345,-14.7961512719663,-7.28182070664507,FALSE,"primary","HC0"
20,82205,0.0817620645624278,0.0704407856599048,-0.011321278902523,0.861533842581985,0.000774753653570377,0.000470320765905528,0.000909690291739807,0.0116373001355872,0.0802563636230527,0.0832934559246221,0.0695245299356189,0.0713681904328578,-0.0131042391114188,-0.00953831869362725,0.842105791427533,0.881410114346606,81.7620645624278,70.4407856599048,-11.321278902523,80.2563636230527,83.2934559246222,69.5245299356189,71.3681904328578,-13.1042391114188,-9.53831869362725,-14.1813272470911,-8.46123055795494,FALSE,"primary","HC0"
21,96740,0.0811233524027495,0.0697588339123874,-0.0113645184903621,0.859910640354935,0.000731416123051643,0.000438270223469103,0.000857221483806794,0.011051524337993,0.0797013023791022,0.0825684985818332,0.0689047168785561,0.0706227352224794,-0.0130446417253974,-0.00968439525532684,0.841484747090109,0.878740003253382,81.1233524027495,69.7588339123874,-11.3645184903621,79.7013023791022,82.5684985818332,68.9047168785561,70.6227352224794,-13.0446417253974,-9.68439525532684,-14.0596059371028,-8.66943104362148,FALSE,"primary","HC0"
22,110682,0.0798667752766716,0.0687653537967677,-0.0111014214799039,0.861000754801396,0.000710565472010904,0.00042483217196846,0.00083271609800233,0.0108988252710145,0.0784851345218171,0.0812705931991409,0.0679373525207478,0.0696026929300006,-0.0127335150413352,-0.00946932791847262,0.842803703396916,0.879590700397587,79.8667752766716,68.7653537967677,-11.1014214799039,78.4851345218171,81.2705931991409,67.9373525207478,69.6026929300006,-12.7335150413352,-9.46932791847262,-13.7194644767483,-8.4833784830595,FALSE,"primary","HC0"
23,119247,0.079156048694241,0.0684813553607576,-0.0106746933334834,0.86514368125275,0.000650285662640985,0.00038980454811788,0.000763351099791079,0.0100670344997612,0.0778908546800899,0.0804400007227867,0.067721289663837,0.0692493179617978,-0.012170833996633,-0.00917855267033385,0.848240813432184,0.882383371984965,79.156048694241,68.4813553607576,-10.6746933334834,77.8908546800899,80.4400007227867,67.7212896638369,69.2493179617978,-12.170833996633,-9.17855267033385,-13.0746541433391,-8.27473252362776,FALSE,"primary","HC0"
24,125425,0.0788332024459232,0.068745039036947,-0.0100881634089762,0.872031541330617,0.000575351241367847,0.000342873267009431,0.000675659449168449,0.00892211884032299,0.0777128842977109,0.0799682708682075,0.0680760543864894,0.0694201080977328,-0.0114124315951606,-0.00876389522279191,0.85691485640771,0.887414897045085,78.8332024459232,68.745039036947,-10.0881634089762,77.7128842977109,79.9682708682075,68.0760543864893,69.4201080977328,-11.4124315951606,-8.76389522279191,-12.2124233979338,-7.96390342001869,FALSE,"primary","HC0"
25,130505,0.0794962242224151,0.0701014996430743,-0.00939472457934078,0.881821751017304,0.000542065026559404,0.000315745439042226,0.000633820727513449,0.00826158075476669,0.0784402616661917,0.0805651593989497,0.0694851699500515,0.0707228806473965,-0.0106369903779221,-0.00815245878075944,0.867657922512819,0.896216792806079,79.4962242224151,70.1014996430743,-9.39472457934078,78.4402616661917,80.5651593989497,69.4851699500515,70.7228806473965,-10.6369903779221,-8.15245878075944,-11.3874444521788,-7.40200470650271,FALSE,"primary","HC0"
26,131877,0.080711849195656,0.0721645058521461,-0.00854734334350986,0.894100514005199,0.000574027160906641,0.0003281336015615,0.000667904168019831,0.00853157119636782,0.0795939056713228,0.0818440986337789,0.0715240127929616,0.0728102847077419,-0.00985641145795292,-0.0072382752290668,0.87927405396791,0.909176980188178,80.711849195656,72.1645058521461,-8.54734334350986,79.5939056713228,81.8440986337789,71.5240127929616,72.8102847077419,-9.85641145795292,-7.2382752290668,-10.6472208814155,-6.44746580560424,FALSE,"primary","HC0"
27,130884,0.0821979906897571,0.0747008873649504,-0.00749710332480671,0.90879213394518,0.000630442503983082,0.000361722412487631,0.000733423424527478,0.009156335251334,0.0809707715256358,0.0834421212081011,0.0739950098632647,0.0754129502159977,-0.0089345868222986,-0.00605961982731483,0.892628343161034,0.925248620042572,82.1979906897571,74.7008873649504,-7.49710332480671,80.9707715256358,83.4421212081011,73.9950098632647,75.4129502159977,-8.9345868222986,-6.05961982731483,-9.8029721135958,-5.19123453601763,FALSE,"primary","HC0"
28,126880,0.0841167382690389,0.0778719403951482,-0.00624479787389065,0.925760342086526,0.000654351935824196,0.000381865335099002,0.000764725179308226,0.00928498766181374,0.0828430792812717,0.0854081554433282,0.0771267833594195,0.0786236833922721,-0.00774363168340571,-0.00474596406437559,0.909065501005527,0.942761781227193,84.1167382690389,77.8719403951482,-6.24479787389065,82.8430792812717,85.4081554433282,77.1267833594195,78.6236833922721,-7.74363168340571,-4.74596406437559,-8.64907876266108,-3.84051698512023,FALSE,"primary","HC0"
29,120282,0.0870828590056196,0.0822461457909273,-0.00483671321469237,0.944458493095866,0.00064674387498035,0.000383229331877381,0.000760016357912387,0.008866283330071,0.0858235818621078,0.0883588274475181,0.0814981457505259,0.0830003906911254,-0.00632631790386195,-0.00334710852552279,0.92818785668341,0.96101434505748,87.0828590056196,82.2461457909273,-4.83671321469237,85.8235818621078,88.3588274475181,81.4981457505259,83.0003906911254,-6.32631790386195,-3.34710852552279,-7.22618966181895,-2.44723676756579,FALSE,"primary","HC0"
30,111577,0.0893970126709254,0.0861862045339396,-0.00321080813698577,0.96408372001417,0.000626904546543515,0.00037240758944343,0.000738901527577527,0.00834867537056868,0.0881758934596126,0.0906333618587995,0.0854590928177735,0.0869189147657158,-0.00465902851915935,-0.00176258775481218,0.948436684907934,0.979988895396411,89.3970126709254,86.1862045339396,-3.21080813698577,88.1758934596126,90.6333618587995,85.4590928177735,86.9189147657158,-4.65902851915935,-1.76258775481218,-5.53389997377473,-0.887716300196797,FALSE,"primary","HC0"
31,102027,0.0919375822154676,0.0904717944599536,-0.00146578775551398,0.984056707603223,0.000640558864813095,0.00037613832465873,0.000753704234649567,0.00823317387569978,0.0906897905737988,0.0932007824178037,0.0897372767638548,0.091211721889021,-0.00294302091042246,1.14453993944957e-05,0.968304690628421,1.00006497247311,91.9375822154676,90.4717944599536,-1.46578775551398,90.6897905737987,93.2007824178037,89.7372767638548,91.211721889021,-2.94302091042246,0.0114453993944957,-3.8354190115327,0.903843500504741,FALSE,"primary","HC0"
32,91764,0.0951086272246432,0.0954570871557661,0.000348459931122855,1.0036638099118,0.000710116549520266,0.000413604018785847,0.000833171022357319,0.00875190035841607,0.093725908357945,0.0965095727599775,0.0946495113161968,0.0962708207560184,-0.00128452526565991,0.00198144512790562,0.986594371653257,1.02102857290645,95.1086272246432,95.4570871557661,0.348459931122855,93.725908357945,96.5095727599775,94.6495113161968,96.2708207560184,-1.28452526565991,1.98144512790562,-2.27101333892574,2.96793320117145,FALSE,"primary","HC0"
33,81398,0.0981358392413481,0.100306949211009,0.00217110996966052,1.02212351763071,0.00081774355925368,0.000479300315014866,0.000959107256182516,0.0097183839185082,0.0965447140398081,0.0997502920510696,0.0993714385981581,0.101250276866681,0.000291294290231762,0.00405092564908928,1.00283868219864,1.04177920520904,98.1358392413481,100.306949211009,2.17110996966052,96.5447140398081,99.7502920510696,99.3714385981581,101.250276866681,0.291294290231762,4.05092564908928,-0.844304336962214,5.18652427628326,FALSE,"primary","HC0"
34,70747,0.101609984671699,0.105532771919595,0.00392278724789651,1.03860631669782,0.000929742670818317,0.000552581168174016,0.00109262059127253,0.0106482114608104,0.0998021597568607,0.103446793529818,0.104454624129344,0.106620723112826,0.0017812902402355,0.00606428425555752,1.01715511075008,1.06050991602367,101.609984671699,105.532771919595,3.92278724789651,99.8021597568607,103.446793529818,104.454624129344,106.620723112826,1.7812902402355,6.06428425555752,0.487609647689927,7.35796484810308,FALSE,"primary","HC0"
35,59784,0.10528426801708,0.110798711722461,0.00551444370538108,1.05237671125269,0.00101352749796087,0.000610614334233285,0.00119471896617647,0.0111973098179373,0.103314261488806,0.107287344304448,0.109607575659887,0.112001163934363,0.00317283756002827,0.00785604985073389,1.02953250111579,1.0757278096483,105.28426801708,110.798711722461,5.51444370538108,103.314261488806,107.287344304448,109.607575659887,112.001163934363,3.17283756002827,7.85604985073389,1.75827082713471,9.27061658362745,FALSE,"primary","HC0"
36,50300,0.109904400020247,0.116793753470187,0.00688935344993995,1.06268496483008,0.001068487312134,0.000645618685493769,0.00126034759342426,0.0112876053518389,0.107827625755811,0.112016151187454,0.115534300373883,0.11806510330448,0.00441911755882667,0.00935958934105322,1.03943301982812,1.08645705200191,109.904400020247,116.793753470187,6.88935344993995,107.827625755811,112.016151187454,115.534300373883,118.06510330448,4.41911755882667,9.35958934105322,2.92684546135914,10.8518614385208,FALSE,"primary","HC0"
37,39582,0.114789866114679,0.122803920186501,0.00801405407182197,1.06981499624554,0.00114259162720836,0.000681003397508422,0.00134182109408492,0.011490997071426,0.112569368673422,0.117048387063179,0.121475404062007,0.124144912483364,0.0053841330537194,0.0106439750899245,1.04598998644985,1.0941826795841,114.789866114679,122.803920186501,8.01405407182197,112.569368673422,117.048387063179,121.475404062007,124.144912483364,5.3841330537194,10.6439750899245,3.79539500324554,12.2327131403984,FALSE,"primary","HC0"
38,30385,0.12005436704852,0.128943614456928,0.00888924740840763,1.07404351567499,0.00132111968289303,0.000769192224543162,0.00153881209474723,0.0125967780493834,0.117489038741114,0.122667922588014,0.127443519212104,0.130458726850476,0.00587323112372841,0.0119052636930868,1.04785087544998,1.10089088112667,120.05436704852,128.943614456928,8.88924740840763,117.489038741114,122.667922588014,127.443519212104,130.458726850476,5.87323112372841,11.9052636930868,4.05125251701886,13.7272422997964,FALSE,"primary","HC0"
39,22837,0.12516782622314,0.13467539230568,0.00950756608254022,1.07595854597323,0.00166780199359737,0.000957338211867571,0.00193161436690899,0.0151669251922668,0.121935403726361,0.128473400421235,0.132810056095616,0.136562801692977,0.00572167149137846,0.013293460673702,1.0444446490276,1.1084233077652,125.16782622314,134.67539230568,9.50756608254022,121.935403726361,128.473400421235,132.810056095616,136.562801692977,5.72167149137846,13.293460673702,3.43460859075894,15.5805235743215,FALSE,"primary","HC0"
40,15853,0.131396015255977,0.141359934563057,0.00996391930707957,1.075831213661,0.00221385280651293,0.00126675824111922,0.00255709932291586,0.0191299681549422,0.127117417815143,0.135796220191116,0.138895300683144,0.143860995833449,0.00495209672927273,0.0149757418848864,1.03624078646374,1.11693422552596,131.396015255977,141.359934563057,9.96391930707957,127.117417815143,135.796220191116,138.895300683144,143.860995833449,4.95209672927273,14.9757418848864,1.92444944375443,18.0033891704047,FALSE,"primary","HC0"
41,10370,0.137569275602966,0.147758526276985,0.0101892506740188,1.07406632497961,0.00292270757201373,0.00167618883725625,0.00337380429403291,0.0241156667324402,0.131940465903529,0.14339855119233,0.144503354856097,0.151074076535599,0.00357671576682768,0.0168017855812099,1.02448076245401,1.12605186230327,137.569275602966,147.758526276985,10.1892506740188,131.940465903529,143.39855119233,144.503354856097,151.074076535599,3.57671576682768,16.8017855812099,-0.417923518849691,20.7964248668872,FALSE,"primary","HC0"
42,6233,0.143543731926597,0.153784893421315,0.0102411614947183,1.07134523644652,0.00377115620624067,0.00216949963527004,0.00435418814237405,0.0298431428585741,0.136309613835202,0.151094609671411,0.149580686476319,0.158085300395124,0.00170710955375386,0.0187752134356828,1.01047811896648,1.13587874305541,143.543731926597,153.784893421315,10.2411614947183,136.309613835202,151.094609671411,149.580686476319,158.085300395124,1.70710955375386,18.7752134356828,-3.44832019109556,23.9306431805323,FALSE,"primary","HC0"
43,3273,0.149521269520078,0.159704699718091,0.0101834301980132,1.06810690031391,0.0047445911502577,0.0027364305321016,0.00548030789348622,0.0360824752181737,0.140458359063622,0.159060739513832,0.154414051411429,0.165141218052564,-0.000557775897410384,0.0209246362934368,0.995179135405232,1.14637888789101,149.521269520078,159.704699718091,10.1834301980132,140.458359063622,159.060739513832,154.414051411429,165.141218052564,-0.557775897410384,20.9246362934368,-7.04654978617654,27.4134101822029,FALSE,"primary","HC0"
44,1704,0.156524198182174,0.166562245061106,0.0100380468789317,1.06413095863458,0.00581422769870887,0.00335747421806634,0.00671658749519588,0.042278474210116,0.145463310845746,0.168260537784074,0.160085304752372,0.173247184937806,-0.00312622271066428,0.0232023164685277,0.979507071617303,1.15606587225025,156.524198182174,166.562245061106,10.0380468789317,145.463310845746,168.260537784074,160.085304752372,173.247184937806,-3.12622271066428,23.2023164685277,-11.0787718023388,31.1548655602022,FALSE,"primary","HC0"
15,1199,0.0734404297710499,0.0660305102503666,-0.00740991952068325,0.899102993490321,0.00341019302015605,0.00211862153825496,0.00401209162384651,0.0564032028424818,0.0670303017523301,0.0804107268551543,0.0619974585448544,0.070306255048887,-0.0152734746060972,0.000453635564730739,0.805005690414124,1.00419935228954,73.4404297710499,66.0305102503666,-7.40991952068325,67.0303017523301,80.4107268551543,61.9974585448544,70.306255048887,-15.2734746060972,0.453635564730739,-20.0238564959716,5.20401745460514,FALSE,"primary","model"
16,4170,0.0746618017128306,0.0663652517528776,-0.00829654995995302,0.888878251400043,0.00270847758504866,0.00166931822838117,0.003179074427515,0.0441074867717775,0.0695237332950847,0.0801468853849656,0.0631674145566244,0.069712932011254,-0.0145274213420547,-0.00206567857785133,0.815263350552417,0.969140272620654,74.6618017128306,66.3652517528776,-8.29654995995302,69.5237332950847,80.1468853849656,63.1674145566244,69.712932011254,-14.5274213420547,-2.06567857785133,-18.2914972911856,1.69839737127955,FALSE,"primary","model"
17,11232,0.0764526841943331,0.0672535379842364,-0.00919914621009665,0.879675301043537,0.00204400205217888,0.00125230592222117,0.00239470410354158,0.0325462724213108,0.072541553017295,0.0805563711922577,0.0648402338969883,0.0697499639826972,-0.0138926800066684,-0.00450561241352488,0.825313522586497,0.937617782925562,76.4526841943331,67.2535379842364,-9.19914621009665,72.541553017295,80.5563711922577,64.8402338969883,69.7499639826972,-13.8926800066684,-4.50561241352488,-16.7280487049948,-1.67024371519851,FALSE,"primary","model"
18,29922,0.0795444104319302,0.0693544458879809,-0.0101899645439493,0.871895907096208,0.00146961379022737,0.000898094601060923,0.00172334431625589,0.0225759572904951,0.0767112487440684,0.0824728620554796,0.0676147523275011,0.0711354858551074,-0.0135676573367727,-0.006812271751126,0.834157289401643,0.911341880565987,79.5444104319302,69.3544458879809,-10.1899645439493,76.7112487440684,82.4728620554796,67.6147523275011,71.1354858551074,-13.5676573367727,-6.812271751126,-15.6081251020904,-4.7718039858083,FALSE,"primary","model"
19,60774,0.0822695345147566,0.0712305485254509,-0.0110389859893057,0.86581927253611,0.00102228328449365,0.000625433868197111,0.00120027948831372,0.0152400625658335,0.080287979223183,0.0842955133349762,0.0700144172968573,0.072466157610172,-0.0133914905577827,-0.00868648142082862,0.84033970500904,0.892071394730651,82.2695345147566,71.2305485254509,-11.0389859893057,80.287979223183,84.2955133349762,70.0144172968573,72.466157610172,-13.3914905577827,-8.68648142082862,-14.8126410395373,-7.26533093907399,FALSE,"primary","model"
20,82205,0.0817620645624278,0.0704407856599048,-0.011321278902523,0.861533842581985,0.000774482102604538,0.000469932566698593,0.00090904612985848,0.0116285538768294,0.0802568869100275,0.0832929146317689,0.0695252816392453,0.0713674203320809,-0.0131029765773311,-0.00953958122771486,0.842120227225301,0.881395005033529,81.7620645624278,70.4407856599048,-11.321278902523,80.2568869100275,83.2929146317689,69.5252816392453,71.3674203320809,-13.1029765773311,-9.53958122771486,-14.1793020148345,-8.46325579021151,FALSE,"primary","model"
21,96740,0.0811233524027495,0.0697588339123874,-0.0113645184903621,0.859910640354935,0.00073177872791134,0.000437923330533795,0.000856685148012507,0.011043182133576,0.0797006030669219,0.0825692207999384,0.0689053890713002,0.0706220475472141,-0.013043590526557,-0.00968544645416726,0.841498505831804,0.878725635602534,81.1233524027495,69.7588339123874,-11.3645184903621,79.7006030669219,82.5692207999384,68.9053890713002,70.622047547214,-13.043590526557,-9.68544645416726,-14.0579197079383,-8.67111727278597,FALSE,"primary","model"
22,110682,0.0798667752766716,0.0687653537967677,-0.0111014214799039,0.861000754801396,0.000713351289701946,0.00042516352976356,0.000834245603851973,0.0109158835787327,0.0784797609869426,0.081276140969545,0.0679367103237142,0.069603349699323,-0.0127365128177146,-0.00946633014209317,0.842775525848105,0.879620108833326,79.8667752766716,68.7653537967677,-11.1014214799039,78.4797609869426,81.276140969545,67.9367103237142,69.603349699323,-12.7365128177146,-9.46633014209317,-13.7242732129885,-8.47856974681927,FALSE,"primary","model"
23,119247,0.079156048694241,0.0684813553607576,-0.0106746933334834,0.86514368125275,0.00065437840276213,0.000390465854314242,0.000765992208313766,0.0100981343138706,0.0778829507928209,0.0804481414706313,0.0677200068785907,0.0692506275641562,-0.0121760104742167,-0.00917337619275012,0.848189110900073,0.882437158875221,79.156048694241,68.4813553607576,-10.6746933334834,77.8829507928209,80.4481414706313,67.7200068785907,69.2506275641562,-12.1760104742167,-9.17337619275012,-13.0829577364704,-8.26642893049642,FALSE,"primary","model"
24,125425,0.0788332024459232,0.068745039036947,-0.0100881634089762,0.872031541330617,0.000579279427000987,0.000343470234380109,0.000677998484735672,0.00894943825072933,0.0777052857188616,0.07997607154887,0.0680748949148188,0.069421288774697,-0.0114170160206309,-0.00875931079732159,0.856868974078298,0.887462415001578,78.8332024459232,68.745039036947,-10.0881634089762,77.7052857188616,79.97607154887,68.0748949148188,69.421288774697,-11.4170160206309,-8.75931079732159,-12.2197772796479,-7.95654953830458,FALSE,"primary","model"
25,130505,0.0794962242224151,0.0701014996430743,-0.00939472457934078,0.881821751017304,0.000544638397984575,0.000315849293040914,0.000634902880837596,0.00827298964093553,0.0784352793831404,0.080570265145727,0.0694849680561051,0.0707230858648177,-0.0106391113594632,-0.00815033779921836,0.867638521025732,0.896236833339218,79.4962242224151,70.1014996430743,-9.39472457934078,78.4352793831404,80.570265145727,69.4849680561051,70.7230858648177,-10.6391113594632,-8.15033779921836,-11.3908467208975,-7.39860243778401,FALSE,"primary","model"
26,131877,0.080711849195656,0.0721645058521461,-0.00854734334350986,0.894100514005199,0.000575379102835126,0.000327786627004484,0.000667965937854808,0.00853047437852332,0.0795912894772962,0.0818467822935368,0.0715246872829923,0.0728095990450063,-0.0098565325246048,-0.00723815416241492,0.879275944166014,0.909175025711184,80.711849195656,72.1645058521461,-8.54734334350986,79.5912894772962,81.8467822935368,71.5246872829923,72.8095990450063,-9.8565325246048,-7.23815416241492,-10.647415084559,-6.44727160246074,FALSE,"primary","model"
27,130884,0.0821979906897571,0.0747008873649504,-0.00749710332480671,0.90879213394518,0.000631414992395373,0.000361287641026281,0.000733314674868366,0.00915364036949807,0.0809688914499886,0.0834440534972818,0.0739958545958629,0.075412090623379,-0.00893437367688341,-0.00605983297273002,0.892633057921549,0.925243733011309,82.1979906897571,74.7008873649504,-7.49710332480671,80.9688914499886,83.4440534972818,73.9958545958629,75.412090623379,-8.93437367688341,-6.05983297273002,-9.80263020681132,-5.1915764428021,FALSE,"primary","model"
28,126880,0.0841167382690389,0.0778719403951482,-0.00624479787389065,0.925760342086526,0.000655279096994901,0.000381539262816965,0.000764721848064315,0.00928404053865368,0.0828412871228908,0.0854099979611364,0.0771274168477743,0.0786230386612876,-0.00774362515428762,-0.00474597059349368,0.909067188530185,0.942760031154402,84.1167382690389,77.8719403951482,-6.24479787389065,82.8412871228908,85.4099979611364,77.1274168477743,78.6230386612876,-7.74362515428762,-4.74597059349368,-8.64906828929588,-3.84052745848542,FALSE,"primary","model"
29,120282,0.0870828590056196,0.0822461457909273,-0.00483671321469237,0.944458493095866,0.000647192203711574,0.000382948959835974,0.000759679445480896,0.00886189770485962,0.085822714670065,0.0883597177887237,0.081498690717408,0.0829998365900522,-0.00632565756763028,-0.00334776886175445,0.928195835111861,0.961006084533245,87.0828590056196,82.2461457909273,-4.83671321469237,85.822714670065,88.3597177887237,81.498690717408,82.9998365900522,-6.32565756763028,-3.34776886175445,-7.22513041577587,-2.44829601360886,FALSE,"primary","model"
30,111577,0.0893970126709254,0.0861862045339396,-0.00321080813698577,0.96408372001417,0.000626141898519014,0.000371915856199099,0.000737359173658878,0.00833111912144406,0.0881773697928123,0.0906318484926842,0.0854600492315278,0.0869179435769684,-0.00465600556102738,-0.00176561071294415,0.948469320811542,0.979955174935006,89.3970126709254,86.1862045339396,-3.21080813698577,88.1773697928123,90.6318484926842,85.4600492315277,86.9179435769684,-4.65600556102738,-1.76561071294415,-5.52905084345882,-0.892565430512711,FALSE,"primary","model"
31,102027,0.0919375822154676,0.0904717944599536,-0.00146578775551398,0.984056707603223,0.000637826077546765,0.000374978799471359,0.00075017495545173,0.00819463520865889,0.0906950814427787,0.0931953603555897,0.0897395327865632,0.0912094325644486,-0.00293610365030331,4.52813927534989e-06,0.96837783370405,0.999989436018876,91.9375822154676,90.4717944599536,-1.46578775551398,90.6950814427787,93.1953603555897,89.7395327865632,91.2094325644486,-2.93610365030331,0.00452813927534989,-3.82432302730714,0.89274751627918,FALSE,"primary","model"
32,91764,0.0951086272246432,0.0954570871557661,0.000348459931122855,1.0036638099118,0.000705533092607863,0.000411612121211248,0.000827727997390413,0.00869471336470087,0.0937347750683323,0.0965004715205317,0.094653385862155,0.0962668870419214,-0.00127385713275782,0.00197077699500353,0.986704959736355,1.02091413789571,95.1086272246432,95.4570871557661,0.348459931122855,93.7347750683323,96.5004715205317,94.653385862155,96.2668870419214,-1.27385713275782,1.97077699500353,-2.25390057572776,2.95082043797347,FALSE,"primary","model"
33,81398,0.0981358392413481,0.100306949211009,0.00217110996966052,1.02212351763071,0.00081216137190103,0.000476679923565499,0.000952629571565259,0.00965266909735982,0.0965554970633603,0.0997391916311858,0.0993765319780725,0.101245098247083,0.000303990318784793,0.00403822962053625,1.00296785481832,1.04164503406046,98.1358392413481,100.306949211009,2.17110996966052,96.5554970633603,99.7391916311858,99.3765319780725,101.245098247083,0.303990318784793,4.03822962053625,-0.823938624219709,5.16615856354075,FALSE,"primary","model"
34,70747,0.101609984671699,0.105532771919595,0.00392278724789651,1.03860631669782,0.000923946550312958,0.000549831309281316,0.00108601636533727,0.0105836878432299,0.0998133408362327,0.103435252199678,0.104459965242706,0.106615284671286,0.00179423428521437,0.00605134021057864,1.01728375235414,1.06037580821315,101.609984671699,105.532771919595,3.92278724789651,99.8133408362327,103.435252199678,104.459965242706,106.615284671286,1.79423428521437,6.05134021057864,0.508373203841739,7.33720129195127,FALSE,"primary","model"
35,59784,0.10528426801708,0.110798711722461,0.00551444370538108,1.05237671125269,0.00100785730933874,0.000608008793533768,0.00118840139854206,0.011137828067043,0.10332519143199,0.107276045379939,0.109612634395413,0.111996008831249,0.00318521976506161,0.00784366764570055,1.02965253316262,1.07560240636256,105.28426801708,110.798711722461,5.51444370538108,103.32519143199,107.276045379939,109.612634395413,111.996008831249,3.18521976506161,7.84366764570055,1.77813313523953,9.25075427552264,FALSE,"primary","model"
36,50300,0.109904400020247,0.116793753470187,0.00688935344993995,1.06268496483008,0.00106206489009396,0.000643142916596518,0.00125358272261524,0.011226441574148,0.107840005051257,0.112003352682831,0.115539107397262,0.11806020521492,0.00443237646197242,0.00934633043790748,1.03955763328182,1.08632681663909,109.904400020247,116.793753470187,6.88935344993995,107.840005051257,112.003352682831,115.539107397262,118.06020521492,4.43237646197242,9.34633043790748,2.94811408182726,10.8305928180526,FALSE,"primary","model"
37,39582,0.114789866114679,0.122803920186501,0.00801405407182197,1.06981499624554,0.00113287818332451,0.000677541934433676,0.00133194443675907,0.0114053484915768,0.112588086592706,0.117029025403711,0.121482125334637,0.124138064703594,0.00540349094636571,0.0106246171972782,1.04616558957346,1.09399901659781,114.789866114679,122.803920186501,8.01405407182197,112.588086592706,117.029025403711,121.482125334637,124.138064703594,5.40349094636571,10.6246171972782,3.82644701918014,12.2016611244638,FALSE,"primary","model"
38,30385,0.12005436704852,0.128943614456928,0.00888924740840763,1.07404351567499,0.00130431268105623,0.000762590981834368,0.00152156105651895,0.0124540089848805,0.117521373810306,0.122634368266984,0.127456329462692,0.130445659951532,0.00590704253735178,0.0118714522794635,1.04814412844037,1.10058287048747,120.05436704852,128.943614456928,8.88924740840763,117.521373810306,122.634368266984,127.456329462692,130.445659951532,5.90704253735178,11.8714522794635,4.10548944114007,13.6730053756752,FALSE,"primary","model"
39,22837,0.12516782622314,0.13467539230568,0.00950756608254022,1.07595854597323,0.00164125601141797,0.00094576223462772,0.00190341202216222,0.0149437591666415,0.121986285674877,0.128420208383133,0.132832480178566,0.136539847031354,0.00577694707136171,0.0132381850937187,1.04490158629741,1.10793859233679,125.16782622314,134.67539230568,9.50756608254022,121.986285674877,128.420208383133,132.832480178566,136.539847031354,5.77694707136171,13.2381850937187,3.52327620669191,15.4918559583885,FALSE,"primary","model"
40,15853,0.131396015255977,0.141359934563057,0.00996391930707957,1.075831213661,0.00217573008534268,0.00124884197286174,0.00251584602971627,0.018819576693523,0.127190077728862,0.135719408334965,0.138929906335787,0.143825367069122,0.00503295169818761,0.0148948869159715,1.03687138164598,1.11625493843794,131.396015255977,141.359934563057,9.96391930707957,127.190077728862,135.719408334965,138.929906335787,143.825367069122,5.03295169818761,14.8948869159715,2.05414898435064,17.8736896298085,FALSE,"primary","model"
41,10370,0.137569275602966,0.147758526276985,0.0101892506740188,1.07406632497961,0.00287216059049541,0.00165142832759223,0.00331848376452313,0.0237184394991611,0.132036132129592,0.14329601152854,0.144551003242043,0.151024657553264,0.00368514201227254,0.016693359335765,1.02527868361962,1.12517551460496,137.569275602966,147.758526276985,10.1892506740188,132.036132129592,143.29601152854,144.551003242043,151.024657553264,3.68514201227254,16.693359335765,-0.243996864600715,20.6224982126382,FALSE,"primary","model"
42,6233,0.143543731926597,0.153784893421315,0.0102411614947183,1.07134523644652,0.00370747073334278,0.00213765250261135,0.00428387030049144,0.0293593555622498,0.136429189822691,0.150964426919315,0.149641711169979,0.158021472234022,0.00184492999131436,0.0186373929981223,1.01143671445636,1.13480220685242,143.543731926597,153.784893421315,10.2411614947183,136.429189822691,150.964426919315,149.641711169979,158.021472234022,1.84492999131436,18.6373929981223,-3.2272422823874,23.7095652718241,FALSE,"primary","model"
43,3273,0.149521269520078,0.159704699718091,0.0101834301980132,1.06810690031391,0.00466690747512196,0.00269692218881611,0.00539389037784006,0.0355116871764928,0.140602973909817,0.158900650419878,0.154489407518145,0.165061680565739,-0.000388400679110472,0.0207552610751368,0.996293089180022,1.1450971234149,149.521269520078,159.704699718091,10.1834301980132,140.602973909817,158.900650419878,154.489407518145,165.061680565739,-0.388400679110472,20.7552610751368,-6.77485482052751,27.1417152165539,FALSE,"primary","model"
44,1704,0.156524198182174,0.166562245061106,0.0100380468789317,1.06413095863458,0.00572178443619795,0.00330977657275542,0.00661317132587969,0.0416257848610707,0.14563398380248,0.168068564375324,0.160175874123225,0.173150748403925,-0.00292353074338546,0.0229996245012489,0.980760905515746,1.15458792327073,156.524198182174,166.562245061106,10.0380468789317,145.63398380248,168.068564375324,160.175874123225,173.150748403925,-2.92353074338546,22.9996245012489,-10.7536334046445,30.8297271625079,FALSE,"primary","model"
15,40161,0.0804086111104533,0.066540776669698,-0.0138678344407554,0.827532968804724,0.000507272974256396,0.00212348261376107,0.00218287042350263,0.0325255562356222,0.0794199669939388,0.0814084738479473,0.0624977664544601,0.0708255722282636,-0.0181461818537382,-0.0095894870277725,0.776424983261105,0.882005125057219,80.4086111104533,66.540776669698,-13.8678344407554,79.4199669939388,81.4084738479473,62.4977664544601,70.8255722282636,-18.1461818537382,-9.5894870277725,-20.7307360214738,-7.00493286003696,FALSE,"broad","HC0"
16,98382,0.0797362944098456,0.0660678114750006,-0.0136684829348451,0.82857890455018,0.000395275368874029,0.0016530778657478,0.00169914439959659,0.0255005185168233,0.0789649984221008,0.080514465508481,0.0629007295108043,0.0693825508639526,-0.0169987447625874,-0.0103382211071028,0.788184320911485,0.871043717631472,79.7362944098456,66.0678114750006,-13.6684829348451,78.9649984221008,80.514465508481,62.9007295108043,69.3825508639526,-16.9987447625874,-10.3382211071028,-19.0105594320606,-8.3264064376296,FALSE,"broad","HC0"
17,195994,0.0810983548217847,0.0673480240531937,-0.013750330768591,0.830448708869525,0.00029887469346863,0.00124763323757841,0.00128264738917555,0.0188846416682416,0.0805144967336718,0.0816860706742385,0.06494351163765,0.0698349138101204,-0.0162642734562394,-0.0112363880809426,0.800273024665819,0.861762219651281,81.0983548217847,67.3480240531938,-13.750330768591,80.5144967336718,81.6860706742385,64.94351163765,69.8349138101204,-16.2642734562394,-11.2363880809426,-17.7829488754195,-9.71771266176244,FALSE,"broad","HC0"
18,369890,0.0833504837722074,0.0694448935694906,-0.0139055902027168,0.833167252625431,0.000216391377042469,0.000896972050623322,0.000922616214931979,0.013173571824926,0.0829273442115759,0.0837755851820094,0.0677073202577383,0.0712236516226512,-0.0157138847555361,-0.0120972956498975,0.811930446239074,0.854959527706896,83.3504837722074,69.4448935694906,-13.9055902027168,82.9273442115759,83.7755851820094,67.7073202577383,71.2236516226512,-15.7138847555361,-12.0972956498975,-16.8062773949932,-11.0049030104404,FALSE,"broad","HC0"
19,635199,0.0858796288543221,0.0718727932604812,-0.014006835593841,0.836901535548077,0.000160552467393544,0.0006298240522425,0.000649207648635424,0.00895133156303736,0.0855654737068171,0.0861948287057569,0.0706480985260038,0.0731170479536835,-0.0152792592036543,-0.0127344119840276,0.822346744468651,0.851713933220818,85.8796288543221,71.8727932604812,-14.006835593841,85.5654737068171,86.1948287057569,70.6480985260039,73.1170479536835,-15.2792592036543,-12.7344119840276,-16.0479316433652,-11.9657395443167,FALSE,"broad","HC0"
20,834055,0.0855696360585358,0.0719961642749592,-0.0135734717835766,0.841375137153893,0.000132334184921996,0.000480251371492758,0.000497763002681583,0.00684286698709552,0.0853106218748792,0.0858293628515803,0.0710605459797632,0.0729431340729359,-0.014549069341669,-0.0125978742254841,0.830166139221721,0.852735480255071,85.5696360585358,71.9961642749593,-13.5734717835766,85.3106218748792,85.8293628515803,71.0605459797632,72.9431340729359,-14.549069341669,-12.5978742254841,-15.1384288516398,-12.0085147155133,FALSE,"broad","HC0"
21,972880,0.084283899450285,0.0714129603846293,-0.0128709390656557,0.847290655159499,0.00012644405329574,0.000449051000520277,0.000466741156164777,0.00646730176438969,0.0840364042455057,0.0845320562838591,0.0705378274687024,0.0722981061617489,-0.0137857349218413,-0.0119561432094702,0.836618452785988,0.858098995940095,84.283899450285,71.4129603846293,-12.8709390656557,84.0364042455057,84.5320562838591,70.5378274687024,72.2981061617489,-13.7857349218413,-11.9561432094702,-14.3383640598016,-11.4035140715098,FALSE,"broad","HC0"
22,1121260,0.0832373074206987,0.0711798882687958,-0.0120574191519029,0.855144051080819,0.000121656443469834,0.000440108989226834,0.000457122013354683,0.00635961239175969,0.0829991754760338,0.083476060392132,0.0703221019226173,0.0720473269894389,-0.0129533618346185,-0.0111614764691873,0.844551168158642,0.86586979649,83.2373074206987,71.1798882687958,-12.0574191519029,82.9991754760338,83.476060392132,70.3221019226173,72.0473269894389,-12.9533618346185,-11.1614764691873,-13.4946017506753,-10.6202365531304,FALSE,"broad","HC0"
23,1242664,0.082501780615523,0.0713869580455141,-0.0111148225700089,0.86527778567827,0.00010995011245342,0.000406757175724278,0.000421926749846057,0.00585868410886131,0.0822865383339067,0.0827175351726982,0.0705938264665677,0.0721883084435563,-0.0119417838038212,-0.0102878613361966,0.855398793242821,0.875270870502334,82.501780615523,71.3869580455141,-11.1148225700089,82.2865383339068,82.7175351726982,70.5938264665677,72.1883084435563,-11.9417838038212,-10.2878613361966,-12.441351954112,-9.78829318590574,FALSE,"broad","HC0"
24,1360984,0.0820387023727453,0.0720209967532721,-0.0100177056194732,0.877890491563879,9.511260490405e-05,0.000359695364037114,0.000372686107376767,0.00513482699002835,0.0818524778585631,0.0822253126274518,0.071319181634934,0.072729177215057,-0.0107481569674701,-0.00928725427147628,0.869099645038176,0.886770256527278,82.0387023727453,72.0209967532721,-10.0177056194732,81.8524778585631,82.2253126274518,71.319181634934,72.729177215057,-10.7481569674701,-9.28725427147628,-11.1894233943302,-8.84598784461611,FALSE,"broad","HC0"
25,1485728,0.0818334791164876,0.0731058068668605,-0.00872767224962713,0.893348390611579,8.48519352383883e-05,0.000330401820859344,0.000341754703425429,0.00464468310295289,0.0816673262324265,0.081999939855746,0.0724608672692503,0.0737560303070547,-0.00939749915988814,-0.00805784533936612,0.885252777266922,0.901518038127164,81.8334791164876,73.1058068668605,-8.72767224962713,81.6673262324265,81.999939855746,72.4608672692503,73.7560303070547,-9.39749915988814,-8.05784533936612,-9.80214230020982,-7.65320219904444,FALSE,"broad","HC0"
26,1599762,0.081626144732375,0.0744330355396437,-0.00719310919273138,0.911877386634942,8.41023324768023e-05,0.0003399501012388,0.000350809996378381,0.00468949448675643,0.0814614587615892,0.0817911339931092,0.0737694818321719,0.0751020739290277,-0.00788068415104963,-0.00650553423441312,0.903534501912677,0.920297306296483,81.6261447323751,74.4330355396437,-7.19310919273138,81.4614587615892,81.7911339931092,73.7694818321719,75.1020739290277,-7.88068415104963,-6.50553423441312,-8.29604890585178,-6.09016947961097,FALSE,"broad","HC0"
27,1705131,0.0813400315057868,0.075961515301427,-0.00537851620435979,0.933876148007428,8.83383892297817e-05,0.000369947616999039,0.000380869023124325,0.00499624332313953,0.0811670593157284,0.0815133396093452,0.0752395999655287,0.0766897829058755,-0.00612500577251042,-0.00463202663620916,0.924775835939309,0.943066012242157,81.3400315057868,75.961515301427,-5.37851620435979,81.1670593157284,81.5133396093452,75.2395999655287,76.6897829058755,-6.12500577251042,-4.63202663620916,-6.57596090501792,-4.18107150370166,FALSE,"broad","HC0"
28,1801255,0.0808553569713606,0.0775857274084448,-0.00326962956291584,0.959561992112978,8.87320057083032e-05,0.000383589781392166,0.000394176624006951,0.00507008072515887,0.080681615927928,0.0810294391747548,0.076837233634147,0.0783408937280841,-0.00404220154951704,-0.00249705757631463,0.950073876690826,0.969144862623627,80.8553569713607,77.5857274084448,-3.26962956291584,80.681615927928,81.0294391747548,76.837233634147,78.3408937280841,-4.04220154951704,-2.49705757631463,-4.50891309841713,-2.03034602741454,FALSE,"broad","HC0"
29,1867931,0.0804585159912372,0.079523725530963,-0.000934790460274226,0.988381708899825,8.38809900068579e-05,0.000375197426997198,0.000384909651110063,0.00483746474832006,0.0802942654657875,0.0806230730550672,0.0787914514866838,0.0802622122483608,-0.00168919951375183,-0.000180381406796625,0.979054893053121,0.997797375223102,80.4585159912372,79.523725530963,-0.934790460274226,80.2942654657875,80.6230730550672,78.7914514866838,80.2622122483608,-1.68919951375183,-0.180381406796625,-2.1449388156669,0.275357895118447,FALSE,"broad","HC0"
30,1891101,0.0801497613630417,0.0817095585876157,0.00155979722457396,1.0194610339201,7.69414421474055e-05,0.000359137658749293,0.000367748361450075,0.0045046567982495,0.0799990883554706,0.0803006933838054,0.0810084181600548,0.0824162232661577,0.000839023680758194,0.00228057076838972,1.01049986517741,1.02850167080326,80.1497613630417,81.7095585876157,1.55979722457396,79.9990883554706,80.3006933838054,81.0084181600548,82.4162232661577,0.839023680758194,2.28057076838972,0.40360362557297,2.71599082357495,FALSE,"broad","HC0"
31,1886171,0.0796934524330429,0.0838239644202355,0.00413051198719258,1.05183000436156,7.24963976478239e-05,0.00035631739577337,0.000364096723496427,0.00435302997176466,0.0795514777566569,0.0798356585129964,0.0831282329871988,0.0845249818928188,0.00341689552225055,0.00484412845213462,1.04289419349571,1.06084237976899,79.6934524330429,83.8239644202355,4.13051198719258,79.5514777566569,79.8356585129965,83.1282329871988,84.5249818928188,3.41689552225055,4.84412845213462,2.98579906593338,5.27522490845179,FALSE,"broad","HC0"
32,1798093,0.0794631237028544,0.086167071874035,0.00670394817118063,1.08436552527496,7.44505057986601e-05,0.000383470960042095,0.0003911538571301,0.00455442802772368,0.0793173257518997,0.0796091664804991,0.0854184453642122,0.0869216359468048,0.00593730069879171,0.00747059564356955,1.07472899455781,1.09408846170438,79.4631237028544,86.167071874035,6.70394817118063,79.3173257518997,79.6091664804991,85.4184453642122,86.9216359468048,5.93730069879171,7.47059564356955,5.47416815515256,7.93372818720869,FALSE,"broad","HC0"
33,1665495,0.0796252246116656,0.0888460536059277,0.0092208289942621,1.11580286321618,8.22239240754066e-05,0.000436271672361052,0.000444513717218807,0.00502484650936699,0.0794642175842014,0.0797865295894578,0.0879946821758858,0.089704852060922,0.00834959811787922,0.010092059870645,1.10486779392554,1.12684615879511,79.6252246116656,88.8460536059278,9.2208289942621,79.4642175842014,79.7865295894578,87.9946821758858,89.704852060922,8.34959811787922,10.092059870645,7.82328662999438,10.6183713585298,FALSE,"broad","HC0"
34,1508275,0.0802540675379163,0.0918705526601223,0.011616485122206,1.14474637209781,9.17946970909622e-05,0.00049530140675886,0.000504300438395836,0.00551829316979403,0.0800743372083755,0.0804341660074128,0.0909043788887036,0.0928459466059991,0.0106280744255624,0.0126048958188496,1.13243190384907,1.15719475226455,80.2540675379163,91.8705526601223,11.616485122206,80.0743372083755,80.4341660074128,90.9043788887036,92.8459466059991,10.6280744255624,12.6048958188496,10.0309744851292,13.2019957592828,FALSE,"broad","HC0"
35,1321363,0.0818587346772985,0.0957418931984071,0.0138831585211086,1.16959898752208,9.96369065013515e-05,0.000543034375143112,0.000552680743134113,0.00580804902122158,0.0816636619789611,0.0820542317168034,0.0946828420014837,0.0968115234028311,0.0127999241696169,0.0149663928726003,1.15636027405122,1.18298926581084,81.8587346772985,95.7418931984071,13.8831585211086,81.6636619789611,82.0542317168034,94.6828420014837,96.8115234028311,12.7999241696169,14.9663928726003,12.1455411596523,15.6207758825649,FALSE,"broad","HC0"
36,1103345,0.0840806123171605,0.0999900776029857,0.0159094652858253,1.18921681047961,0.000103733709546397,0.000569883534177562,0.000579882999498861,0.00583891041505731,0.0838775211057242,0.0842841500292117,0.0988786586286217,0.101112587419173,0.0147729154915605,0.0170460150800901,1.17568492642868,1.20290444364481,84.0806123171605,99.9900776029857,15.9094652858253,83.8775211057242,84.2841500292118,98.8786586286217,101.112587419173,14.7729154915605,17.0460150800901,14.0863245665944,17.7326060050562,FALSE,"broad","HC0"
37,882785,0.086900979634635,0.104601406323839,0.0177004266892037,1.20368500750651,0.00010769373416946,0.000599362870936429,0.000609631502326434,0.00587011026647108,0.0866901356108446,0.0871122875523425,0.103432489001829,0.105781975266401,0.0165055709008028,0.0188952824776045,1.18991572617791,1.21761362205857,86.900979634635,104.601406323839,17.7004266892037,86.6901356108446,87.1122875523425,103.432489001829,105.781975266401,16.5055709008028,18.8952824776045,15.7837572635131,19.6170961148943,FALSE,"broad","HC0"
38,688250,0.0903112270365024,0.109596539083323,0.0192853120468203,1.2135427972762,0.000118911526327679,0.000677403115989048,0.000688356107383563,0.00632611349299663,0.0900784354407069,0.0905445603756293,0.108275888510671,0.110931293886307,0.0179361588678103,0.0206344652258303,1.19858903231868,1.22868312750369,90.3112270365024,109.596539083323,19.2853120468203,90.0784354407069,90.5445603756293,108.275888510671,110.931293886307,17.9361588678103,20.6344652258303,17.1211340147228,21.4494900789178,FALSE,"broad","HC0"
39,526483,0.0939001733360567,0.114522625876453,0.0206224525403967,1.21962102739248,0.000144524941338274,0.000844064642936533,0.000856757690942571,0.00753360925380124,0.0936172923765304,0.094183820248608,0.112878664251816,0.116187394317327,0.0189432383226716,0.0223016667581219,1.2017448884884,1.23776307659514,93.9001733360567,114.522625876453,20.6224525403967,93.6172923765304,94.1838202486081,112.878664251816,116.187394317327,18.9432383226716,22.3016667581219,17.9288232492785,23.316081831515,FALSE,"broad","HC0"
40,375841,0.0984306949152868,0.120291210251217,0.0218605153359303,1.22209042976629,0.000188768323024503,0.00111751933535576,0.00113359711174263,0.0094884871576126,0.0980613347196021,0.0988012939509523,0.118118069435838,0.122498778917253,0.0196387058239361,0.0240823248479244,1.19957312742252,1.24503040655419,98.4306949152868,120.291210251217,21.8605153359303,98.0613347196021,98.8012939509523,118.118069435838,122.498778917253,19.6387058239361,24.0823248479244,18.296508363133,25.4245223087275,FALSE,"broad","HC0"
41,255445,0.1029230173326,0.125784435931375,0.0228614185987749,1.22212153501969,0.000249459875333252,0.00148187262039148,0.0015028420769161,0.0120289366205952,0.102435112029375,0.103412978810282,0.122908610979213,0.128717674679592,0.019915902253568,0.0258069349439819,1.19364545149929,1.25127695538307,102.9230173326,125.784435931375,22.8614185987749,102.435112029375,103.412978810282,122.908610979213,128.717674679592,19.915902253568,25.8069349439819,18.1365127343728,27.5863244631771,FALSE,"broad","HC0"
42,163280,0.108031015414749,0.131806896047914,0.0237758806331645,1.22008383927416,0.00032559348033893,0.00192961482647402,0.00195691373435023,0.014946931344395,0.107394518487745,0.108670825413356,0.128070724455453,0.135635107058219,0.0199404001929862,0.0276113610733427,1.18485941448787,1.25635544323324,108.031015414749,131.806896047914,23.7758806331645,107.394518487745,108.670825413356,128.070724455453,135.635107058219,19.9404001929862,27.6113610733427,17.6233824288726,29.9283788374563,FALSE,"broad","HC0"
43,96885,0.112575392138903,0.13702906913812,0.0244536769992168,1.21722044697872,0.000412261046954909,0.00243274010683372,0.00246734639327948,0.0181265345402484,0.111769903740793,0.113385944407353,0.132330390116656,0.141867306539524,0.0196177669310042,0.0292895870674293,1.17473499079402,1.26124243182848,112.575392138903,137.02906913812,24.4536769992168,111.769903740793,113.385944407353,132.330390116656,141.867306539524,19.6177669310042,29.2895870674293,16.6963885773751,32.2109654210584,FALSE,"broad","HC0"
44,53779,0.117888443572337,0.143051668671284,0.0251632250989467,1.2134494640563,0.000510717367225357,0.00299688365562568,0.00303989431032737,0.0213912572324853,0.116891131844195,0.118893118762078,0.137277741528545,0.149026497965318,0.0192051417338968,0.0311213084639966,1.16362601738166,1.26540622143512,117.888443572337,143.051668671284,25.1632250989467,116.891131844195,118.893118762078,137.277741528545,149.026497965318,19.2051417338968,31.1213084639966,15.605857312504,34.7205928853894,FALSE,"broad","HC0"
15,40161,0.0804086111104533,0.066540776669698,-0.0138678344407554,0.827532968804724,0.000504696028530469,0.00212536343328347,0.00218409139714585,0.0325469459001734,0.0794249611215567,0.0814033660285048,0.0624942891915402,0.0708294780318598,-0.018148574918105,-0.00958709396340572,0.776392433900434,0.882042102108612,80.4086111104533,66.540776669698,-13.8678344407554,79.4249611215567,81.4033660285048,62.4942891915402,70.8294780318598,-18.148574918105,-9.58709396340572,-20.7345747385391,-7.00109414297166,FALSE,"broad","model"
16,98382,0.0797362944098456,0.0660678114750006,-0.0136684829348451,0.82857890455018,0.000393099318557494,0.00165445008508076,0.00170000615841157,0.025516005885915,0.0789692257902909,0.0805101626515322,0.0628981603021995,0.0693853653296876,-0.0170004337788281,-0.0103365320908621,0.788160396187316,0.871070158290992,79.7362944098456,66.0678114750006,-13.6684829348451,78.9692257902909,80.5101626515322,62.8981603021995,69.3853653296876,-17.0004337788281,-10.3365320908621,-19.0132687847871,-8.32369708490312,FALSE,"broad","model"
17,195994,0.0810983548217847,0.0673480240531937,-0.013750330768591,0.830448708869525,0.000297161069477097,0.00124844954199986,0.00128307628933598,0.018892830456924,0.0805178333765893,0.0816826899204642,0.0649419648718161,0.069836568410658,-0.0162651140851068,-0.0112355474520752,0.800260180602203,0.861776050813995,81.0983548217847,67.3480240531938,-13.750330768591,80.5178333765893,81.6826899204642,64.9419648718161,69.836568410658,-16.2651140851068,-11.2355474520752,-17.784297329069,-9.71636420811293,FALSE,"broad","model"
18,369890,0.0833504837722074,0.0694448935694906,-0.0139055902027168,0.833167252625431,0.000215109118901819,0.000897084053194999,0.00092244287658626,0.0131723437632046,0.0829298458214193,0.0837730603906107,0.0677071058300151,0.0712238763364225,-0.0157135450186214,-0.0120976353868122,0.81193240052289,0.854957469858771,83.3504837722074,69.4448935694906,-13.9055902027168,82.9298458214193,83.7730603906107,67.7071058300151,71.2238763364225,-15.7135450186214,-12.0976353868122,-16.8057324226513,-11.0054479827823,FALSE,"broad","model"
19,635199,0.0858796288543221,0.0718727932604812,-0.014006835593841,0.836901535548077,0.000159654472177619,0.000628978916312055,0.000648229018188648,0.00893838003217971,0.0855672279256833,0.0861930628331847,0.0706497289025877,0.0731153651185546,-0.0152773411232245,-0.0127363300644575,0.822367619622519,0.851692313133909,85.8796288543221,71.8727932604812,-14.006835593841,85.5672279256833,86.1930628331847,70.6497289025877,73.1153651185546,-15.2773411232245,-12.7363300644575,-16.0448548485322,-11.9688163391497,FALSE,"broad","model"
20,834055,0.0855696360585358,0.0719961642749592,-0.0135734717835766,0.841375137153893,0.000131855779276971,0.000478615918477866,0.000496178433728354,0.00682088299059725,0.0853115569639153,0.085828422619502,0.071063713007874,0.0729398898631638,-0.0145459636435896,-0.0126009799235635,0.830201910059279,0.852698738515532,85.5696360585358,71.9961642749593,-13.5734717835766,85.3115569639154,85.828422619502,71.063713007874,72.9398898631639,-14.5459636435896,-12.6009799235635,-15.1334469980873,-12.0134965690658,FALSE,"broad","model"
21,972880,0.084283899450285,0.0714129603846293,-0.0128709390656557,0.847290655159499,0.000126292310779293,0.000447485487652115,0.0004653080145918,0.00644693821573267,0.0840367008626664,0.0845317580796411,0.0705408611329059,0.0722950028039671,-0.0137829260159735,-0.011958952115338,0.836651844419085,0.858064748329188,84.283899450285,71.4129603846293,-12.8709390656557,84.0367008626664,84.5317580796411,70.5408611329059,72.2950028039671,-13.7829260159735,-11.958952115338,-14.3338582909476,-11.4080198403639,FALSE,"broad","model"
22,1121260,0.0832373074206987,0.0711798882687958,-0.0120574191519029,0.855144051080819,0.000121663339890224,0.000439069993452527,0.000456194008783814,0.00634629496168283,0.082999161994468,0.0834760739441089,0.0703241156610421,0.0720452677306183,-0.0129515429790821,-0.0111632953247236,0.844573212653476,0.865847196125733,83.2373074206987,71.1798882687958,-12.0574191519029,82.999161994468,83.4760739441089,70.3241156610421,72.0452677306183,-12.9515429790821,-11.1632953247236,-13.4916841225982,-10.6231541812075,FALSE,"broad","model"
23,1242664,0.082501780615523,0.0713869580455141,-0.0111148225700089,0.86527778567827,0.000110002528949723,0.000406140778083401,0.000421391193982223,0.00585098143259446,0.0822864358435097,0.0827176381516458,0.0705950221909319,0.0721870878284961,-0.0119407341336164,-0.0102889110064014,0.855411707268569,0.875257656665696,82.501780615523,71.3869580455141,-11.1148225700089,82.2864358435097,82.7176381516458,70.5950221909319,72.1870878284961,-11.9407341336164,-10.2889110064014,-12.4396681770335,-9.78997696298426,FALSE,"broad","model"
24,1360984,0.0820387023727453,0.0720209967532721,-0.0100177056194732,0.877890491563879,9.51689647158415e-05,0.000359135414080454,0.000372192960634586,0.005127824150824,0.0818523676238178,0.0822254233194804,0.0713202692517473,0.0727280697953419,-0.0107471904176163,-0.00928822082133005,0.869111573784373,0.886758085411802,82.0387023727453,72.0209967532721,-10.0177056194732,81.8523676238178,82.2254233194804,71.3202692517473,72.7280697953419,-10.7471904176163,-9.28822082133005,-11.1878729506942,-8.84753828825216,FALSE,"broad","model"
25,1485728,0.0818334791164876,0.0731058068668605,-0.00872767224962713,0.893348390611579,8.488353510848e-05,0.000329412084603169,0.000340841881238986,0.00463204077611632,0.0816672644124061,0.082000001905107,0.07246279136473,0.0737540746028801,-0.00939571006127842,-0.00805963443797584,0.885274712779302,0.901495700134448,81.8334791164876,73.1058068668605,-8.72767224962713,81.6672644124061,82.000001905107,72.46279136473,73.7540746028801,-9.39571006127842,-8.05963443797584,-9.79927240525004,-7.65607209400422,FALSE,"broad","model"
26,1599762,0.081626144732375,0.0744330355396437,-0.00719310919273138,0.911877386634942,8.41365497156958e-05,0.000338347529934897,0.000349296768816463,0.00466900571923275,0.0814613918203635,0.0817912011811737,0.0737725971053482,0.0750989070665866,-0.00787771827952786,-0.0065085001059349,0.903570786098864,0.920260350432789,81.6261447323751,74.4330355396437,-7.19310919273138,81.4613918203635,81.7912011811737,73.7725971053482,75.0989070665866,-7.87771827952786,-6.5085001059349,-8.29129134822726,-6.09492703723549,FALSE,"broad","model"
27,1705131,0.0813400315057868,0.075961515301427,-0.00537851620435979,0.933876148007428,8.83811532711399e-05,0.000368013137706707,0.000379025966667709,0.00497185447488481,0.0811669756622762,0.0815134235881032,0.0752433584621476,0.076685958150034,-0.00612139344823398,-0.00463563896048561,0.924820042449927,0.943020933571962,81.3400315057868,75.961515301427,-5.37851620435979,81.1669756622762,81.5134235881032,75.2433584621476,76.685958150034,-6.12139344823398,-4.63563896048561,-6.57016637185037,-4.18686603686922,FALSE,"broad","model"
28,1801255,0.0808553569713606,0.0775857274084448,-0.00326962956291584,0.959561992112978,8.8805188442932e-05,0.000381643695569041,0.000392312224049454,0.005045977241411,0.0806814727736777,0.0810295828919884,0.076841014245418,0.0783370455841333,-0.00403854739274757,-0.0025007117330841,0.950118761103156,0.9690990794022,80.8553569713607,77.5857274084448,-3.26962956291584,80.6814727736777,81.0295828919884,76.8410142454181,78.3370455841333,-4.03854739274757,-2.5007117330841,-4.50305146170355,-2.03620766412813,FALSE,"broad","model"
29,1867931,0.0804585159912372,0.079523725530963,-0.000934790460274226,0.988381708899825,8.39793282865975e-05,0.000373234789561704,0.000383008045125787,0.00481353403296562,0.0802940730856184,0.0806232661544012,0.0787952658804702,0.0802583330281911,-0.00168547243450986,-0.000184108486038592,0.979100815074803,0.997750576290864,80.4585159912372,79.523725530963,-0.934790460274226,80.2940730856184,80.6232661544012,78.7952658804702,80.2583330281911,-1.68547243450986,-0.184108486038592,-2.13896020393856,0.26937928339011,FALSE,"broad","model"
30,1891101,0.0801497613630417,0.0817095585876157,0.00155979722457396,1.0194610339201,7.70530876997914e-05,0.000356777011130085,0.000365416176485534,0.00447613903988169,0.079998869910066,0.0803009125814354,0.0810130088634301,0.0824115601785046,0.000843594679293979,0.00227599976985394,1.01055634741236,1.02844418556439,80.1497613630417,81.7095585876157,1.55979722457396,79.998869910066,80.3009125814354,81.0130088634301,82.4115601785046,0.843594679293979,2.27599976985394,0.410935969127285,2.70865848002063,FALSE,"broad","model"
31,1886171,0.0796934524330429,0.0838239644202355,0.00413051198719258,1.05183000436156,7.25735945533552e-05,0.000352967098989869,0.000360734169779138,0.00431296126349267,0.0795513266998816,0.0798358100628487,0.0831347501245762,0.0845183658180777,0.00342348600643251,0.00483753796795265,1.04297609855627,1.06075907166683,79.6934524330429,83.8239644202355,4.13051198719258,79.5513266998816,79.8358100628487,83.1347501245762,84.5183658180777,3.42348600643251,4.83753796795265,2.99637086853474,5.26465310585042,FALSE,"broad","model"
32,1798093,0.0794631237028544,0.086167071874035,0.00670394817118063,1.08436552527496,7.44502127099711e-05,0.000378808931196743,0.000386442057811606,0.00449978844643333,0.0793173263253797,0.0796091659050914,0.0854275112429115,0.0869124265743962,0.00594653565575833,0.00746136068660292,1.07484409518076,1.09397130028155,79.4631237028544,86.167071874035,6.70394817118063,79.3173263253797,79.6091659050914,85.4275112429115,86.9124265743962,5.94653565575833,7.46136068660292,5.48898195932653,7.91891438303472,FALSE,"broad","model"
33,1665495,0.0796252246116656,0.0888460536059277,0.0092208289942621,1.11580286321618,8.21262298597838e-05,0.00043051072934665,0.000438677903941154,0.00495918466333741,0.0794644087078057,0.0797863377582557,0.088005876310443,0.0896934630744711,0.00836103610172392,0.0100806218868003,1.10500999387428,1.12670114882515,79.6252246116656,88.8460536059278,9.2208289942621,79.4644087078057,79.7863377582558,88.005876310443,89.6934630744711,8.36103610172392,10.0806218868003,7.84163431189834,10.6000236766259,FALSE,"broad","model"
34,1508275,0.0802540675379163,0.0918705526601223,0.011616485122206,1.14474637209781,9.16352302100354e-05,0.00048890916382469,0.000497820663963782,0.00544776663733947,0.0800746491192534,0.0804338528185713,0.090916789647212,0.0928332993964081,0.0106407745500772,0.0125921956943348,1.13258845012306,1.15703480490968,80.2540675379163,91.8705526601223,11.616485122206,80.0746491192534,80.4338528185713,90.916789647212,92.8332993964081,10.6407745500772,12.5921956943348,10.0513467682082,13.1816234762038,FALSE,"broad","model"
35,1321363,0.0818587346772985,0.0957418931984071,0.0138831585211086,1.16959898752208,9.94341820163351e-05,0.000536391860834694,0.000545941104800979,0.00573763624091011,0.0816640584498854,0.0820538335208791,0.0946957329440957,0.0967983752338181,0.0128131336180187,0.0149531834241985,1.15651987031336,1.18282601685178,81.8587346772985,95.7418931984071,13.8831585211086,81.6640584498854,82.0538335208791,94.6957329440957,96.7983752338181,12.8131336180187,14.9531834241985,12.1667304497136,15.5995865925036,FALSE,"broad","model"
36,1103345,0.0840806123171605,0.0999900776029857,0.0159094652858253,1.18921681047961,0.000103471259351515,0.000562941573829663,0.000572846041149596,0.00576850343245592,0.0838780343713814,0.0842836345070858,0.0988921308185392,0.101098846672023,0.0147867076764857,0.0170322228951648,1.17584717644125,1.20273846011821,84.0806123171605,99.9900776029857,15.9094652858253,83.8780343713814,84.2836345070858,98.8921308185392,101.098846672023,14.7867076764857,17.0322228951648,14.1084486249254,17.7104819467252,FALSE,"broad","model"
37,882785,0.086900979634635,0.104601406323839,0.0177004266892037,1.20368500750651,0.000107316131024927,0.000590973437112377,0.000601177959480053,0.0057893213794672,0.0866908740770902,0.0871115458387266,0.103448770599597,0.105765369770603,0.0165221395403235,0.0188787138380839,1.19010415628921,1.21742083635229,86.900979634635,104.601406323839,17.7004266892037,86.6908740770902,87.1115458387266,103.448770599597,105.765369770603,16.5221395403235,18.8787138380839,15.810335035578,19.5905183428294,FALSE,"broad","model"
38,688250,0.0903112270365024,0.109596539083323,0.0192853120468203,1.2135427972762,0.000118311076140065,0.000665203287115667,0.00067615976345087,0.00621501775382031,0.0900796095751827,0.0905433807838423,0.108299548911719,0.110907130035242,0.0179600632626615,0.0206105608309791,1.19885004588257,1.22841561868296,90.3112270365024,109.596539083323,19.2853120468203,90.0796095751827,90.5433807838423,108.299548911719,110.907130035242,17.9600632626615,20.6105608309791,17.1594790796215,21.4111450140191,FALSE,"broad","model"
39,526483,0.0939001733360567,0.114522625876453,0.0206224525403967,1.21962102739248,0.000143601255434518,0.00082559000319212,0.000838374058454595,0.00737350006580303,0.0936190978928095,0.0941820049729185,0.1129144252985,0.116150732415745,0.018979269580253,0.0222656355005404,1.20212206511675,1.23737471727834,93.9001733360567,114.522625876453,20.6224525403967,93.6190978928095,94.1820049729185,112.9144252985,116.150732415745,18.979269580253,22.2656355005404,17.9866210274254,23.2582840533681,FALSE,"broad","model"
40,375841,0.0984306949152868,0.120291210251217,0.0218605153359303,1.22209042976629,0.000187443970644765,0.00109095383869535,0.0011072132699684,0.009269807013613,0.0980639217521336,0.0987986895966026,0.118169332149374,0.122445898846696,0.0196904172035874,0.0240306134682731,1.20008738090835,1.24449689438106,98.4306949152868,120.291210251217,21.8605153359303,98.0639217521336,98.7986895966026,118.169332149374,122.445898846696,19.6904172035874,24.0306134682731,18.3794586415683,25.3415720302922,FALSE,"broad","model"
41,255445,0.1029230173326,0.125784435931375,0.0228614185987749,1.22212153501969,0.000247673197051625,0.00144605905741746,0.00146730359970005,0.0117472904926023,0.102438599202237,0.103409462289491,0.122977441629939,0.128646102484375,0.0199855563889769,0.025737280808573,1.19430454510431,1.25058642075957,102.9230173326,125.784435931375,22.8614185987749,102.438599202237,103.409462289491,122.977441629939,128.646102484375,19.9855563889769,25.737280808573,18.2482450061725,27.4745921913774,FALSE,"broad","model"
42,163280,0.108031015414749,0.131806896047914,0.0237758806331645,1.22008383927416,0.000323317949104522,0.00188342429521066,0.00191108371227798,0.0146003317126255,0.10739895541427,0.108666342339413,0.128159094585456,0.135542383385924,0.0200302253856585,0.0275215358806704,1.18566458995345,1.2555022621671,108.031015414749,131.806896047914,23.7758806331645,107.39895541427,108.666342339413,128.159094585456,135.542383385924,20.0302253856585,27.5215358806704,17.7674711148237,29.7842901515052,FALSE,"broad","model"
43,96885,0.112575392138903,0.13702906913812,0.0244536769992168,1.21722044697872,0.000409435410093159,0.00237547089654397,0.00241052892538469,0.0177132117598019,0.11177540737056,0.113380371600021,0.132439415080339,0.141751788571624,0.0197291271217707,0.0291782268766628,1.17568702655192,1.26022111589375,112.575392138903,137.02906913812,24.4536769992168,111.77540737056,113.380371600021,132.439415080339,141.751788571624,19.7291271217707,29.1782268766628,16.8750215763975,32.032332422036,FALSE,"broad","model"
44,53779,0.117888443572337,0.143051668671284,0.0251632250989467,1.2134494640563,0.000507348665420449,0.00292753508503456,0.00297108109624112,0.020911729383157,0.116897686083413,0.118886467704334,0.137409107783753,0.148885942234772,0.0193400131551663,0.0309864370427271,1.16472017390013,1.26421747885409,117.888443572337,143.051668671284,25.1632250989467,116.897686083413,118.886467704334,137.409107783753,148.885942234772,19.3400131551663,30.9864370427271,15.822204701081,34.5042454968124,FALSE,"broad","model"
15,40557,0.0803201216364254,0.069024240448463,-0.0112958811879624,0.859364242012805,0.000506652097556023,0.00180474376043987,0.00187403581822995,0.0268906697854668,0.079332687514707,0.0813187605479945,0.0655698301515008,0.07264649063819,-0.0149689238974311,-0.0076228384784936,0.815244540633374,0.905871629482472,80.3201216364254,69.024240448463,-11.2958811879624,79.332687514707,81.3187605479945,65.5698301515008,72.64649063819,-14.9689238974311,-7.6228384784936,-17.1878128577387,-5.40394951818603,FALSE,"prepregnancy","HC0"
16,99756,0.079676827761136,0.0688514993255304,-0.0108253284356057,0.864134545265042,0.000394894184069056,0.00140996369081864,0.00146352370186363,0.0210607334618459,0.0789062750876964,0.0804542479410607,0.0661388543799607,0.0716668635756484,-0.0136937821817791,-0.00795687468943221,0.829190730202733,0.900550965081158,79.676827761136,68.8514993255304,-10.8253284356057,78.9062750876964,80.4542479410607,66.1388543799607,71.6668635756484,-13.6937821817791,-7.95687468943221,-15.4266181039233,-6.22403876728806,FALSE,"prepregnancy","HC0"
17,199402,0.0810478452288921,0.0704663746989305,-0.0105814705299615,0.869441679787072,0.000298617167008572,0.00106683566461046,0.0011074279376909,0.0155763904586147,0.0804644898904768,0.0816350543392641,0.0684038710865334,0.072586221158635,-0.0127519894033092,-0.00841095165661391,0.84329943278046,0.896394335353193,81.0478452288921,70.4663746989305,-10.5814705299615,80.4644898904768,81.6350543392641,68.4038710865334,72.586221158635,-12.7519894033092,-8.41095165661391,-14.0632021354113,-7.09973892451179,FALSE,"prepregnancy","HC0"
18,378795,0.0833693590250659,0.072961036857996,-0.0104083221670699,0.875154105911495,0.000216380968403108,0.000768752374440818,0.000798639868462062,0.0108516262653029,0.0829462395251913,0.083794439692786,0.0714685693083239,0.0744821713265344,-0.0119736275458734,-0.00884301678826646,0.856737178389622,0.893966934566063,83.3693590250659,72.961036857996,-10.4083221670699,82.9462395251913,83.794439692786,71.4685693083239,74.4821713265344,-11.9736275458734,-8.84301678826646,-12.9192301699821,-7.89741416415775,FALSE,"prepregnancy","HC0"
19,653855,0.0859263882470412,0.0757224097929264,-0.0102039784541148,0.881247441417204,0.000160560832783928,0.000540852769818446,0.000563560285819292,0.00737564673096755,0.0856122164421409,0.0862416042316774,0.0746691463995791,0.0767892973190377,-0.0113085363174377,-0.00909942059079188,0.868599764357357,0.89407928124289,85.9263882470412,75.7224097929264,-10.2039784541148,85.6122164421409,86.2416042316774,74.6691463995791,76.7892973190377,-11.3085363174377,-9.09942059079188,-11.9758008833057,-8.43215602492392,FALSE,"prepregnancy","HC0"
20,858662,0.0856257201583929,0.075984883081339,-0.00964083707705397,0.887407229285546,0.000132377856050686,0.000413980785895435,0.00043443500548207,0.00566099352754655,0.0853666203563862,0.0858855325204014,0.0751774610705997,0.0768002568357596,-0.0104923140414223,-0.00878936011268566,0.877615562716797,0.897308142702534,85.6257201583929,75.984883081339,-9.64083707705397,85.3666203563862,85.8855325204014,75.1774610705997,76.8002568357596,-10.4923140414223,-8.78936011268566,-11.0066921703023,-8.2749819838056,FALSE,"prepregnancy","HC0"
21,1000721,0.0843621062004765,0.0754246530546697,-0.0089374531458068,0.894058439880958,0.000126535414040668,0.000388335716609367,0.000408833130164319,0.00536750002234307,0.0841144320690862,0.0846104422348673,0.0746670472902613,0.0761893129041996,-0.00973875135661564,-0.00813615493499795,0.884702150541339,0.903513677946036,84.3621062004765,75.4246530546697,-8.9374531458068,84.1144320690862,84.6104422348673,74.6670472902613,76.1893129041996,-9.73875135661564,-8.13615493499795,-10.2228164477442,-7.65208984386943,FALSE,"prepregnancy","HC0"
22,1152710,0.0833285759000631,0.075121149743349,-0.00820742615671412,0.901505263133773,0.000121766405264092,0.000380343520135717,0.000399997032540687,0.00527744019826824,0.0830902286180169,0.0835675445763756,0.0743790801426465,0.0758700160260744,-0.00899140593441676,-0.00742344637901148,0.892228519993809,0.910878459100964,83.3285759000631,75.121149743349,-8.20742615671412,83.0902286180169,83.5675445763756,74.3790801426465,75.8700160260744,-8.99140593441676,-7.42344637901148,-9.46500894190816,-6.94984337152007,FALSE,"prepregnancy","HC0"
23,1275619,0.0825795088164792,0.0751606793003979,-0.0074188295160813,0.910161375111003,0.000110035047620247,0.000350700657531747,0.000368231311032254,0.00486076255880113,0.0823641001934239,0.0827954299719161,0.0744761997165384,0.0758509340924921,-0.00814054962368449,-0.00669710940847812,0.901531514177816,0.918873844914268,82.5795088164792,75.1606793003979,-7.4188295160813,82.3641001934239,82.7954299719161,74.4761997165384,75.8509340924921,-8.14054962368449,-6.69710940847812,-8.57654149904831,-6.2611175331143,FALSE,"prepregnancy","HC0"
24,1394616,0.082115098883706,0.0755795596552237,-0.00653553922848224,0.920410018165623,9.5187329196267e-05,0.000310132535303229,0.00032513783936052,0.00427288824459756,0.0819287280168419,0.0823018556995657,0.0749739510713568,0.0761896571777804,-0.00717279768364003,-0.00589828077332445,0.912734040774126,0.92815054955235,82.115098883706,75.5795596552237,-6.53553922848224,81.9287280168419,82.3018556995657,74.9739510713568,76.1896571777804,-7.17279768364003,-5.89828077332445,-7.55776618601195,-5.51331227095253,FALSE,"prepregnancy","HC0"
25,1520035,0.0819232803993666,0.0764130310658647,-0.00551024933350189,0.932738907589637,8.49407246641262e-05,0.000286502030110473,0.000299576592419432,0.00389928938995545,0.0817569536264107,0.0820899152979312,0.0758533865477672,0.076976460700917,-0.00609740866525521,-0.00492309000174857,0.925637651603837,0.939894642600235,81.9232803993666,76.4130310658647,-5.51024933350189,81.7569536264107,82.0899152979312,75.8533865477672,76.976460700917,-6.09740866525521,-4.92309000174857,-6.45211223453591,-4.56838643246787,FALSE,"prepregnancy","HC0"
26,1633763,0.0817349356002435,0.0774482139021779,-0.0042867216980656,0.947553372782583,8.4212433695837e-05,0.000296561225520177,0.000309028549907837,0.00397446564336167,0.0815700340084335,0.0819001408288753,0.0768689589530666,0.0780314649208164,-0.0048924065260796,-0.0036810368700516,0.940200787300148,0.954963457167387,81.7349356002435,77.4482139021779,-4.2867216980656,81.5700340084336,81.9001408288753,76.8689589530666,78.0314649208164,-4.8924065260796,-3.6810368700516,-5.25830136711738,-3.31514202901382,FALSE,"prepregnancy","HC0"
27,1738576,0.0814650166404982,0.0786448924995496,-0.00282012414094852,0.965382390414359,8.84675182373252e-05,0.000322510508031125,0.000335084587055408,0.00425032289386932,0.0812917915678112,0.0816385780379123,0.0780151024462497,0.0792793294704077,-0.0034768778633516,-0.00216337041854545,0.957373696363707,0.973458079391486,81.4650166404982,78.6448924995496,-2.82012414094852,81.2917915678112,81.6385780379123,78.0151024462497,79.2793294704077,-3.4768778633516,-2.16337041854545,-3.87362347715141,-1.76662480474564,FALSE,"prepregnancy","HC0"
28,1833198,0.0809894593692484,0.0799018703445731,-0.00108758902467525,0.986571227501141,8.88657300770011e-05,0.000332861486743242,0.000345117479646048,0.00431534452476459,0.080815456432349,0.0811638038691176,0.0792519011435049,0.0805567037662721,-0.00176400685521674,-0.000411171194133759,0.978262075736858,0.994950955448181,80.9894593692484,79.9018703445731,-1.08758902467525,80.815456432349,81.1638038691176,79.2519011435049,80.5567037662721,-1.76400685521674,-0.411171194133759,-2.17263157740538,-0.002546471945111,FALSE,"prepregnancy","HC0"
29,1898168,0.0806283919682728,0.0814845223250824,0.000856130356809565,1.0106182243737,8.40400097468299e-05,0.000324202101569866,0.00033551378547723,0.00412034982447821,0.0804638299935608,0.0807932609288112,0.0808513514381148,0.0821222087346044,0.000198535420957496,0.00151372529266163,1.00248960360395,1.01881275552833,80.6283919682728,81.4845223250824,0.856130356809565,80.4638299935608,80.7932609288112,80.8513514381148,82.1222087346044,0.198535420957496,1.51372529266163,-0.198718370770768,1.9109790843899,FALSE,"prepregnancy","HC0"
30,1919128,0.080323583228196,0.0832735427069844,0.00294995947878841,1.03672594473789,7.70930402029808e-05,0.000309767138148471,0.00031983082713207,0.00384933274077079,0.0801726132941492,0.0804748125759866,0.0826684190046986,0.0838826908109717,0.0023231025764639,0.00357681638111293,1.02893374165306,1.04457715884206,80.323583228196,83.2735427069844,2.94995947878841,80.1726132941492,80.4748125759866,82.6684190046986,83.8826908109717,2.3231025764639,3.57681638111293,1.94441766308819,3.95550129448864,FALSE,"prepregnancy","HC0"
31,1911762,0.0798824808528892,0.0849973740025981,0.00511489314970885,1.06403022408791,7.26533630413331e-05,0.000307980759170602,0.000317062922648708,0.00374365922703678,0.0797401987282199,0.0800249947776411,0.0843956838886645,0.085602952745342,0.00449346124048438,0.00573632505893333,1.05625154177655,1.07186619190004,79.8824808528892,84.9973740025981,5.11489314970885,79.7401987282198,80.0249947776412,84.3956838886645,85.602952745342,4.49346124048438,5.73632505893333,4.11805357114081,6.1117327282769,FALSE,"prepregnancy","HC0"
32,1821134,0.0796655855794759,0.0869580068672719,0.00729242128779606,1.09153791106601,7.46203525651808e-05,0.000332236130002733,0.000341159618363213,0.00394187197569768,0.0795194549495211,0.0798119614652508,0.0863090380858037,0.0876113874291702,0.00662376072282473,0.00796108185276739,1.08313726192144,1.10000371437759,79.6655855794759,86.9580068672719,7.29242128779606,79.5194549495211,79.8119614652508,86.3090380858037,87.6113874291702,6.62376072282473,7.96108185276739,6.21982217291811,8.36502040267401,FALSE,"prepregnancy","HC0"
33,1685860,0.0798298060591668,0.0892627408186795,0.00943293475951275,1.11816306747033,8.24103816275998e-05,0.000377599470329902,0.000387148602194985,0.00436257384002772,0.0796684338350303,0.0799914767404992,0.088525421542542,0.0900055947399792,0.00867413744254555,0.0101917320764799,1.1086429866881,1.12776489858985,79.8298060591668,89.2627408186795,9.43293475951275,79.6684338350303,79.9914767404992,88.525421542542,90.0055947399792,8.67413744254555,10.1917320764799,8.21574718604537,10.6501223329801,FALSE,"prepregnancy","HC0"
34,1526013,0.0804700432602641,0.0919537716944556,0.0114837284341915,1.14270811806388,9.20065739174463e-05,0.000427314033237526,0.000437753282702919,0.00479362055014762,0.0802898979625622,0.080650557303509,0.0911196724255977,0.0927947266718079,0.0106257477659796,0.0123417091024034,1.13202228252225,1.15349482359985,80.4700432602641,91.9537716944556,11.4837284341915,80.2898979625623,80.650557303509,91.1196724255977,92.7947266718079,10.6257477659796,12.3417091024034,10.1074407427737,12.8600161256093,FALSE,"prepregnancy","HC0"
35,1336272,0.0820704172177425,0.09551532497529,0.0134449077575476,1.16382160848381,9.98560263510385e-05,0.000466943894100569,0.000478152761350709,0.00504568727274377,0.0818749153783575,0.0822663440502153,0.0946040450247369,0.0964344479442016,0.0125077455661918,0.0143820699489033,1.15236887488891,1.17538816423205,82.0704172177425,95.51532497529,13.4449077575476,81.8749153783575,82.2663440502153,94.6040450247369,96.4344479442016,12.5077455661918,14.3820699489033,11.9416049016533,14.9482106134418,FALSE,"prepregnancy","HC0"
36,1115942,0.0843022126686644,0.0995221093236233,0.015219896654959,1.18053970558019,0.000103964240976093,0.000489520337188697,0.000501135986758079,0.00507915603812176,0.0840986699628064,0.0845062025528477,0.0985667722315011,0.100485673638615,0.0142376881695562,0.0162021051403617,1.16884577947513,1.19235062565498,84.3022126686644,99.5221093236233,15.219896654959,84.0986699628064,84.5062025528477,98.5667722315011,100.485673638615,14.2376881695562,16.2021051403617,13.6443349914507,16.7954583184673,FALSE,"prepregnancy","HC0"
37,892411,0.0871317569258722,0.103944198488144,0.0168124415622717,1.19295423569359,0.000107927994042421,0.000516335266168276,0.000528209994026435,0.00512767412897353,0.0869204540833036,0.0873435243065081,0.102936546099578,0.104960560719596,0.0157771689977057,0.0178477141268376,1.18102502312162,1.20500394199754,87.1317569258722,103.944198488144,16.8124415622717,86.9204540833036,87.3435243065081,102.936546099578,104.960560719596,15.7771689977057,17.8477141268376,15.1517597536197,18.4731233709237,FALSE,"prepregnancy","HC0"
38,695545,0.0905355112590958,0.108781842022648,0.0182463307635522,1.20153783316399,0.000119143000861337,0.000587108850522165,0.000599698647995746,0.00556206239252135,0.0903022662819816,0.090769298580146,0.107636461838346,0.109937908846671,0.0170709430119031,0.0194217185152012,1.18851047570829,1.21470798451654,90.5355112590958,108.781842022648,18.2463307635522,90.3022662819816,90.769298580146,107.636461838346,109.937908846671,17.0709430119031,19.4217185152012,16.3608900360716,20.1317714910328,FALSE,"prepregnancy","HC0"
39,531877,0.0941301391912601,0.113615544211714,0.0194854050204539,1.20700495280117,0.00014478733191105,0.000735196479557539,0.00074974599288605,0.00665572598399515,0.0938467442889746,0.0944143007125655,0.112182532515971,0.115064488675462,0.018015929876844,0.0209548801640638,1.19136184730397,1.22285345915969,94.1301391912601,113.615544211714,19.4854050204539,93.8467442889746,94.4143007125655,112.182532515971,115.064488675462,18.015929876844,20.9548801640638,17.1282183985111,21.8425916423967,FALSE,"prepregnancy","HC0"
40,379580,0.0986693943216606,0.11933498089861,0.0206655865769491,1.20944272252832,0.000189094535834103,0.000974950228793373,0.000993380972021927,0.00839426284364026,0.0982993951959845,0.0990406331564514,0.117437300481206,0.121259112943606,0.0187185956488587,0.0226125775050395,1.1897072170678,1.22950561120565,98.6693943216606,119.33498089861,20.6655865769491,98.2993951959845,99.0406331564514,117.437300481206,121.259112943606,18.7185956488587,22.6125775050395,17.5424163833626,23.7887567705355,FALSE,"prepregnancy","HC0"
41,257793,0.103162578171194,0.124813938939496,0.0216513607683024,1.20987611159129,0.000249860301467468,0.00129242085539953,0.00131647965264059,0.0106354940695011,0.102673888611057,0.103653325029767,0.122302800845355,0.127369153955417,0.0190711080627471,0.0242316134738578,1.18491706158979,1.2353608981166,103.162578171194,124.813938939496,21.6513607683024,102.673888611057,103.653325029767,122.302800845355,127.369153955417,19.0711080627471,24.2316134738578,17.5123746920729,25.790346844532,FALSE,"prepregnancy","HC0"
42,164709,0.108221903531135,0.130796378314045,0.0225744747829095,1.20859432375827,0.000325961966660251,0.00168114805549148,0.00171248414739965,0.0132016090015341,0.107584684758416,0.10886243611663,0.127536499090298,0.134126771600035,0.0192180675299104,0.0259308820359086,1.17772344393591,1.24027440138161,108.221903531135,130.796378314045,22.5744747829095,107.584684758416,108.86243611663,127.536499090298,134.126771600035,19.2180675299104,25.9308820359086,17.1904583815667,27.9584911842523,FALSE,"prepregnancy","HC0"
43,97685,0.112798882941849,0.136105201035069,0.0233063180932204,1.20661834129364,0.000412774201589766,0.00211855791614624,0.00215831799926442,0.0159892769044572,0.111992389241772,0.11361044142113,0.132006007562223,0.140311110271499,0.0190760925474776,0.0275365436389632,1.16939121092193,1.24503058339081,112.798882941849,136.105201035069,23.3063180932204,111.992389241772,113.61044142113,132.006007562223,140.311110271499,19.0760925474776,27.5365436389632,16.5206088503067,30.0920273361341,FALSE,"prepregnancy","HC0"
44,54186,0.118133566186279,0.14221562588586,0.0240820596995814,1.20385450534531,0.000511377287048034,0.00260921587311189,0.00265865906262328,0.018849006096283,0.117134961576578,0.119139535301089,0.137177953096721,0.147406694173376,0.0188711836896687,0.029292935709494,1.1601915534327,1.24916068019303,118.133566186279,142.21562588586,24.0820596995814,117.134961576578,119.139535301089,137.177953096721,147.406694173376,18.8711836896687,29.292935709494,15.7232880166562,32.4408313825065,FALSE,"prepregnancy","HC0"
15,40557,0.0803201216364254,0.069024240448463,-0.0112958811879624,0.859364242012805,0.000504080687309642,0.00181050443024474,0.00187888410935306,0.0269642496292047,0.0793376709150155,0.0813136637008249,0.0655590655284888,0.0726583285100287,-0.014978426373419,-0.00761333600250575,0.815126979561772,0.906002278132517,80.3201216364254,69.024240448463,-11.2958811879624,79.3376709150155,81.3136637008249,65.5590655284888,72.6583285100287,-14.978426373419,-7.61333600250575,-17.2030557894557,-5.38870658646901,FALSE,"prepregnancy","model"
16,99756,0.079676827761136,0.0688514993255304,-0.0108253284356057,0.864134545265042,0.000392721962329057,0.00141428961792746,0.00146712922411856,0.0211157088901175,0.0789104950234483,0.0804499526598906,0.0661306865066355,0.0716756627473177,-0.0137008488755442,-0.00794980799566708,0.829101389831392,0.900648004548971,79.676827761136,68.8514993255304,-10.8253284356057,78.9104950234483,80.4499526598906,66.1306865066355,71.6756627473177,-13.7008488755442,-7.94980799566708,-15.4379537948174,-6.21270307639396,FALSE,"prepregnancy","model"
17,199402,0.0810478452288921,0.0704663746989305,-0.0105814705299615,0.869441679787072,0.000296905597788347,0.0010697474069287,0.00110978196470042,0.0156116849286185,0.0804678225362853,0.0816316776430876,0.0683983191304792,0.0725920865622215,-0.0127566032114665,-0.00840633784845662,0.843241098809285,0.896456346373996,81.0478452288921,70.4663746989305,-10.5814705299615,80.4678225362853,81.6316776430876,68.3983191304792,72.5920865622215,-12.7566032114665,-8.40633784845662,-14.0706031499244,-7.09233790999864,FALSE,"prepregnancy","model"
18,378795,0.0833693590250659,0.072961036857996,-0.0104083221670699,0.875154105911495,0.000215109010335623,0.000770096592702993,0.000799607616412468,0.0108660870756981,0.082948721043355,0.0837919351856137,0.0714659844702297,0.0744848565053594,-0.0119755242970023,-0.00884112003713756,0.856712896516695,0.893992272332769,83.3693590250659,72.961036857996,-10.4083221670699,82.948721043355,83.7919351856137,71.4659844702297,74.4848565053594,-11.9755242970023,-8.84112003713756,-12.922272750461,-7.89437158367882,FALSE,"prepregnancy","model"
19,653855,0.0859263882470412,0.0757224097929264,-0.0102039784541148,0.881247441417204,0.000159677204334826,0.000540466660873662,0.0005630167782711,0.00736902821385593,0.0856139425986732,0.0862398666137186,0.0746698934868401,0.0767885307864185,-0.0113074710622179,-0.00910048584601166,0.868611031954502,0.894067683272352,85.9263882470412,75.7224097929264,-10.2039784541148,85.6139425986732,86.2398666137186,74.6698934868401,76.7885307864185,-11.3074710622179,-9.10048584601166,-11.9740921062883,-8.43386480194131,FALSE,"prepregnancy","model"
20,858662,0.0856257201583929,0.075984883081339,-0.00964083707705397,0.887407229285546,0.000131912616640308,0.00041238146814777,0.000432893762976598,0.00564072199754708,0.0853675297116423,0.0858846181653896,0.0751805651360406,0.076797091449494,-0.0104892932616201,-0.00879238089248782,0.877650432364774,0.89727249204037,85.6257201583929,75.984883081339,-9.64083707705397,85.3675297116423,85.8846181653896,75.1805651360406,76.797091449494,-10.4892932616201,-8.79238089248782,-11.0018465342476,-8.2798276198604,FALSE,"prepregnancy","model"
21,1000721,0.0843621062004765,0.0754246530546697,-0.0089374531458068,0.894058439880958,0.000126389959866226,0.000386891663922161,0.000407504750517273,0.0053497100251289,0.0841147163943877,0.0846101563887074,0.0746698514968327,0.0761864563328987,-0.00973614778034963,-0.00813875851126396,0.884732998655932,0.903482175002757,84.3621062004765,75.4246530546697,-8.9374531458068,84.1147163943877,84.6101563887074,74.6698514968327,76.1864563328987,-9.73614778034963,-8.13875851126396,-10.2186400483201,-7.65626624329349,FALSE,"prepregnancy","model"
22,1152710,0.0833285759000631,0.075121149743349,-0.00820742615671412,0.901505263133773,0.000121771901837999,0.000379616688970016,0.0003993322328579,0.00526847439431177,0.0830902178729521,0.0835675553775415,0.0743804917773034,0.0758685784394676,-0.00899010295098156,-0.00742474936244667,0.892244198953611,0.910862452690654,83.3285759000631,75.121149743349,-8.20742615671412,83.0902178729521,83.5675553775415,74.3804917773034,75.8685784394676,-8.99010295098156,-7.42474936244667,-9.46291882481063,-6.9519334886176,FALSE,"prepregnancy","model"
23,1275619,0.0825795088164792,0.0751606793003979,-0.0074188295160813,0.910161375111003,0.00011008240536888,0.000350478641134705,0.000368024652021071,0.00485796991983428,0.0823640075943721,0.0827955230122382,0.0744766312181429,0.075850495281025,-0.00814014457946549,-0.00669751445269712,0.901536448698638,0.918868815497957,82.5795088164792,75.1606793003979,-7.4188295160813,82.3640075943722,82.7955230122382,74.4766312181429,75.850495281025,-8.14014457946549,-6.69751445269712,-8.57589176719101,-6.2617672649716,FALSE,"prepregnancy","model"
24,1394616,0.082115098883706,0.0755795596552237,-0.00653553922848224,0.920410018165623,9.52370892636786e-05,0.00030994446667475,0.00032495107048394,0.00427039388586235,0.0819286306905494,0.0823019534294806,0.074974316965861,0.0761892858406133,-0.0071724316233685,-0.00589864683359598,0.912738503007848,0.928146011971578,82.115098883706,75.5795596552237,-6.53553922848224,81.9286306905494,82.3019534294806,74.974316965861,76.1892858406133,-7.1724316233685,-5.89864683359598,-7.55717898834574,-5.51389946861874,FALSE,"prepregnancy","model"
25,1520035,0.0819232803993666,0.0764130310658647,-0.00551024933350189,0.932738907589637,8.49677545143896e-05,0.000285826651203506,0.000298928187227409,0.00389075355006278,0.0817569007468739,0.0820899683736028,0.0758547013779544,0.0769751280462342,-0.00609613781443146,-0.00492436085257232,0.925653137594609,0.93987891835195,81.9232803993666,76.4130310658647,-5.51024933350189,81.7569007468739,82.0899683736028,75.8547013779544,76.9751280462343,-6.09613781443146,-4.92436085257232,-6.45007366139415,-4.57042500560962,FALSE,"prepregnancy","model"
26,1633763,0.0817349356002435,0.0774482139021779,-0.0042867216980656,0.947553372782583,8.42449398130277e-05,0.000295268225818636,0.000307792163831974,0.00395842981963221,0.0815699704147567,0.0819002046570058,0.0768714758488144,0.0780289132554732,-0.00488998325389992,-0.00368346014223128,0.940230337933954,0.954933443484269,81.7349356002435,77.4482139021779,-4.2867216980656,81.5699704147567,81.9002046570058,76.8714758488144,78.0289132554732,-4.88998325389992,-3.68346014223128,-5.25441419366766,-3.31902920246354,FALSE,"prepregnancy","model"
27,1738576,0.0814650166404982,0.0786448924995496,-0.00282012414094852,0.965382390414359,8.85109923137295e-05,0.000320919102586213,0.000333562658199174,0.00423091429120577,0.0812917065253759,0.0816386634109774,0.078018198737026,0.0792761874329634,-0.00347389493760635,-0.0021663533442907,0.957410115707108,0.973421049592555,81.4650166404982,78.6448924995496,-2.82012414094852,81.2917065253759,81.6386634109774,78.018198737026,79.2761874329634,-3.47389493760635,-2.1663533442907,-3.86883856282909,-1.77140971906796,FALSE,"prepregnancy","model"
28,1833198,0.0809894593692484,0.0799018703445731,-0.00108758902467525,0.986571227501141,8.89403375879951e-05,0.000331270918403934,0.000343590708807704,0.00429621461629785,0.0808153104909734,0.0811639503842545,0.0792549954804283,0.0805535630533255,-0.00176101443936094,-0.000414163609989559,0.978298755315861,0.994913651524429,80.9894593692484,79.9018703445731,-1.08758902467525,80.8153104909734,81.1639503842546,79.2549954804283,80.5535630533255,-1.76101443936094,-0.414163609989559,-2.16783143998676,-0.00734660936373556,FALSE,"prepregnancy","model"
29,1898168,0.0806283919682728,0.0814845223250824,0.000856130356809565,1.0106182243737,8.41389114504321e-05,0.000322596758542133,0.000333952995982051,0.00410121063079663,0.0804636365110037,0.0807934551343403,0.0808544756107455,0.0821190399538744,0.000201594512155495,0.00151066620146363,1.00252720982994,1.01877453840829,80.6283919682728,81.4845223250824,0.856130356809565,80.4636365110037,80.7934551343403,80.8544756107455,82.1190399538744,0.201594512155495,1.51066620146363,-0.193811279365662,1.90607199298479,FALSE,"prepregnancy","model"
30,1919128,0.080323583228196,0.0832735427069844,0.00294995947878841,1.03672594473789,7.72039029082031e-05,0.000307818930129731,0.000317896083262055,0.00382614246956954,0.0801723963803013,0.0804750302364645,0.0826722122563342,0.0838788470974308,0.00232689460476844,0.00357302435280839,1.02898050991147,1.04452968169937,80.323583228196,83.2735427069844,2.94995947878841,80.1723963803013,80.4750302364645,82.6722122563342,83.8788470974308,2.32689460476844,3.57302435280839,1.95050045967604,3.94941849790078,FALSE,"prepregnancy","model"
31,1911762,0.0798824808528892,0.0849973740025981,0.00511489314970885,1.06403022408791,7.27279249598851e-05,0.000305226434198058,0.000314282467075338,0.00371099943991223,0.0797400528274028,0.080025141154481,0.0844010477311819,0.0855975196604612,0.00449891083326879,0.00573087546614891,1.05631915672117,1.07179758179035,79.8824808528892,84.9973740025981,5.11489314970885,79.7400528274028,80.025141154481,84.4010477311819,85.5975196604613,4.49891083326879,5.73087546614891,4.12679526865255,6.10299103076515,FALSE,"prepregnancy","model"
32,1821134,0.0796655855794759,0.0869580068672719,0.00729242128779606,1.09153791106601,7.46162776036532e-05,0.000328476939349663,0.000337338006652764,0.00389796332795018,0.079519462922915,0.0798119534650711,0.0863163564562979,0.0876039697865018,0.00663125094414011,0.00795359163145201,1.08323048004096,1.09990905282624,79.6655855794759,86.9580068672719,7.29242128779606,79.519462922915,79.8119534650711,86.3163564562979,87.6039697865018,6.63125094414011,7.95359163145201,6.23183724480059,8.35300533079152,FALSE,"prepregnancy","model"
33,1685860,0.0798298060591668,0.0892627408186795,0.00943293475951275,1.11816306747033,8.2308800328397e-05,0.000373061621795448,0.000382525887145234,0.00431079822270152,0.0796686325633273,0.0799912772768826,0.0885342496351291,0.0899966344201306,0.00868319779755386,0.0101826717214716,1.10875549565237,1.12765046068071,79.8298060591668,89.2627408186795,9.43293475951275,79.6686325633273,79.9912772768826,88.5342496351291,89.9966344201306,8.68319779755386,10.1826717214716,8.23028091103452,10.635588607991,FALSE,"prepregnancy","model"
34,1526013,0.0804700432602641,0.0919537716944556,0.0114837284341915,1.14270811806388,9.18444191570777e-05,0.000422390996105289,0.000432735501868407,0.00473904276482621,0.0802902151312623,0.0806502388361809,0.0911292431116346,0.0927849989280377,0.0106355824356976,0.0123318744326854,1.13214338198148,1.15337144028853,80.4700432602641,91.9537716944556,11.4837284341915,80.2902151312623,80.6502388361809,91.1292431116346,92.7849989280377,10.6355824356976,12.3318744326854,10.1232165468023,12.8442403215807,FALSE,"prepregnancy","model"
35,1336272,0.0820704172177425,0.09551532497529,0.0134449077575476,1.16382160848381,9.96519305999991e-05,0.000461914301034554,0.000473023549083835,0.0049919559042924,0.0818753145316614,0.0822659431613998,0.0946138190850509,0.0964245058348808,0.0125177986375039,0.0143720168775912,1.15249023902825,1.17526438880375,82.0704172177425,95.51532497529,13.4449077575476,81.8753145316614,82.2659431613998,94.6138190850509,96.4245058348808,12.5177986375039,14.3720168775912,11.9577310439085,14.9320844711866,FALSE,"prepregnancy","model"
36,1115942,0.0843022126686644,0.0995221093236233,0.015219896654959,1.18053970558019,0.000103702639245698,0.000484227010544494,0.000495753976081852,0.00502504928947548,0.0840991815699285,0.0845056886981171,0.0985770587506688,0.100475210154822,0.014248236716646,0.0161915565932719,1.16896973896189,1.19222418682028,84.3022126686644,99.5221093236233,15.219896654959,84.0991815699286,84.5056886981171,98.5770587506688,100.475210154822,14.248236716646,16.1915565932719,13.6612559269215,16.7785373829964,FALSE,"prepregnancy","model"
37,892411,0.0871317569258722,0.103944198488144,0.0168124415622717,1.19295423569359,0.000107554741426661,0.000509610307328921,0.000521441707488006,0.00506262058748713,0.0869211840425788,0.0873427911397197,0.102949614413847,0.104947267002059,0.0157904345955581,0.0178344485289852,1.18117561648114,1.20485031065828,87.1317569258722,103.944198488144,16.8124415622717,86.9211840425788,87.3427911397197,102.949614413847,104.947267002059,15.7904345955581,17.8344485289852,15.1730391130737,18.4518440114696,FALSE,"prepregnancy","model"
38,695545,0.0905355112590958,0.108781842022648,0.0182463307635522,1.20153783316399,0.000118550331571664,0.000576750458825589,0.000589381674859403,0.00546748118255848,0.0903034252036507,0.0907681342761863,0.107656577619389,0.109917419302957,0.0170911639076798,0.0194014976194245,1.18873081716946,1.21448282796442,90.5355112590958,108.781842022648,18.2463307635522,90.3034252036507,90.7681342761863,107.656577619389,109.917419302957,17.0911639076798,19.4014976194245,16.3933263962345,20.0993351308699,FALSE,"prepregnancy","model"
39,531877,0.0941301391912601,0.113615544211714,0.0194854050204539,1.20700495280117,0.000143877722200768,0.000719056288216018,0.000733746020832583,0.00651541229697996,0.0938485222949714,0.094412513104435,0.112213822022721,0.115032507287567,0.0180472892458225,0.0209235207950853,1.19168952851097,1.22251720874556,94.1301391912601,113.615544211714,19.4854050204539,93.8485222949714,94.412513104435,112.213822022721,115.032507287567,18.0472892458225,20.9235207950853,17.1785219952409,21.7922880456669,FALSE,"prepregnancy","model"
40,379580,0.0986693943216606,0.11933498089861,0.0206655865769491,1.20944272252832,0.000187789329927106,0.000951538796672152,0.000970208204688204,0.00820084472309644,0.0983019448354094,0.0990380664621581,0.117482561229162,0.12121259709356,0.0187640134382549,0.0225671597156432,1.19015831170865,1.22903960312366,98.6693943216606,119.33498089861,20.6655865769491,98.3019448354094,99.0380664621581,117.482561229162,121.21259709356,18.7640134382549,22.5671597156432,17.6152711070567,23.7159020468415,FALSE,"prepregnancy","model"
41,257793,0.103162578171194,0.124813938939496,0.0216513607683024,1.20987611159129,0.000248097936533175,0.0012608210077869,0.00128522015669126,0.0103860588932965,0.102677328344459,0.103649856376822,0.122363676509864,0.12730614929646,0.0191323755489826,0.0241703459876222,1.18549649016244,1.23475709759265,103.162578171194,124.813938939496,21.6513607683024,102.677328344459,103.649856376822,122.363676509864,127.30614929646,19.1323755489826,24.1703459876222,17.6106539311213,25.6920676054836,FALSE,"prepregnancy","model"
42,164709,0.108221903531135,0.130796378314045,0.0225744747829095,1.20859432375827,0.00032371597636477,0.00164045134214771,0.00167222291480812,0.012895040406729,0.107589064104191,0.108858011261586,0.127614587293193,0.134045310835832,0.019296978095763,0.025851971470056,1.17843130749748,1.23952938972968,108.221903531135,130.796378314045,22.5744747829095,107.589064104191,108.858011261586,127.614587293193,134.045310835832,19.296978095763,25.851971470056,17.3170389031676,27.8319106626514,FALSE,"prepregnancy","model"
43,97685,0.112798882941849,0.136105201035069,0.0233063180932204,1.20661834129364,0.000409983788211122,0.0020681755805941,0.0021084718905934,0.0156245166589231,0.111997824299543,0.113604938117609,0.132102265252558,0.140209837432338,0.0191737891252423,0.0274388470611986,1.17022752742586,1.24414080802629,112.798882941849,136.105201035069,23.3063180932204,111.997824299543,113.604938117609,132.102265252558,140.209837432338,19.1737891252423,27.4388470611986,16.6773240333555,29.9353121530853,FALSE,"prepregnancy","model"
44,54186,0.118133566186279,0.14221562588586,0.0240820596995814,1.20385450534531,0.000508048080890512,0.00254829744238828,0.00259837010609361,0.0184267624936262,0.117141439024444,0.11913296227565,0.137293839135599,0.14728372943454,0.0189893478731324,0.0291747715260304,1.16115210478627,1.24812732463416,118.133566186279,142.21562588586,24.0820596995814,117.141439024444,119.13296227565,137.293839135599,147.28372943454,18.9893478731324,29.1747715260304,15.9128353075135,32.2512840916493,FALSE,"prepregnancy","model"
