model_id,label,age,se,lower,upper,display_lower,display_upper,left_continues,right_continues,opposite_signs_around_main_root,method,inference_scope
primary_main,Women who smoked before pregnancy: full adjustment,31.8447753692294,0.447249455052748,30.9681825452209,32.721368193238,30.9681825452209,32.721368193238,FALSE,FALSE,TRUE,"Local implicit-delta 95% CI, HC0; regular-branch approximation",Main fitted crossover display; age-15-45 complete-case refit
broad_main,SS vs NN,29.3800302864542,0.151943308036314,29.0822268750111,29.6778336978972,29.0822268750111,29.6778336978972,FALSE,FALSE,TRUE,"Local implicit-delta 95% CI, HC0; regular-branch approximation",Main fitted crossover display; age-15-45 complete-case refit
prepregnancy_main,S vs N,28.5746408144934,0.173095076968631,28.2353806977337,28.9139009312532,28.2353806977337,28.9139009312532,FALSE,FALSE,TRUE,"Local implicit-delta 95% CI, HC0; regular-branch approximation",Main fitted crossover display; age-15-45 complete-case refit
primary_core_same_cc,"Women who smoked before pregnancy: core, same records",33.0151303424524,0.47195568070334,32.0901142059748,33.9401464789301,32.0901142059748,33.9401464789301,FALSE,FALSE,TRUE,"Local implicit-delta 95% CI, HC0; regular-branch approximation",Main fitted crossover display; age-15-45 complete-case refit
primary_augmented_same_cc,"Women who smoked before pregnancy: BMI/education, same records",31.5803106581932,0.419961416892995,30.7572014061865,32.4034199101999,30.7572014061865,32.4034199101999,FALSE,FALSE,TRUE,"Local implicit-delta 95% CI, HC0; regular-branch approximation",Main fitted crossover display; age-15-45 complete-case refit
primary_core_available,Women who smoked before pregnancy: core-available records,32.8005190273235,0.430047897059422,31.9576406374599,33.6433974171872,31.9576406374599,33.6433974171872,FALSE,FALSE,TRUE,"Local implicit-delta 95% CI, HC0; regular-branch approximation",Main fitted crossover display; age-15-45 complete-case refit
primary_recent,Women who smoked before pregnancy: 2018-2024,31.7210430664116,0.464584351704391,30.8104744692901,32.6316116635331,30.8104744692901,32.6316116635331,FALSE,FALSE,TRUE,"Local implicit-delta 95% CI, HC0; regular-branch approximation",Main fitted crossover display; age-15-45 complete-case refit
primary_historical,Women who smoked before pregnancy: 2014-2015,35.3673696479016,2.39586658712368,30.6715574253763,40.0631818704269,30.6715574253763,40,FALSE,TRUE,FALSE,"Local implicit-delta 95% CI, HC0; regular-branch approximation",Main fitted crossover display; age-15-45 complete-case refit
primary_oe28,Women who smoked before pregnancy: gestation >=28 weeks,31.8613337213316,0.463489040105993,30.9529118954948,32.7697555471683,30.9529118954948,32.7697555471683,FALSE,FALSE,TRUE,"Local implicit-delta 95% CI, HC0; regular-branch approximation",Main fitted crossover display; age-15-45 complete-case refit
all_years_shared_core_live,All years core: live only,32.8675716673452,0.468515856030736,31.949297463339,33.7858458713514,31.949297463339,33.7858458713514,FALSE,FALSE,TRUE,"Local implicit-delta 95% CI, HC0; regular-branch approximation",Main fitted crossover display; age-15-45 complete-case refit
all_years_shared_core_inclusive,All years core: fetal inclusive,32.8202504292566,0.460977274708694,31.9167515731362,33.7237492853771,31.9167515731362,33.7237492853771,FALSE,FALSE,TRUE,"Local implicit-delta 95% CI, HC0; regular-branch approximation",Main fitted crossover display; age-15-45 complete-case refit
all_years_shared_augmented_live,All years augmented: live only,31.459702713311,0.438287745105267,30.6006745180394,32.3187309085826,30.6006745180394,32.3187309085826,FALSE,FALSE,TRUE,"Local implicit-delta 95% CI, HC0; regular-branch approximation",Main fitted crossover display; age-15-45 complete-case refit
all_years_shared_augmented_inclusive,All years augmented: fetal inclusive,31.4170947219941,0.435365174465281,30.5637946599192,32.2703947840691,30.5637946599192,32.2703947840691,FALSE,FALSE,TRUE,"Local implicit-delta 95% CI, HC0; regular-branch approximation",Main fitted crossover display; age-15-45 complete-case refit
reporting_years_shared_core_live,Reporting years core: live only,32.393257313825,0.82048872051788,30.7851289718886,34.0013856557614,30.7851289718886,34.0013856557614,FALSE,FALSE,FALSE,"Local implicit-delta 95% CI, HC0; regular-branch approximation",Main fitted crossover display; age-15-45 complete-case refit
reporting_years_shared_core_inclusive,Reporting years core: fetal inclusive,32.2878854220056,0.785522501789835,30.7482896094518,33.8274812345595,30.7482896094518,33.8274812345595,FALSE,FALSE,FALSE,"Local implicit-delta 95% CI, HC0; regular-branch approximation",Main fitted crossover display; age-15-45 complete-case refit
reporting_years_shared_augmented_live,Reporting years augmented: live only,30.289402621596,0.711470476895471,28.8949461108173,31.6838591323747,28.8949461108173,31.6838591323747,FALSE,FALSE,TRUE,"Local implicit-delta 95% CI, HC0; regular-branch approximation",Main fitted crossover display; age-15-45 complete-case refit
reporting_years_shared_augmented_inclusive,Reporting years augmented: fetal inclusive,30.2192333718972,0.703055125061821,28.8412706476297,31.5971960961646,28.8412706476297,31.5971960961646,FALSE,FALSE,TRUE,"Local implicit-delta 95% CI, HC0; regular-branch approximation",Main fitted crossover display; age-15-45 complete-case refit
age_spec_fewer_age_knots,Women who smoked before pregnancy: two age knots,31.7735060172973,0.517391671992654,30.7594369742908,32.7875750603039,30.7594369742908,32.7875750603039,FALSE,FALSE,TRUE,"Local implicit-delta 95% CI, HC0; regular-branch approximation",Main fitted crossover display; age-15-45 complete-case refit
age_spec_shifted_age_knots,Women who smoked before pregnancy: shifted age knots,31.8865514295097,0.449385344525934,31.0057723390587,32.7673305199606,31.0057723390587,32.7673305199606,FALSE,FALSE,TRUE,"Local implicit-delta 95% CI, HC0; regular-branch approximation",Main fitted crossover display; age-15-45 complete-case refit
age_spec_more_age_knots,Women who smoked before pregnancy: four age knots,31.9840761204352,0.489284256441753,31.0250965996069,32.9430556412634,31.0250965996069,32.9430556412634,FALSE,FALSE,TRUE,"Local implicit-delta 95% CI, HC0; regular-branch approximation",Main fitted crossover display; age-15-45 complete-case refit
age_spec_age_by_bmi_nuisance,Women who smoked before pregnancy: age by BMI nuisance,31.8578152037376,0.45919586760849,30.9578078413753,32.7578225660999,30.9578078413753,32.7578225660999,FALSE,FALSE,TRUE,"Local implicit-delta 95% CI, HC0; regular-branch approximation",Main fitted crossover display; age-15-45 complete-case refit
