"table","checksum"
"Table_1","91cee2b75c214b1292c7295f01b2f21f"
"Table_2","a12244e2939222a538e887519476099e"
"Table_3","9d7227a0bcb0647ac1a5c0484e88ac21"
"Table_S1","822adceec37664db05e51e58d14fd2a0"
"Table_S10","6554e84f35f123cab92cbc400f056fe1"
"Table_S11","9b61150fde87b1d7944750101f627b29"
"Table_S12","2e635b62686e5a67320b1ec53d214abd"
"Table_S13","df70fa1729bbd77a3ddd0bb65c915760"
"Table_S14","4eb2028bff3f485361f99c4b929979f6"
"Table_S15","51cbb1ed8e9abea0bf959a0783fa0825"
"Table_S16","c78d30236f74e162ba279a908d314e82"
"Table_S17","2310cd60fa58eaf6d9877e9b310cc8a1"
"Table_S18","fa2ea40ea65800a2452fe8488d891cc0"
"Table_S19","b989749728b7e74635f67d9d7540639c"
"Table_S2","e7bb97029d3d9ece1c151a6a4c202863"
"Table_S20","c2d620612ee4327b5e818a9549f1fcd7"
"Table_S21","7f04671f3a9ff0eab69e5486337acd6d"
"Table_S22","01b08f28b6e57e475b2c185aa8e737df"
"Table_S3","d84f997514a94244596de10f1099999f"
"Table_S4a","700392a3843686e1cab0efcdbdb531aa"
"Table_S4b","6c676ed3c3c93afd64feb24e2cb8a42b"
"Table_S4c","8d4bada865d0868e2e24e8258301e820"
"Table_S5","cf6404ea0d21d57caa302e70a0eaa6b0"
"Table_S6a","fd893ea2369856a5ee9d6f3376f0d198"
"Table_S6b","3c6e3cce69a154f0f41ae1e44592eee2"
"Table_S7","8ea756733af85c46153e76856a68fb74"
"Table_S8","cd06e9e4ea9f687f1614a904f13297ba"
"Table_S9","ae222d82778208ce9d9ae56c5e33d3cf"
