path,bytes,sha256,source
model-fitting/current/R/01_measurement_helpers.R,8321,c1ee207dd0f84c962b82864c5d7aff4e90d9829f6b6fd6557e15f10e45862372,Current audited root adapter/01_measurement_helpers.R
model-fitting/current/R/03_natality_adapter.R,15720,200013d4f98a16e73a3dff1fb7556c01bdde38d4ccb66ac40ff6edf640b1d3ff,Current audited root adapter/03_natality_adapter.R
model-fitting/current/R/04_standardization.R,15617,27c262490d26117a04a0a729a4dfd8a9db1395ba2cc61eff73c27447b079080a,Frozen source archive/R/04_standardization.R
model-fitting/current/R/06_mi_pooling.R,11876,01fd41b5e1195fcf6e91d7629da7dd1c73d1958868d563072bdce2b6411afcf5,Frozen source archive/R/06_mi_pooling.R
model-fitting/current/R/08_linked_clinical_adapter.R,32818,fb96e465925834ed6a69aba81476f04f559fe631ff64c0aa5825ea5c47799e38,Current audited root adapter/08_linked_clinical_adapter.R
model-fitting/current/R/09_fetal_clinical_adapter.R,10671,c5a0c6357443efa2ee2b122d9f5bd7ad370e93fe2c39eb4d76a764df948c79be,Current audited root adapter/09_fetal_clinical_adapter.R
model-fitting/current/R/10_model_specification.R,17385,25f45b0d33b9fe35346b6cffc9e6d56b2f246a9dd12d4e3e5c3baa63123b842f,Current audited root adapter/10_model_specification.R
model-fitting/current/R/11_streaming_standardization.R,18706,b5152ff7216d2e019b0dafc64343a04e80b988c2df43daaf75a4f69a384fdcdb,Frozen source archive/R/11_streaming_standardization.R
model-fitting/current/R/13_paired_source_comparison.R,15743,072ceda77764b7d8892d0008e46a4e10b6b99b44cd2a27f17e618e7f1fc7f818,Frozen source archive/R/13_paired_source_comparison.R
model-fitting/current/R/15_overall_standardization.R,2514,8c4717a36e4deac8cb79a2bca87abc93330d63be54514e47d6cece0f3f809ea6,Frozen source archive/R/15_overall_standardization.R
model-fitting/current/R/20_overall_paired.R,2818,071fd4097e24999f06cb0a3bd70f55ccd6027886e58268543f5da0e51cbd05e0,Frozen source archive/R/20_overall_paired.R
model-fitting/current/R/22_linked_mortality_preparation.R,6525,7786c9d3e55c207145abfbf5e38b771e0e0f254f7778137dae26a1f0e6ba5acd,Current audited root adapter/22_linked_mortality_preparation.R
model-fitting/current/R/24_pregnancy_endpoint_preparation.R,10736,852e47e4cd6af815171c874787d09c1a806c1274f16f2e45cf20a35b13c320d4,Current audited root adapter/24_pregnancy_endpoint_preparation.R
model-fitting/current/R/26_age_crossover.R,16224,6ff2870bc56d0f522d2eb47c97197fe81ab1a2d4c4a6e49667052d9157d2b630,Frozen source archive/R/26_age_crossover.R
model-fitting/current/age45_revision/R/01_measurement_helpers.R,8321,c1ee207dd0f84c962b82864c5d7aff4e90d9829f6b6fd6557e15f10e45862372,October source/R/01_measurement_helpers.R
model-fitting/current/age45_revision/R/03_natality_adapter.R,15720,a03ab6ea5ed0bb0744148f524842bbdc0fadb9b14439fb3eaa786b7b2622539e,October source/R/03_natality_adapter.R
model-fitting/current/age45_revision/R/08_linked_clinical_adapter.R,32818,ba433719a96b4b2d058c777bf6b39570d6a174f96af4bffa880fe606fd7aa07e,October source/R/08_linked_clinical_adapter.R
model-fitting/current/age45_revision/R/09_fetal_clinical_adapter.R,10671,272448dc915311f9b5868e8f8e54dbcab3adfb4a5d1aa475b8c9bd6ab321e47e,October source/R/09_fetal_clinical_adapter.R
model-fitting/current/age45_revision/R/10_model_specification.R,17371,44c9d8891b4d221979e360844a05b480536b5ffe239a54e8716a47c1b8789768,October source/R/10_model_specification.R
model-fitting/current/age45_revision/R/22_linked_mortality_preparation.R,6525,c4a35ea43aeb8794ad21b2e72ee0ec683602111e709dfb8ed9ebbcdc0b13ee34,October source/R/22_linked_mortality_preparation.R
model-fitting/current/age45_revision/R/24_pregnancy_endpoint_preparation.R,10736,3b32609598d54fb633f79ebb547c583471c578aa4614d13dee9887e3043a5778,October source/R/24_pregnancy_endpoint_preparation.R
model-fitting/current/age45_revision/R/fit_helpers.R,7542,cb34df6d3ab1d93486dbd4aabbd67d0ddda5fa44f9e03927ea6a009a74691552,October source/R/fit_helpers.R
model-fitting/current/age45_revision/protocol/INTERACTION_AMENDMENT_2026-10-01.md,4736,7806b3e55d2caa962790cfffed2506d9bcf200ffc4ec7e26a6a47029b4646d0e,October source/protocol/INTERACTION_AMENDMENT_2026-10-01.md
model-fitting/current/age45_revision/protocol/INTERACTION_AMENDMENT_2026-10-01_REPORTING_CLARIFICATION.md,2202,765de6de25371ba4518f02049cea50ecb31868c452263a38cc7e523ffb548ad6,October source/protocol/INTERACTION_AMENDMENT_2026-10-01_REPORTING_CLARIFICATION.md
model-fitting/current/age45_revision/protocol/SUPPLEMENTARY_AMENDMENT_2026-09-11.md,6538,ae8fa8caafc8f9bd850f0db2a8abae3de51b9675ec5ef330c58aad767207d89a,October source/protocol/SUPPLEMENTARY_AMENDMENT_2026-09-11.md
model-fitting/current/age45_revision/protocol/SUPPLEMENTARY_AMENDMENT_2026-09-11_ADDENDUM_B.md,8254,cf46f167c4fb557e3076ebabc345267b10f66ef302e1fa4c7f5783d82da57f7a,October source/protocol/SUPPLEMENTARY_AMENDMENT_2026-09-11_ADDENDUM_B.md
model-fitting/current/age45_revision/protocol/SUPPLEMENTARY_AMENDMENT_2026-09-11_ADDENDUM_C.md,3565,4f383ae6b07473f963ede41b14d8d381a9ece93ed37eab070c8b14bb42579473,October source/protocol/SUPPLEMENTARY_AMENDMENT_2026-09-11_ADDENDUM_C.md
model-fitting/current/age45_revision/protocol/SUPPLEMENTARY_AMENDMENT_2026-09-11_ADDENDUM_H.md,7758,0a7b4fd0fbf8f80f4855694071785887b734bbed91398c20d58fb28da8d97477,October source/protocol/SUPPLEMENTARY_AMENDMENT_2026-09-11_ADDENDUM_H.md
model-fitting/current/age45_revision/protocol/SUPPLEMENTARY_AMENDMENT_2026-09-11_ADDENDUM_I.md,2985,09e038705496bf346c47d2c7995047f56ca568718547994ed1abcd7f2df7a2e0,October source/protocol/SUPPLEMENTARY_AMENDMENT_2026-09-11_ADDENDUM_I.md
model-fitting/current/age45_revision/protocol/SUPPLEMENTARY_AMENDMENT_2026-09-11_ADDENDUM_J.md,6090,888cf98450cfe0622451bd4f9f7e5dd45893ca3183ebc6829bc7b82c7afa7309,October source/protocol/SUPPLEMENTARY_AMENDMENT_2026-09-11_ADDENDUM_J.md
model-fitting/current/age45_revision/protocol/SUPPLEMENTARY_AMENDMENT_2026-09-11_ADDENDUM_K.md,5005,2723559f73d7786b558fcb2c2f270244c552acfec67f0049f565dfbf73819764,October source/protocol/SUPPLEMENTARY_AMENDMENT_2026-09-11_ADDENDUM_K.md
model-fitting/current/age45_revision/protocol/natality_package/DESCRIPTION,1063,2cecc057f8a89a2a8e20766f28cbba2cbe258f058f688c99c1f7489576db1121,Frozen source archive/age45_revision/protocol/natality_package/DESCRIPTION
model-fitting/current/age45_revision/protocol/natality_package/LICENSE,44,45fbabbb0931389f4f84641930e794e8010176f16ae2f351398442bacbbfab87,Frozen source archive/age45_revision/protocol/natality_package/LICENSE
model-fitting/current/age45_revision/protocol/natality_package/NAMESPACE,299,a1537ee696dad6bb8703f51dc7a70cb970650fb4a0f8b57691b3bf5d5a988e9d,Frozen source archive/age45_revision/protocol/natality_package/NAMESPACE
model-fitting/current/age45_revision/protocol/natality_package/NEWS.md,2802,5bb0fb6e3ace38ace53d1fae61c693db3aa66496500ac3f5c4f806bc4915c26d,Frozen source archive/age45_revision/protocol/natality_package/NEWS.md
model-fitting/current/age45_revision/protocol/natality_package/R/cache.R,8567,69b6d0ece4057fc56f9c775819e87b2af0317b6db6a5a8feac0e91f3ea440159,Frozen source archive/age45_revision/protocol/natality_package/R/cache.R
model-fitting/current/age45_revision/protocol/natality_package/R/catalog.R,3688,a30fae1ae96b3e46c12e0ffb9a9094e21b828a1cad92ff3325d74404fb1957ed,Frozen source archive/age45_revision/protocol/natality_package/R/catalog.R
model-fitting/current/age45_revision/protocol/natality_package/R/codebook.R,6546,9cea00e51e0a42741e1bb1c834a1143321095ceb495e3109d9116d9d0989ca98,Frozen source archive/age45_revision/protocol/natality_package/R/codebook.R
model-fitting/current/age45_revision/protocol/natality_package/R/interpretation.R,695,a040d563ee4b1e7d830fdf6e5365173299f08874ca9956246647892683bf1103,Frozen source archive/age45_revision/protocol/natality_package/R/interpretation.R
model-fitting/current/age45_revision/protocol/natality_package/R/read.R,10974,0bdb6b33777c064031aac061af226e1cd051ec37a9ccd16f1e1c1a2c056495d8,Frozen source archive/age45_revision/protocol/natality_package/R/read.R
model-fitting/current/age45_revision/protocol/natality_package/R/utils.R,3690,e00428848b1822fcf09fc6ee1a236addd031cf036eeb2855a21d2479bd9f3d1d,Frozen source archive/age45_revision/protocol/natality_package/R/utils.R
model-fitting/current/age45_revision/protocol/natality_package/README.md,3482,647e6b4ba4e5aa9f6f7089065a13603fda3ca39258c0ed5414110bd28bfd68fe,Frozen source archive/age45_revision/protocol/natality_package/README.md
model-fitting/current/age45_revision/protocol/natality_package/data-raw/build_catalogs.R,2489,410c9b4de67a8fa242ccdfcc5860fdfe7b1918f269bdc0b79af665abece05258,Frozen source archive/age45_revision/protocol/natality_package/data-raw/build_catalogs.R
model-fitting/current/age45_revision/protocol/natality_package/inst/extdata/data-manifest.json,15778,9d6bda9159318f806c72ace1a8f18796f44a264aef0abf367af1156772f24fd4,Frozen source archive/age45_revision/protocol/natality_package/inst/extdata/data-manifest.json
model-fitting/current/age45_revision/protocol/natality_package/inst/extdata/source-layouts.json,2306600,61e0af85c34dab8e525afa3d04aa02ff8a97845372dfd4a3d77765b7412b4691,Frozen source archive/age45_revision/protocol/natality_package/inst/extdata/source-layouts.json
model-fitting/current/age45_revision/protocol/natality_package/inst/extdata/source-value-issues.json,1079,76e7414d93761bcaf76486ab7b7b71bb727ff813b86676a451613ff4f88654f0,Frozen source archive/age45_revision/protocol/natality_package/inst/extdata/source-value-issues.json
model-fitting/current/age45_revision/protocol/natality_package/inst/extdata/variable-history.json,2587014,5c800f945983035aaa02047bf41a8ea4409ea690dfe12dcd74282c423f790d9f,Frozen source archive/age45_revision/protocol/natality_package/inst/extdata/variable-history.json
model-fitting/current/age45_revision/protocol/natality_package/inst/extdata/variable-index.json,2707651,c8a0ad31e7ee261c501609bf4d7cfffde9119d06e92795b756de66ea21ed4a2d,Frozen source archive/age45_revision/protocol/natality_package/inst/extdata/variable-index.json
model-fitting/current/age45_revision/protocol/natality_package/man/natality-package.Rd,397,bf6ef98c234aa0a4b83f6217da57e563e13abb7f652b088f099e173ec379176b,Frozen source archive/age45_revision/protocol/natality_package/man/natality-package.Rd
model-fitting/current/age45_revision/protocol/natality_package/man/natality_cache.Rd,989,cd53cd3d89568ede025b96dd91e604d12b0ad19500e6146762feab042d98e755,Frozen source archive/age45_revision/protocol/natality_package/man/natality_cache.Rd
model-fitting/current/age45_revision/protocol/natality_package/man/natality_changes.Rd,675,57f00925ae09dafba85408b080c308c41cf100467134431d8321795791203330,Frozen source archive/age45_revision/protocol/natality_package/man/natality_changes.Rd
model-fitting/current/age45_revision/protocol/natality_package/man/natality_codebook.Rd,1097,4474e3dc91ae93d23345ef55e8e94b4e548f5552d356cb4a044c45202fc89122,Frozen source archive/age45_revision/protocol/natality_package/man/natality_codebook.Rd
model-fitting/current/age45_revision/protocol/natality_package/man/natality_vars.Rd,682,a2291c74ff1984e5fdf203cb082b45319350141c996fe173bfc3842524a804f0,Frozen source archive/age45_revision/protocol/natality_package/man/natality_vars.Rd
model-fitting/current/age45_revision/protocol/natality_package/man/natality_years.Rd,367,68b1e36d480fd10cf6d8cac386bb5fd6c45f5dd569a62b3960295d6edd44829b,Frozen source archive/age45_revision/protocol/natality_package/man/natality_years.Rd
model-fitting/current/age45_revision/protocol/natality_package/man/read_natality.Rd,2105,2b59f0326e46a709d4d1bc0718800313b51d9aeadce8db1aff63a8be17f9e9f3,Frozen source archive/age45_revision/protocol/natality_package/man/read_natality.Rd
model-fitting/current/age45_revision/protocol/natality_package/tests/testthat.R,60,062aecefd315f0482d0efa9eb97631f27386783d60faf6b05930d61ee1eb0c69,Frozen source archive/age45_revision/protocol/natality_package/tests/testthat.R
model-fitting/current/age45_revision/protocol/natality_package/tests/testthat/test-cache.R,7426,7f60b8905054d15441c79abf4d41af4b9177171ab6a78ffe98f9fa2fc0ffa5e3,Frozen source archive/age45_revision/protocol/natality_package/tests/testthat/test-cache.R
model-fitting/current/age45_revision/protocol/natality_package/tests/testthat/test-catalog.R,2139,bcc7793ae80c8da90f95d22f631c2205f0d4b4e6dc5af61f7aabf8da66023ced,Frozen source archive/age45_revision/protocol/natality_package/tests/testthat/test-catalog.R
model-fitting/current/age45_revision/protocol/natality_package/tests/testthat/test-interpretation.R,939,34bdc896f17e13afea7e01a2eaad808638d4aebe13d29fd93fa3c3771fd275d3,Frozen source archive/age45_revision/protocol/natality_package/tests/testthat/test-interpretation.R
model-fitting/current/age45_revision/protocol/natality_package/tests/testthat/test-read.R,4726,3af953d26a1862dcd4ef34e2fa303434eb6b559d7bd925fab35adbcc400bf801,Frozen source archive/age45_revision/protocol/natality_package/tests/testthat/test-read.R
model-fitting/current/age45_revision/protocol/previous_submission/Code/aggregate_inputs/crossover_labels.csv,1349,461a3ffc1bacf69b7cfeee357cd49899e8280c1000d2907d9f4248df5b621518,Frozen source archive/age45_revision/protocol/previous_submission/Code/aggregate_inputs/crossover_labels.csv
model-fitting/current/age45_revision/protocol/previous_submission/Code/aggregate_inputs/crossover_summary.csv,32391,ac6fe3417b6ceb35fde877c0f7f47090253c2599ae4999917b7f56280a0f0f5c,Frozen source archive/age45_revision/protocol/previous_submission/Code/aggregate_inputs/crossover_summary.csv
model-fitting/current/age45_revision/protocol/previous_submission/Code/aggregate_inputs/main_age_estimates.csv,95440,c6b1b38a07e25ce19ecf0ef1aa39ac25f7654fcc839932d6379a052c53faba0f,Frozen source archive/age45_revision/protocol/previous_submission/Code/aggregate_inputs/main_age_estimates.csv
model-fitting/current/age45_revision/protocol/previous_submission/Code/aggregate_inputs/main_overall.csv,1168,61bed1d90390a7066a2af64df0c5b2cc1f062152a1012469879aeae57338f975,Frozen source archive/age45_revision/protocol/previous_submission/Code/aggregate_inputs/main_overall.csv
model-fitting/current/age45_revision/protocol/previous_submission/Code/aggregate_inputs/root_reference.csv,9041,583a015e2c4f8a3acbf2e727be29b5f955466a54e33eaa886c86a27259e25971,Frozen source archive/age45_revision/protocol/previous_submission/Code/aggregate_inputs/root_reference.csv
model-fitting/current/age45_revision/scripts/01_package_natality.R,10407,bc838cea0f93f10aced814047583fe9bb5efae0e0507a05763936d94a0d25af4,Frozen source archive/age45_revision/scripts/01_package_natality.R
model-fitting/current/age45_revision/scripts/02_prepare_natality.R,4415,b1333fd2c6ac7e0dafbcdaefa45fbe5f99108764006e0aa48bb097646d79a7fa,Frozen source archive/age45_revision/scripts/02_prepare_natality.R
model-fitting/current/age45_revision/scripts/03_fit_natality.R,3290,814e4baca2edcbcedf18828031004fcfb3741e63ab4d57af0972d046d7a773f6,Frozen source archive/age45_revision/scripts/03_fit_natality.R
model-fitting/current/age45_revision/scripts/04_adjunct_sources.R,7036,247d1feb9b3602eaa7ccf18eaa290ea79f2f60cd1fd39586b85964efc5b4b84b,Frozen source archive/age45_revision/scripts/04_adjunct_sources.R
model-fitting/current/age45_revision/scripts/05_prepare_adjunct_models.R,5189,f9f6b5c44b56c49e94fda2c7b95d03aee0b60b289e5e4ebbf7b08774b8c73da1,Frozen source archive/age45_revision/scripts/05_prepare_adjunct_models.R
model-fitting/current/age45_revision/scripts/06_fit_adjunct_models.R,5855,fcf6d81e294b5d59f80ee263462ec4701039948f3c78aecd73c95de5ab43b56f,Frozen source archive/age45_revision/scripts/06_fit_adjunct_models.R
model-fitting/current/age45_revision/scripts/07_package_and_age_tests.R,3167,5e4031adc65c89640d77abdfda95f9a29d1f8a1ec3df5c4721d4ebe282862d15,Frozen source archive/age45_revision/scripts/07_package_and_age_tests.R
model-fitting/current/age45_revision/scripts/08_assemble_results.R,10695,06d94d14b4061cd2e875408855e3dc4a01a5c2af79b4d78b383fda70ca74206e,Frozen source archive/age45_revision/scripts/08_assemble_results.R
model-fitting/current/age45_revision/scripts/09_independent_numerical_validation.R,4634,f1088dfb1197233950ec32d391510bf7dc044be04aa6f1faf22503636cfc5bb6,Frozen source archive/age45_revision/scripts/09_independent_numerical_validation.R
model-fitting/current/age45_revision/scripts/10_descriptive_tables.R,3297,523e243c8face39e7975c2118fe9c333b1b63f67ae24854dc74911c44c406231,Frozen source archive/age45_revision/scripts/10_descriptive_tables.R
model-fitting/current/age45_revision/scripts/14_large_cohort_refits.R,6398,9ca257a57f76eefc56b8f2fa9d1034a830bb0d1f21aaa91c992906f13c70bdbc,Frozen source archive/age45_revision/scripts/14_large_cohort_refits.R
model-fitting/current/age45_revision/scripts/15_package_update_parity.R,2776,a9198b85787c310bd1e8a1500ae78c61d0023958d89ad25176c8818a33a520b6,Frozen source archive/age45_revision/scripts/15_package_update_parity.R
model-fitting/current/age45_revision/scripts/20_prepare_supplementary_inputs.R,6885,026092a4f9eb2eca3ff49eac32b4261560be078d15c7ddb4904b5d36a01b3d2f,October source/scripts/20_prepare_supplementary_inputs.R
model-fitting/current/age45_revision/scripts/21_fit_supplementary.R,18552,0bd53d26b0cddc9eb474de4749ba72c97404b35265326f5f82527d276f88b321,October source/scripts/21_fit_supplementary.R
model-fitting/current/age45_revision/scripts/24_assemble_supplementary.R,6113,82d62c23bee7b53d058fe6e8559ec6285ed0978c953c148a469fb61875adb1bd,October source/scripts/24_assemble_supplementary.R
model-fitting/current/age45_revision/scripts/32_table1_by_outcome.R,6298,5f4a218ce8899d7b04a83feb722511848f1df7bab2409a51e3b8443a484cc623,October source/scripts/32_table1_by_outcome.R
model-fitting/current/age45_revision/scripts/33_fit_joint_three_group.R,20644,36cecd6fc5ed5aeab50ce755e3688e511c782586656828d47a0397d38ec20934,October source/scripts/33_fit_joint_three_group.R
model-fitting/current/age45_revision/scripts/33b_derive_ss_vs_sn.R,14712,d9ba57fb665032dce882b67e2582250a7d77bd80493129ca407a6601f2673f21,October source/scripts/33b_derive_ss_vs_sn.R
model-fitting/current/age45_revision/scripts/34_summarize_joint_three_group.R,9655,31b96cfe4f1a723677e666ef2aa5305216eab62c615a0b2fe8fea5708942df37,October source/scripts/34_summarize_joint_three_group.R
model-fitting/current/age45_revision/scripts/36_diagnostic_within_s_no_dose.R,5663,09c3c6d664a28c6517ab2dadedde34def28771b13688ad4d8c8e791cdebf0d7a,October source/scripts/36_diagnostic_within_s_no_dose.R
model-fitting/current/age45_revision/scripts/38_fit_t1_only.R,10879,ad41151b8fe6d3deb7670b2cd293dd17d19505cf5b1421298a72eaa6a50a3047,October source/scripts/38_fit_t1_only.R
model-fitting/current/age45_revision/scripts/39_flip_reference.R,10366,b7d7397b550b2907c1047cc9a39d43e6e3188a31812ba8693957e627af075a67,October source/scripts/39_flip_reference.R
model-fitting/current/age45_revision/scripts/40_collect_interactions.R,6073,a1cc4b017593bf44e411cecbffe966c04a464a03d1e3c2649910dae341b99602,October source/scripts/40_collect_interactions.R
model-fitting/current/age45_revision/scripts/40_interaction_revision.R,19685,84eecd4ef73290c42639789b36b448462e4d3c04b117f1af1e95360e0c3e2d05,October source/scripts/40_interaction_revision.R
model-fitting/current/age45_revision/scripts/40_validate_interaction_release.R,5514,17cfccb7eeeaf12a538f8466bd1efa89ac18111508c447d46ae9f10a1a572cd7,October source/scripts/40_validate_interaction_release.R
model-fitting/current/config/download_manifest.csv,6111,b4ec4c5be7578473f11894b43cea3fc923058759565e5ff9a037d1d4f90a5d81,Frozen source archive/config/download_manifest.csv
model-fitting/current/config/fetal_schema.json,25588,12d3048857c5f60c824acdb3bd0460d9dd59f16b255231b22b1328d37b1d625a,Frozen source archive/config/fetal_schema.json
model-fitting/current/config/linked_cohort_schema.json,5648,c05bec84e6b089f6914fa571d655fd64ca8c74a8515eaf739ed787ac32595f03,Frozen source archive/config/linked_cohort_schema.json
model-fitting/current/config/natality_gh_benchmarks.csv,907,81c1bf3114a5e8e8a6a4bcda8fe31304febf31100f046108dbd620db0a8d355f,Frozen source archive/config/natality_gh_benchmarks.csv
model-fitting/current/config/natality_schema.csv,6041,3983890e8d4eed074316ef557597290196927490ddb70745aab3843ce2eaf182,Frozen source archive/config/natality_schema.csv
model-fitting/current/scripts/64_crossover_coverage_validation.R,8942,592a2dd328fd4175c6c0b042557133e16db7187fdc029931031f264bb52aba52,Frozen source archive/scripts/64_crossover_coverage_validation.R
model-fitting/current/tests/test_age_crossover.R,10689,010f518f260076d664e6b8996269ae7e052de35d98e28fdeb030e381188de2f5,Frozen source archive/tests/test_age_crossover.R
model-fitting/current/tests/test_crossover_coverage_validation.R,1697,441bf0abdc87e48c335b293184550f8b4e6e2a5d5d5c5ccb2055a5be1d3ccf82,Frozen source archive/tests/test_crossover_coverage_validation.R
model-fitting/current/tests/test_effect_reporting.R,1128,06038cd50e907c0ab19041a3e058e65fb6085e2a9634c06113b27ce4a0413fc8,Frozen source archive/tests/test_effect_reporting.R
model-fitting/current/tests/test_fetal_clinical_r.R,4318,38e04e52782559acdbf6742213b68e4bf250188c33dad98db92f27b96031ae12,Frozen source archive/tests/test_fetal_clinical_r.R
model-fitting/current/tests/test_linked_mortality_preparation.R,3664,f8fc22cc56d5c0c38d5b67506c03c48585909ea9d26569ecfd438903751406ff,Frozen source archive/tests/test_linked_mortality_preparation.R
model-fitting/current/tests/test_model_specification.R,14317,bba82b0a8a258bf282777119ab6f21f5de8b7063bd7b0c3ecdb31f83d4db7089,Frozen source archive/tests/test_model_specification.R
model-fitting/current/tests/test_natality_adapter.R,3545,7a334049d283e20e554d4ca4522cffa67747f5e70c8758a7d950dc9eb4d2c508,Frozen source archive/tests/test_natality_adapter.R
model-fitting/current/tests/test_overall_paired.R,2234,1a5c8c520625e040e0c0531344938c762dd47c87c32af7b3fab051d42f316f63,Frozen source archive/tests/test_overall_paired.R
model-fitting/current/tests/test_overall_standardization.R,1165,f4c6b1583ae6df497acfd1e41b27410bfa919df22d6d8ec72374d71b7f16c687,Frozen source archive/tests/test_overall_standardization.R
model-fitting/current/tests/test_standardization.R,7607,9aa32a83aac6a33b4381028ffe61b94277eb09c01557700c3dc996db5b28f214,Frozen source archive/tests/test_standardization.R
model-fitting/current/tests/test_streaming_standardization.R,12706,40c578dc805fdf4d851dd8026b4f3675d666c64819b08ccdc7215bcbdb019675,Frozen source archive/tests/test_streaming_standardization.R
publication/Code/aggregate_inputs/Crossover_estimates.csv,6732,d77857eb261b53f378677d9d5f2d183a1dba0fa53668815a5d1176fbdf303267,October package/Code/aggregate_inputs/Crossover_estimates.csv
publication/Code/aggregate_inputs/interaction_curves.csv,106827,6e7b77abbd404bef5e6024076f08d056a47f272f7c5c7179f14b59add9180f40,October package/Code/aggregate_inputs/interaction_curves.csv
publication/Code/aggregate_inputs/main_overall.csv,1118,b411990cca61f0182dc560e812dc63c38844f8912031b9c00db94dada0fdbca4,October package/Code/aggregate_inputs/main_overall.csv
publication/Code/aggregate_inputs/supplement_common_clinical_flow_by_year.csv,7259,4f74e5474ce78937c30a826af86aeaf2f56ed7e66397a7ef25c20e94c73444cd,October package/Code/aggregate_inputs/supplement_common_clinical_flow_by_year.csv
publication/Code/interaction_tests/INTERPRETATION_AND_MULTIPLICITY.txt,1355,ea847e60024e422b5036063f9dac299ffddbb226a39f22f8043e0998504d47a3,October package/Code/interaction_tests/INTERPRETATION_AND_MULTIPLICITY.txt
publication/Code/interaction_tests/global_interaction_tests.csv,617,01ac4e12799725e320b109ecc9624b45c8dcea71248a6d93cb73e0aee67380dc,October package/Code/interaction_tests/global_interaction_tests.csv
publication/Code/interaction_tests/interaction_tests.csv,2363,8f3a8c5ec00ded5f12d0867b6f108c6e800545e08942efb666e2ae4613c0e5de,October package/Code/interaction_tests/interaction_tests.csv
publication/Code/interaction_tests/joint/annual_input_manifest.csv,2601,1f13f4d709b1d9be879cdfcb99d7aaaa84d086aa2f45fb173181f3dd5bb569da,October package/Code/interaction_tests/joint/annual_input_manifest.csv
publication/Code/interaction_tests/joint/descriptive_categorical.csv,4959,87d8c2e5458175017112bd4463be238fa40a050aed8e6d011f65af996a23902a,October package/Code/interaction_tests/joint/descriptive_categorical.csv
publication/Code/interaction_tests/joint/descriptive_continuous.csv,404,52e46ecd350a081eec45fbe4a88448ea5dd6fb613ac2bc1416b0e6359a86facb,October package/Code/interaction_tests/joint/descriptive_continuous.csv
publication/Code/interaction_tests/joint/group_counts.csv,177,080fc27659e63c049e6d25a9b37efc75e0c7eb8f91851642c65d631c4d8ff77c,October package/Code/interaction_tests/joint/group_counts.csv
publication/Code/interaction_tests/joint/interaction_tests.csv,1199,008e3368579e12c66173c961c17b6118f4e37a995407d34e5b0ddcdda8e70ab4,October package/Code/interaction_tests/joint/interaction_tests.csv
publication/Code/interaction_tests/joint/missingness_by_year.csv,2908,ebfea69c1363a83dfc383cfa855cea243b3270cf3ae971e69575a4297d0444c4,October package/Code/interaction_tests/joint/missingness_by_year.csv
publication/Code/interaction_tests/joint/missingness_overall.csv,440,75d2c2918f8e9a90f513236f7bbc04428d059f162c3f1a28295146b223c8c719,October package/Code/interaction_tests/joint/missingness_overall.csv
publication/Code/interaction_tests/joint/model_specifications.txt,1500,d72e539e240b346e48b04f0d0f57098f111782e8be46e5533dc3a6ffb4481e83,October package/Code/interaction_tests/joint/model_specifications.txt
publication/Code/interaction_tests/joint/population_by_year.csv,541,1e98c4810df9b9dc80f009d5f2549d3f6ff282eb527f86923bfdb87b761ac43c,October package/Code/interaction_tests/joint/population_by_year.csv
publication/Code/interaction_tests/joint/population_overall.csv,127,5adebf552d567c50ae9d434c5451b138a136605088594b5602d18325cabc9312,October package/Code/interaction_tests/joint/population_overall.csv
publication/Code/interaction_tests/joint/receipt.json,14236,e92118e841ca6aef094858cd8910fdca6b8d821f332356424562dd1978b42f4f,October package/Code/interaction_tests/joint/receipt.json
publication/Code/interaction_tests/joint/reduced_fit_trace.csv,639,32bfca336639652a12ae79a3759cf008b6220187a413e65017d62ce9518e96dc,October package/Code/interaction_tests/joint/reduced_fit_trace.csv
publication/Code/interaction_tests/joint/run_command.txt,176,fdcedb921dac23946d3f2ec3fd489bcaaf4ff4b60ccf43ef7b06498d900b4b8b,October package/Code/interaction_tests/joint/run_command.txt
publication/Code/interaction_tests/joint/sessionInfo.txt,678,4d0b5c37dcec7b4056504ed7d2159bff9be4913e263dd8853a2c1043bc29a5c2,October package/Code/interaction_tests/joint/sessionInfo.txt
publication/Code/interaction_tests/joint/validation.csv,634,47825ce0888c165a400dd12c2d20db3f898817a7a85c1b934e61f7b5b610a651,October package/Code/interaction_tests/joint/validation.csv
publication/Code/interaction_tests/missingness_overall.csv,885,06178ba379a50b5ea53ab553eb6af2d2d267e837555b6d29d4d944709b0e4380,October package/Code/interaction_tests/missingness_overall.csv
publication/Code/interaction_tests/population_overall.csv,200,8c9a2650ec2d8082bac0075cb262fb9ff3cc4cf2c59e4a96cc69e6319bd887d6,October package/Code/interaction_tests/population_overall.csv
publication/Code/interaction_tests/prepregnancy/annual_input_manifest.csv,2385,e86f9d70e3b33e2df36431323b704255efde0bcb4af1338d6ceda05cdfcecb57,October package/Code/interaction_tests/prepregnancy/annual_input_manifest.csv
publication/Code/interaction_tests/prepregnancy/descriptive_categorical.csv,3284,9cff85a42e933ba732e98c40ca86e0c158411863d60042212697f9ca222fb213,October package/Code/interaction_tests/prepregnancy/descriptive_categorical.csv
publication/Code/interaction_tests/prepregnancy/descriptive_continuous.csv,278,9c149ac2dbbf71aba46a81e1134c6150be6d8588ed663430fb38532bcd85ccfb,October package/Code/interaction_tests/prepregnancy/descriptive_continuous.csv
publication/Code/interaction_tests/prepregnancy/group_counts.csv,135,1fab6b717ebd2e1bba4b4e7cfcd6cabd30e811c75761e08be8f79436c82be2a0,October package/Code/interaction_tests/prepregnancy/group_counts.csv
publication/Code/interaction_tests/prepregnancy/interaction_tests.csv,573,e1d70399426b24de20f42e40edd4c33c6a1aa1183a5488423c5c6bd54f2b7485,October package/Code/interaction_tests/prepregnancy/interaction_tests.csv
publication/Code/interaction_tests/prepregnancy/missingness_by_year.csv,3475,ae109e80fe57f812c2c4d70fb258ef01434af05fab44c4d214655ffb02ea637e,October package/Code/interaction_tests/prepregnancy/missingness_by_year.csv
publication/Code/interaction_tests/prepregnancy/missingness_overall.csv,502,4214dc9b3e29ba40769548509a733c58b4c8b681090a2e36e4793e9f1c8ff132,October package/Code/interaction_tests/prepregnancy/missingness_overall.csv
publication/Code/interaction_tests/prepregnancy/model_specifications.txt,1034,94d733722acb148ea7bdadd92114a06f6f6b75ac11dc91a4b59b1d8efa4e542b,October package/Code/interaction_tests/prepregnancy/model_specifications.txt
publication/Code/interaction_tests/prepregnancy/population_by_year.csv,604,a60a02824e39fd42b7fb6ebac525561f483ed8b2acd9bbaba172aa48bafabab8,October package/Code/interaction_tests/prepregnancy/population_by_year.csv
publication/Code/interaction_tests/prepregnancy/population_overall.csv,127,66b95fe56011a2310dc7252abdec9eb744aca4a4ba24be0592b3b28294bd72cb,October package/Code/interaction_tests/prepregnancy/population_overall.csv
publication/Code/interaction_tests/prepregnancy/receipt.json,14263,2b2d421bc7ee5eeeffe47f7850031ad6909121a01b6422449db2a5f9a44ae049,October package/Code/interaction_tests/prepregnancy/receipt.json
publication/Code/interaction_tests/prepregnancy/reduced_fit_trace.csv,639,effd1d4eab8dff779c4badefc4834a01e0aaa9b81862636fca6cafd777efbd11,October package/Code/interaction_tests/prepregnancy/reduced_fit_trace.csv
publication/Code/interaction_tests/prepregnancy/run_command.txt,183,79a66591b6d8e945e99a66a9d776b4356a98457bf444bc74bcab2756c715f439,October package/Code/interaction_tests/prepregnancy/run_command.txt
publication/Code/interaction_tests/prepregnancy/sessionInfo.txt,678,4d0b5c37dcec7b4056504ed7d2159bff9be4913e263dd8853a2c1043bc29a5c2,October package/Code/interaction_tests/prepregnancy/sessionInfo.txt
publication/Code/interaction_tests/prepregnancy/validation.csv,635,a97a16ce2832407fb7bdeacac3800d3a5d773b0daa991cc8653d01853e5197bb,October package/Code/interaction_tests/prepregnancy/validation.csv
publication/Code/interaction_tests/receipt.json,2545,b026ca3e85afe7a44a3b06171016374834d63afbc1e60fb8960b824d9f728f72,October package/Code/interaction_tests/receipt.json
publication/Code/interaction_tests/release_validation.json,982,10778be3ac0d7ae3ffd921ca28eea5c46bc9253a1567df79c0342ca3734a12f4,October package/Code/interaction_tests/release_validation.json
publication/Code/publication_code/render_figure1_graphical_abstract_joint.R,20957,6dbebab2814d7f76929b47298955f0eeb5ca77854f17b78745868461926183d3,October package/Code/publication_code/render_figure1_graphical_abstract_joint.R
publication/Code/publication_code/render_main_figures_joint.R,18511,f23d25ee21134780c0ac157e722b6e52a5e79eca09125dfa4afd107025609468,October package/Code/publication_code/render_main_figures_joint.R
publication/Code/publication_code/render_revised_additional_figures.R,3990,ed4175a31015e2363f750dc53d2162efb33ea51e6794d95b76afaf9b314c2f8b,October package/Code/publication_code/render_revised_additional_figures.R
publication/Code/publication_code/render_supplementary_fit_figures.R,7815,6c5fcdd1700c636200b33f49b079cdd0af31b1cefcc21ac9fb2943d2dd8cde0e,October package/Code/publication_code/render_supplementary_fit_figures.R
publication/Code/reproduce_figures.R,3490,416a69fb38c10f9044f92d95fc8e5d165e151ea8b5e139443a8f11f31b2f8edf,October aggregate figure driver
publication/Code/supplementary/aggregate_outputs/joint_three_group/HC0_three_group_curves.csv,5317,d72500f44f47fddbd3770cb262278211edef1927dce21d7c25c801c21d5555af,October package/Code/supplementary/aggregate_outputs/joint_three_group/HC0_three_group_curves.csv
publication/Code/supplementary/aggregate_outputs/joint_three_group/age_group_support.csv,2774,e3b420e33e710d6f072deb7723582a1c33882f7173932143afbbbf15bb8ef281,October package/Code/supplementary/aggregate_outputs/joint_three_group/age_group_support.csv
publication/Code/supplementary/aggregate_outputs/joint_three_group/receipt.json,16338,65eb04df19d73a085bef43fa9d2f12359f0b1e7535a7ee46d6c0cc7fe230ca59,October package/Code/supplementary/aggregate_outputs/joint_three_group/receipt.json
publication/Code/supplementary/aggregate_outputs/joint_three_group/summary_main_age_estimates.csv,160101,48b24c2639395453ad5d1121826086d6490c5117eace01c07f43d71d8c6bff09,October package/Code/supplementary/aggregate_outputs/joint_three_group/summary_main_age_estimates.csv
publication/Code/supplementary/aggregate_outputs/joint_three_group/summary_main_summary.csv,6054,bface18172b9bf96b7036a4d2b03de91385036660160e33f440762ccbd9af835,October package/Code/supplementary/aggregate_outputs/joint_three_group/summary_main_summary.csv
publication/Code/supplementary/aggregate_outputs/joint_three_group/summary_three_group_curves.csv,5317,d72500f44f47fddbd3770cb262278211edef1927dce21d7c25c801c21d5555af,October package/Code/supplementary/aggregate_outputs/joint_three_group/summary_three_group_curves.csv
publication/Code/supplementary/aggregate_outputs/main_models/prepregnancy_main_HC0_age_standardized.csv,15989,9447b2d0d2549ea29041b9331d2ef9509ac9a8a1c339f558cbb9f79e6811d60b,October package/Code/supplementary/aggregate_outputs/main_models/prepregnancy_main_HC0_age_standardized.csv
publication/Code/supplementary/aggregate_outputs/main_models/prepregnancy_main_age_arm_support.csv,1887,e3cb89e4b75f6f2973d188a71e1c9efd0fa1e5ad1bd844d6a70d6191971dd5f0,October package/Code/supplementary/aggregate_outputs/main_models/prepregnancy_main_age_arm_support.csv
publication/Code/supplementary/aggregate_outputs/main_models/prepregnancy_main_receipt.json,11569,6796461ffbf5406aa0379b87e19d5106d5b70cec821748500527a7f66781dcb8,October package/Code/supplementary/aggregate_outputs/main_models/prepregnancy_main_receipt.json
publication/Code/supplementary/aggregate_outputs/supp_age_estimates.csv,502423,1335973887e06b364bd0f31acc0a4b8e4efdc403d276725c62f3f2b66dd109c7,October package/Code/supplementary/aggregate_outputs/supp_age_estimates.csv
publication/Code/supplementary/aggregate_outputs/supp_roots.csv,5299,fa80ea265531151cca22410ba52fbcb0d23e609a9a3f19ff72896e30ac58a7e9,October package/Code/supplementary/aggregate_outputs/supp_roots.csv
publication/Code/supplementary/aggregate_outputs/supp_summary.csv,21006,ef19a6a977b49c21b2724f3fc5552dec082594e3a4e4fed656be69371ea86f95,October package/Code/supplementary/aggregate_outputs/supp_summary.csv
publication/Code/table_inputs/covariance/NN_vs_SS_HC0_overall_standardized.csv,622,5eb436bf97cf402d8fed1a8b139c1ac0af4826e052160cb659c48fbe18ebb041,October package/Code/table_inputs/covariance/NN_vs_SS_HC0_overall_standardized.csv
publication/Code/table_inputs/covariance/NN_vs_SS_model_overall_standardized.csv,621,58d1f5dbe02ce290aaebe67d48c094bdfe47bae25f818ed2daf1ac6bd1958860,October package/Code/table_inputs/covariance/NN_vs_SS_model_overall_standardized.csv
publication/Code/table_inputs/covariance/N_vs_S_HC0_overall_standardized.csv,618,d67ddd8af211df555d00567078aedf089496ab8246b1a104fc71d801b64d6534,October package/Code/table_inputs/covariance/N_vs_S_HC0_overall_standardized.csv
publication/Code/table_inputs/covariance/N_vs_S_model_overall_standardized.csv,612,1edd6b338b5823b6b6e8f91790a8949639ec8b114e74fa10f7f6ed706731d8b6,October package/Code/table_inputs/covariance/N_vs_S_model_overall_standardized.csv
publication/Code/table_inputs/covariance/SN_vs_SS_HC0_overall_standardized.csv,621,a5c8ef4598cf1188e76734f9200224c13e28d90b274a461257aa11a57b27b36b,October package/Code/table_inputs/covariance/SN_vs_SS_HC0_overall_standardized.csv
publication/Code/table_inputs/covariance/SN_vs_SS_model_overall_standardized.csv,625,e6b5050a9c89b7e67cd7fb58b4a0b42c217ad14cc74093412be095c828b2b689,October package/Code/table_inputs/covariance/SN_vs_SS_model_overall_standardized.csv
publication/Code/table_inputs/exposure_definitions.csv,9020,60be5b863ce0033039c1a816a1a6734782976a751db74e9f4fc7d044d74bafbe,Non-estimate exposure definitions
publication/Code/table_inputs/table1_by_outcome_long.csv,14096,3fba2c80562b899789baacde0fbdbd84ff47a18841579be357396931473646a6,Validated outcome-stratified descriptive aggregate
publication/reference_tables/Table_1.csv,3940,ee68b0034f6616d6b7746fb9b1e7dcd72e607096dec2224d9af716b725d216c6,October publication reference table
publication/reference_tables/Table_2.csv,644,8738b9dcf5f36a84ef2c9ef4d1a22617cccf2264572af05b8739c0c19801cac2,October publication reference table
publication/reference_tables/Table_3.csv,449,4ca9510ae7684e6c8f3afff6fa27b2c09973e617e91e3a1027a6ca3c64bbaaed,Approved October manuscript Table 3 revision
publication/reference_tables/Table_S1.csv,385,73bd2c3b8f0c7a7a6ef4dcc327a8f5f166b9592104c39515e1f359022598a79d,October publication reference table
publication/reference_tables/Table_S10.csv,1059,f647f0071257a576d0870721c604ea621673c2dd0bda6abe7fa7dbf2c20ce8be,October publication reference table
publication/reference_tables/Table_S11.csv,938,fa0b9a478b9c36eb8f3e4a8774cb4853cfa73476c142bf097b39de9a2a542983,October publication reference table
publication/reference_tables/Table_S12.csv,2388,8430a15989c35888e35ab1edb5c9d01a02c057bbc2ecf338e19c5bf65232c4a8,October publication reference table
publication/reference_tables/Table_S13.csv,1318,986603825f7c2157acc10a03d642f68f45e6460c5f3e23ea69ce499d3780b464,October publication reference table
publication/reference_tables/Table_S14.csv,2185,83e77d0b0f6b6c9875af57ab600f2e9d871a88c82807059455346f7693bce6bc,October publication reference table
publication/reference_tables/Table_S15.csv,9020,60be5b863ce0033039c1a816a1a6734782976a751db74e9f4fc7d044d74bafbe,October publication reference table
publication/reference_tables/Table_S16.csv,4371,800d68e6eb944cdcab84f377074f86069946612494a9275e01541f733bac0f06,October publication reference table
publication/reference_tables/Table_S17.csv,903,7a7d7b8da47f329965b9dcb056d21cbbc18110da8aa1095214fc5730c824c634,October publication reference table
publication/reference_tables/Table_S18.csv,1075,46624afeb11ceccdef7023afbf48054916c3a00bfb502ebaf6cdfb3eb33dd7b4,October publication reference table
publication/reference_tables/Table_S19.csv,567,200624ce8434364d37a1cfd64f057cff82fb607bd71d08395951f1855d0f3f69,October publication reference table
publication/reference_tables/Table_S2.csv,335,ae3b8264f84246ac807a78fe3c879b4fce0db3a85df98528559de23c5f6a09a1,October publication reference table
publication/reference_tables/Table_S3.csv,809,0e74b18cf252f94fd869c83658010d63325dfd9ec2102f78458102518a84905d,October publication reference table
publication/reference_tables/Table_S4a.csv,2476,08cc1f68afa899ab77a189b31535921911c447155634672a29cca0c362bdf528,October publication reference table
publication/reference_tables/Table_S4b.csv,2519,7c1abd394172d8265d1c4e69be72585ce5295614bbf2f836947b017026bfd2a9,October publication reference table
publication/reference_tables/Table_S4c.csv,2505,31e0a789dbc834fa61abd0c6f44e247789950856dd306fdcea9f2f8b48949855,October publication reference table
publication/reference_tables/Table_S4d.csv,2393,a958cf1f53706eff3d4cc0455715b3075fce9af3c8867a08189ae6f14b1fe4e4,October publication reference table
publication/reference_tables/Table_S4e.csv,2508,58e16916f991ec46e194222b56931b91421bb5ed2e82f436ae5f787c991786ff,October publication reference table
publication/reference_tables/Table_S5.csv,4899,5ef0e97454c067a76ec3d5b6fb10d2bd7b5e7774e2eb13fe13474a4005c68ef4,October publication reference table
publication/reference_tables/Table_S6a.csv,461,cd7551b84f86cc8ffbec60c430f041ddee818422b5bfb1ab4ee247f8731c4211,October publication reference table
publication/reference_tables/Table_S6b.csv,523,99ba9b05677db6e941f3b4220abaf6a9eba49e686081f64b07f86344cd4785d5,October publication reference table
publication/reference_tables/Table_S7.csv,365,519882394bbaf909217e3ff475767176ea5c32279ec1cae584ee56fc774fa5ee,October publication reference table
publication/reference_tables/Table_S8.csv,629,436e25ea440b6a3bdfcf26934d0f615a00f8e5192cb6ce51425ca869e61bb3f9,October publication reference table
publication/reference_tables/Table_S9.csv,819,8b45c36a763545b845b058e6511189e1242387d5625eb3985923ed62db28be4f,October publication reference table
results/descriptive/common_clinical_flow_by_year.csv,7114,09cd79e43c88494c703b09b0cdae898ddefa5d979b1d6daf31f4df23ec05a5aa,Retained sensitivity aggregate from ad8dfa02c1abb1ffb93478130dc6f33e1d11113e
results/main/crossover_labels.csv,1265,3f3491857581f7cee7113e4dcd949f1da9b0c45fe5ee81cf941f4316ebef27b0,Retained sensitivity aggregate from ad8dfa02c1abb1ffb93478130dc6f33e1d11113e
results/main/crossover_simulation_summary.csv,8505,5f79058086bbd5826de985cb32ca75f38dc24d40d277c690ffeff8dcb5021fe0,Retained sensitivity aggregate from ad8dfa02c1abb1ffb93478130dc6f33e1d11113e
results/main/crossover_summary.csv,31792,afcfaad3120872efd5623e0bd71eb46acc03394f3c92d9854d151e3162538f47,Retained sensitivity aggregate from ad8dfa02c1abb1ffb93478130dc6f33e1d11113e
results/main/interaction_age_all_models.csv,142843,a491df3cfd9a1d1ee311a03c22357eba80dcd6d904c8553b593fee302ff78e2a,Retained sensitivity aggregate from ad8dfa02c1abb1ffb93478130dc6f33e1d11113e
results/main/interaction_overall.csv,5475,ed3872a6dfc71e8620d4903909a7ccd771c5bf589b6b58dac0d0aa9bc4d9662f,Retained sensitivity aggregate from ad8dfa02c1abb1ffb93478130dc6f33e1d11113e
results/main/main_age_estimates.csv,100777,942b06b0df74bf6b146a88dd2a55b0809576bca81709727e439eac9fc575c9ac,Retained sensitivity aggregate from ad8dfa02c1abb1ffb93478130dc6f33e1d11113e
results/main/paired_GH_overall_differences.csv,3407,cb2f2383559fec07625d87662b4aceb8553bc690deec37c4903f274628de1e42,Retained sensitivity aggregate from ad8dfa02c1abb1ffb93478130dc6f33e1d11113e
results/main/root_reference.csv,8300,f907bbbac8e9c180384e4d649f1f69e468c8b7fcba3d0b7197a332b3c817bf43,Retained sensitivity aggregate from ad8dfa02c1abb1ffb93478130dc6f33e1d11113e
results/main/source_specific_endpoints.csv,81960,5ff8755f74395c03a84f0e8be7bf54318dd232190346868592a2f6936c4880df,Retained sensitivity aggregate from ad8dfa02c1abb1ffb93478130dc6f33e1d11113e
results/models/augmented_common_cc_HC0_overall_standardized.csv,620,0447d0f7ce405c604c11cc1415b8616d1274c3ce1532202d4590a6dfa8eca228,Retained sensitivity aggregate from ad8dfa02c1abb1ffb93478130dc6f33e1d11113e
results/models/augmented_common_cc_counts.csv,50,bc05e2db740ffdf69b972b3cbd1778ef36dc44625a652625660e29dd65c1b9cd,Retained sensitivity aggregate from ad8dfa02c1abb1ffb93478130dc6f33e1d11113e
results/models/core_available_cc_HC0_overall_standardized.csv,621,62f7f4ef334bea16fe2768910a2ff59715fce5323ee879e1fb0e3acbbd773825,Retained sensitivity aggregate from ad8dfa02c1abb1ffb93478130dc6f33e1d11113e
results/models/core_available_cc_counts.csv,50,f42fc28fc3da30d9247f23112cef92dfe8b9d03585e6bacae9ffef9483de6434,Retained sensitivity aggregate from ad8dfa02c1abb1ffb93478130dc6f33e1d11113e
results/models/core_common_cc_HC0_overall_standardized.csv,623,b7793ecb522c2153ef8bdf87f406b9f5d57e01a1cd7de8db9fc5b32e2128cf38,Retained sensitivity aggregate from ad8dfa02c1abb1ffb93478130dc6f33e1d11113e
results/models/core_common_cc_counts.csv,50,bc05e2db740ffdf69b972b3cbd1778ef36dc44625a652625660e29dd65c1b9cd,Retained sensitivity aggregate from ad8dfa02c1abb1ffb93478130dc6f33e1d11113e
results/models/main_2018_2024_cc_HC0_overall_standardized.csv,621,6f8a17abc00cdcaf2ad8fee9ca4e4421b0c7c1982d430a60acb2feea9de6d7bc,Retained sensitivity aggregate from ad8dfa02c1abb1ffb93478130dc6f33e1d11113e
results/models/main_2018_2024_cc_counts.csv,50,ad674d9057b425f8a6ea46e56c93b90774897ee09dbcdd2c0692e16b1e701fdf,Retained sensitivity aggregate from ad8dfa02c1abb1ffb93478130dc6f33e1d11113e
results/models/primary_main_HC0_overall_standardized.csv,621,497d37f711db2eb45e29bb750d3180f109ba02f5c4ae68db5fb46400374b6b16,Retained sensitivity aggregate from ad8dfa02c1abb1ffb93478130dc6f33e1d11113e
results/models/primary_main_counts.csv,50,bc05e2db740ffdf69b972b3cbd1778ef36dc44625a652625660e29dd65c1b9cd,Retained sensitivity aggregate from ad8dfa02c1abb1ffb93478130dc6f33e1d11113e
publication/table_metadata.csv,20758,1bcd5e16c87abd911c1704ff36daaf26f44422690d4f3c55b7a3a57f8e950d4e,Approved October publication metadata with Table 3 revision
